[
	{
		"id": "comfort_inc_low1",
		"intensity": "low",
		"interactions": [
			"m_c finds a bit of fluff that smells like r_c and adds it to {PRONOUN/m_c/poss} nest."
		]
	},
	{
		"id": "comfort_inc_low2",
		"intensity": "low",
		"interactions": [
			"m_c quickly apologizes after bumping into r_c. They have a small laugh about it.",
			"m_c has been spending time with r_c lately.",
			"m_c shares a joke about a neighboring Clan with r_c."
		],
		"reaction_random_cat": {
			"comfortable": "increase"
		}
	},
	{
		"id": "comfort_inc_low3",
		"intensity": "low",
		"interactions": [
			"m_c is asking r_c to check {PRONOUN/m_c/object} for ticks."
		],
		"main_status_constraint": [
			"elder"
		],
		"random_status_constraint": [
			"apprentice",
			"medicine apprentice",
			"mediator apprentice"
		]
	},
	{
		"id": "comfort_inc_med1",
		"interactions": [
			"m_c helps r_c pick burrs out of {PRONOUN/r_c/poss} fur."
		]
	},
	{
		"id": "comfort_inc_med2",
		"interactions": [
			"m_c has snuggled up against r_c.",
			"m_c chats with r_c about {PRONOUN/r_c/poss} day.",
			"m_c basks in the sun with r_c.",
			"m_c just told r_c a hilarious joke.",
			"m_c settles near r_c to eat {PRONOUN/m_c/poss} fresh-kill.",
			"m_c bumps heads with r_c reassuringly."
		],
		"reaction_random_cat": {
			"comfortable": "increase"
		}
	},
	{
		"id": "comfort_inc_med3",
		"interactions": [
			"m_c is sharing the latest gossip {PRONOUN/m_c/subject} heard over the border with r_c.",
			"m_c tells r_c {PRONOUN/m_c/subject}'ll save {PRONOUN/r_c/object} a piece of fresh-kill.",
			"m_c playfully teases r_c for missing a catch.",
			"m_c gives r_c some feathers from the bird {PRONOUN/m_c/subject} caught to line {PRONOUN/r_c/poss} nest."
		],
		"main_status_constraint": [
			"apprentice",
			"warrior",
			"deputy",
			"leader"
		],
		"random_status_constraint": [
			"apprentice",
			"warrior",
			"deputy",
			"leader"
		]
	},
	{
		"id": "comfort_inc_med4",
		"interactions": [
			"r_c is listening to m_c's woes.",
			"r_c is listening to m_c's troubles.",
			"r_c noticed m_c was struggling, and offered to help {PRONOUN/m_c/object}."
		],
		"random_trait_constraint": [
			"empathetic"
		]
	},
	{
		"id": "comfort_inc_med5",
		"interactions": [
			"r_c gave m_c {PRONOUN/m_c/poss} favorite piece of prey.",
			"r_c is being quite considerate with m_c.",
			"r_c took the time to help m_c work through a technique {PRONOUN/m_c/subject} {VERB/m_c/are/is} struggling with."
		],
		"random_trait_constraint": [
			"thoughtful"
		]
	},
	{
		"id": "comfort_inc_med6",
		"interactions": [
			"r_c curled around m_c to share warmth.",
			"r_c lets m_c have the last piece of fresh-kill.",
			"r_c is listening to m_c's problems.",
			"r_c gives m_c an item {PRONOUN/m_c/subject} may like."
		],
		"random_trait_constraint": [
			"compassionate"
		]
	},
	{
		"id": "comfort_inc_med7",
		"interactions": [
			"m_c is watching the shooting stars with r_c.",
			"m_c calmly explains hunting techniques to r_c again for the fourth time today."
		],
		"random_trait_constraint": [
			"patient"
		]
	},
	{
		"id": "comfortable_kit_inc_med1",
		"interactions": [
			"m_c wants to snuggle with r_c."
		],
		"main_status_constraint": [
			"kitten"
		]
	},
	{
		"id": "comfortable_kit_inc_med2",
		"interactions": [
			"m_c wants to snuggle with r_c.",
			"m_c is hiding under a bush from r_c, but {PRONOUN/m_c/subject} can't stop giggling."
		],
		"main_status_constraint": [
			"kitten"
		],
		"reaction_random_cat": {
			"platonic": "increase"
		}
	},
	{
		"id": "comfortable_kit_inc_med3",
		"interactions": [
			"m_c spent the whole day playing {PRONOUN/m_c/poss} favorite games with r_c.",
			"m_c had a friendly argument with r_c about which prey tastes the best.",
			"m_c takes a nap with r_c after a long day playing mossball."
		],
		"main_status_constraint": [
			"kitten"
		],
		"random_status_constraint": [
			"kitten"
		],
		"reaction_random_cat": {
			"platonic": "increase",
			"comfortable": "increase"
		},
		"also_influences": {
			"platonic": "increase"
		}
	},
	{
		"id": "comfortable_kit_odd1",
		"interactions": [
			"m_c chomps on r_c's ear.",
			"m_c won't stop copying everything r_c does.",
			"m_c is demanding r_c's attention."
		],
		"main_status_constraint": [
			"kitten"
		],
		"reaction_random_cat": {
			"dislike": "increase:",
			"comfortable": "decrease"
		}
	},
	{
		"id": "comfort_med_inc_medium1",
		"interactions": [
			"m_c thanks r_c for checking when {PRONOUN/r_c/subject} {VERB/r_c/ask/asks} if {PRONOUN/m_c/subject}{VERB/m_c/'re/'s} feeling alright.",
			"m_c drops into the medicine den to ask r_c if {PRONOUN/r_c/subject}{VERB/r_c/'ve/'s} eaten yet."
		],
		"random_status_constraint": [
			"medicine cat",
			"medicine cat apprentice"
		],
		"reaction_random_cat": {
			"comfortable": "increase",
			"trust": "increase"
		}
	},
	{
		"id": "comfort_inc_high1",
		"intensity": "high",
		"interactions": [
			"m_c appreciates how r_c always seems to ask how {PRONOUN/m_c/subject}{VERB/m_c/'re/'s} doing."
		]
	},
	{
		"id": "comfort_inc_high2",
		"intensity": "high",
		"interactions": [
			"m_c is sharing tongues with r_c.",
			"m_c offers to groom a hard-to-reach place for r_c, who thanks {PRONOUN/m_c/object} earnestly."
		],
		"reaction_random_cat": {
			"comfortable": "increase"
		}
	},
	{
		"id": "comfort_inc_high3",
		"intensity": "high",
		"interactions": [
			"m_c feels most like {PRONOUN/m_c/self} when {PRONOUN/m_c/subject}{VERB/m_c/'re/'s} around r_c.",
			"m_c could recognize r_c just by the sound of {PRONOUN/r_c/poss} paw steps."
		],
		"relationship_constraint": [
			"comfortable_30"
		]
	},
	{
		"id": "comfort_inc_high4",
		"intensity": "high",
		"interactions": [
			"m_c helps r_c work through something difficult that happened to {PRONOUN/r_c/object}.",
			"m_c comforts r_c after a nightmare."
		],
		"relationship_constraint": [
			"comfortable_30"
		],
		"reaction_random_cat": {
			"comfortable": "increase",
			"trust": "increase"
		}
	}
]