[
    {
        "patrol_id": "wtlnd_bord_soloneutral1",
        "biome": "wetlands",
        "season": "Any",
        "tags": [
            "border",
            "other_clan",
            "injury",
            "scar",
            "BRIDGE"
        ],
        "intro_text": "r_c heads out into the wetlands alone, wanting to make a quick check on the border.",
        "decline_text": "r_c turns back to camp, deciding that their other duties have to come first.",
        "chance_of_success": 30,
        "exp": 20,
        "success_text": {
            "unscathed_common": "A section of their border with o_c_n has flooded under some recent rains, wiping the territorial marks off the map. r_c remarks it, and heads home, a simple but necessary mission completed.",
            "unscathed_rare": "r_c comes across a o_c_n apprentice on the wrong side of the border, and holding prey. They see the young cat off with a furious yowl, and then bring the prey back to c_n camp to report the incident to the deputy.",
            "stat_skill": "s_c comes across a patrol from o_c_n, out on a similar mission to them, and turns to follow the same marking path as them. They strike up a friendly conversation, and while s_c doesn't give anything away about c_n, they're able to pick up on a lot of gossip about o_c_n through careful conversation.",
            "stat_trait": "As s_c marks the border, they encounter a o_c_n border patrol. It even includes a young apprentice, whose eyes go round and fur fluffs up at encountering a real c_n cat! s_c plays along, acting very impressed with the hard working apprentice, and the apprentice's mentor purrs gratefully."
        },
        "fail_text": {
            "unscathed_common": "r_c marks a little, but they reach a section where the border is muddled, and have to give up and go home.",
            "unscathed_stat": "s_c is marking along the territory line when they encounter a patrol from o_c_n, out on a similar mission. They stare at the other Clan's patrol challengingly, following their every move until the shared border ends, and though no words are exchanged it's very tense.",
            "injury": "r_c is having trouble focusing today, and puts a mark in the wrong place - and at the worst possible moment, because a o_c_n patrol sees them doing it! They come back to camp scratched up, and immediately apologize to the deputy for the diplomatic incident they've inadvertently caused."
        },
        "win_skills": [
            "SPEAKER,1"
        ],
        "win_trait": [
            "altruistic",
            "compassionate",
            "empathetic",
            "faithful",
            "loving",
            "patient",
            "responsible",
            "thoughtful",
            "wise"
        ],
        "fail_trait": [
            "ambitious",
            "bloodthirsty",
            "cold",
            "fierce",
            "shameless",
            "strict",
            "troublesome",
            "vengeful"
        ],
        "min_cats": 1,
        "max_cats": 1,
        "antagonize_text": null,
        "antagonize_fail_text": null,
        "history_text": {
            "scar": "m_c got injured patrolling on the border."
        }
    },
    {
        "patrol_id": "wtlnd_bord_soloneutral2",
        "biome": "wetlands",
        "season": "Any",
        "tags": [
            "border",
            "other_clan",
            "injury",
            "scar",
            "CHEEK",
            "deputy",
            "death"
        ],
        "intro_text": "r_c heads out into the wetlands alone, wanting to make a quick check on the border.",
        "decline_text": "r_c turns back to camp, deciding that their other duties have to come first.",
        "chance_of_success": 30,
        "exp": 20,
        "success_text": {
            "unscathed_common": "A section of their border with o_c_n has flooded under some recent rains, wiping the territorial marks off the map. r_c remarks it, and heads home, a simple but necessary mission completed.",
            "unscathed_rare": "r_c comes across a o_c_n apprentice on the wrong side of the border, and holding prey. Furious, they snarl their anger. The apprentice turns tail and flees, with r_c hot on their trail, and when the apprentice crosses the border to hide behind their mentor the o_c_n warrior's face goes slack with horror to see c_n's deputy.",
            "stat_skill": "s_c comes across a patrol from o_c_n, out on a similar mission to them. They strike up a friendly conversation, and while s_c doesn't give anything away about c_n, they're able to pick up on a lot of gossip about o_c_n through careful conversation. It's always worth keeping an eye on their neighbors.",
            "stat_trait": "As s_c marks the border, they encounter a o_c_n border patrol, which includes a young apprentice. Their eyes go round and they tuck their paws together neatly, sitting pretty for inspection. s_c plays along, acting very impressed with the hard working apprentice, and the apprentice's mentor purrs gratefully at the c_n deputy's kindness."
        },
        "fail_text": {
            "unscathed_common": "r_c marks a little, but they reach a section where the border is muddled, and have to give up and go home.",
            "unscathed_stat": "s_c is marking along the territory line when they encounter a patrol from o_c_n, out on a similar mission. They stare at the other Clan's patrol challengingly, following their every move until the shared border ends, and though no words are exchanged it's very tense.",
            "death": "r_c encounters a patrol from o_c_n on the border, and greets them politely, but there's something different here. Something dangerous. They don't return to camp.",
            "injury": "r_c is having trouble focusing today, and puts a mark in the wrong place - and at the worst possible moment, because a o_c_n patrol sees them doing it! The diplomatic incident spirals into a full blown conflict, and r_c hauls themselves back to camp wounded and bleeding."
        },
        "win_skills": [
            "SPEAKER,1"
        ],
        "win_trait": [
            "altruistic",
            "compassionate",
            "empathetic",
            "faithful",
            "loving",
            "patient",
            "responsible",
            "thoughtful",
            "wise"
        ],
        "fail_trait": [
            "ambitious",
            "bloodthirsty",
            "cold",
            "fierce",
            "shameless",
            "strict",
            "troublesome",
            "vengeful"
        ],
        "min_cats": 1,
        "max_cats": 1,
        "antagonize_text": null,
        "antagonize_fail_text": null,
        "history_text": {
            "scar": "m_c got injured patrolling on the border.",
            "reg_death": "m_c lost their life in an ambush on the border."
        }
    },
    {
        "patrol_id": "wtlnd_bord_soloneutral3",
        "biome": "wetlands",
        "season": "Any",
        "tags": [
            "border",
            "other_clan",
            "injury",
            "scar",
            "CHEEK",
            "leader",
            "death"
        ],
        "intro_text": "r_c heads out into the wetlands alone, wanting to make a quick check on the border.",
        "decline_text": "r_c turns back to camp, deciding that their other duties have to come first.",
        "chance_of_success": 30,
        "exp": 20,
        "success_text": {
            "unscathed_common": "A section of their border with o_c_n has flooded under some recent rains, wiping the territorial marks off the map. r_c remarks it, and heads home, a simple but necessary mission completed.",
            "unscathed_rare": "r_c comes across a o_c_n apprentice on the wrong side of the border, and holding prey. Furious, they snarl their anger. The apprentice turns tail and flees, with r_c hot on their trail, and when the apprentice crosses the border to hide behind their mentor the o_c_n warrior's tail tucks at the sight of c_n's outraged leader.",
            "stat_skill": "s_c comes across a patrol from o_c_n, out on a similar mission to them. They strike up a friendly conversation, and while s_c doesn't give anything away about c_n, they're able to pick up on a lot of gossip about o_c_n through careful conversation. It's always worth keeping an eye on their neighbors. Trust, but verify.",
            "stat_trait": "As s_c marks the border, they encounter a o_c_n border patrol, which includes a young apprentice. Their eyes go round and they hide behind their mentor, but s_c manages to coax them out, praising the little apprentice to their mentor, who purrs gratefully at the c_n leader's kindness."
        },
        "fail_text": {
            "unscathed_common": "r_c marks a little, but they reach a section where the border is muddled, and have to give up and go home.",
            "unscathed_stat": "s_c is marking along the territory line when they encounter a patrol from o_c_n, out on a similar mission. They stare at the other Clan's patrol challengingly, following their every move until the shared border ends, and though no words are exchanged it's very tense.",
            "death": "r_c encounters a patrol from o_c_n on the border, and greets them politely, but there's something different here. Something dangerous. They return to camp, blood soaked through their fur and a new hardness in their heart.",
            "injury": "r_c is having trouble focusing today, and puts a mark in the wrong place - and at the worst possible moment, because a o_c_n patrol sees them doing it! The diplomatic incident spirals into a full blown conflict, and r_c hauls themselves back to camp wounded and bleeding."
        },
        "win_skills": [
            "SPEAKER,1"
        ],
        "win_trait": [
            "altruistic",
            "compassionate",
            "empathetic",
            "faithful",
            "loving",
            "patient",
            "responsible",
            "thoughtful",
            "wise"
        ],
        "fail_trait": [
            "ambitious",
            "bloodthirsty",
            "cold",
            "fierce",
            "shameless",
            "strict",
            "troublesome",
            "vengeful"
        ],
        "min_cats": 1,
        "max_cats": 1,
        "antagonize_text": null,
        "antagonize_fail_text": null,
        "history_text": {
            "scar": "m_c got injured patrolling on the border.",
            "reg_death": "m_c lost a life in an ambush on the border."
        }
    },
    {
        "patrol_id": "wtlnd_bord_soloneutral4",
        "biome": "wetlands",
        "season": "Any",
        "tags": [
            "border",
            "other_clan",
            "injury",
            "scar",
            "CHEEK",
            "deputy"
        ],
        "intro_text": "r_c heads out into the wetlands alone, wanting to make a quick check on the border.",
        "decline_text": "r_c turns back to camp, deciding that their other duties have to come first.",
        "chance_of_success": 30,
        "exp": 20,
        "success_text": {
            "unscathed_common": "A section of their border with o_c_n has flooded under some recent rains, wiping the territorial marks off the map. r_c remarks it, and heads home, a simple but necessary mission completed.",
            "unscathed_rare": "r_c heads out to clarify a portion of the border that there's been confusion over recently, and encounters the deputy of o_c_n out doing the same thing. They commiserate over the incompetence of the apprentices on both sides that caused the issue, and walk away with a greater respect for one another.",
            "stat_skill": "s_c comes across a patrol from o_c_n, out on a similar mission to them and being led by their deputy. They strike up a friendly conversation, and eventually the o_c_n warriors drift away. The unexpected opportunity turns into the perfect chance to casually but purposefully keep each other informed on an ongoing problem in the forest.",
            "stat_trait": "As s_c marks the border, they encounter the o_c_n deputy out with their new apprentice. Their fellow deputy encourages their apprentice to quiz s_c, and s_c compliments them both on how the young cat's training is progressing."
        },
        "fail_text": {
            "unscathed_common": "r_c heads out to clarify a portion of the border that there's been confusion over recently, and encounters the deputy of o_c_n out doing the same thing. Both deputies find a point where they can't agree on the right border path, and have to return to camp and raise it with their leaders.",
            "injury": "r_c is having trouble focusing today, and puts a mark in the wrong place - and at the worst possible moment, because a o_c_n patrol sees them doing it! The diplomatic incident spirals into a full blown conflict, and r_c hauls themselves back to camp wounded and bleeding."
        },
        "win_skills": [
            "SPEAKER,1"
        ],
        "win_trait": [
            "altruistic",
            "compassionate",
            "empathetic",
            "faithful",
            "loving",
            "patient",
            "responsible",
            "thoughtful",
            "wise"
        ],
        "min_cats": 1,
        "max_cats": 1,
        "antagonize_text": null,
        "antagonize_fail_text": null,
        "history_text": {
            "scar": "m_c got injured patrolling on the border."
        }
    },
    {
        "patrol_id": "wtlnd_bord_soloneutral5",
        "biome": "wetlands",
        "season": "Any",
        "tags": [
            "border",
            "other_clan",
            "injury",
            "scar",
            "CHEEK",
            "leader"
        ],
        "intro_text": "r_c heads out into the wetlands alone, wanting to make a quick check on the border.",
        "decline_text": "r_c turns back to camp, deciding that their other duties have to come first.",
        "chance_of_success": 30,
        "exp": 20,
        "success_text": {
            "unscathed_common": "A section of their border with o_c_n has flooded under some recent rains, wiping the territorial marks off the map. r_c remarks it, and heads home, a simple but necessary mission completed.",
            "unscathed_rare": "r_c heads out to clarify a portion of the border that there's been confusion over recently, and encounters the leader of o_c_n out doing the same thing. They commiserate over the incompetence of the apprentices on both sides that caused the issue, and walk away with a greater respect for one another.",
            "stat_skill": "s_c comes across a patrol from o_c_n, out on a similar mission to s_c with their leader. They strike up a friendly conversation, and eventually the o_c_n warriors drift away. The unexpected opportunity turns into the perfect chance to casually but purposefully keep each other informed on an ongoing problem in the forest.",
            "stat_trait": "As s_c marks the border, they encounter the o_c_n leader out with their new apprentice. Their fellow leader encourages their apprentice to quiz s_c, and s_c compliments them both on how the young cat's training is progressing."
        },
        "fail_text": {
            "unscathed_common": "r_c heads out to clarify a portion of the border that there's been confusion over recently, and encounters the leader of o_c_n out doing the same thing. Both leaders find a point where they can't agree on the right border path, and agree to raise it next Gathering instead.",
            "injury": "r_c is having trouble focusing today, and puts a mark in the wrong place - and at the worst possible moment, because a o_c_n patrol sees them doing it! The diplomatic incident spirals into a full blown conflict, and r_c hauls themselves back to camp wounded and bleeding."
        },
        "win_skills": [
            "SPEAKER,1"
        ],
        "win_trait": [
            "altruistic",
            "compassionate",
            "empathetic",
            "faithful",
            "loving",
            "patient",
            "responsible",
            "thoughtful",
            "wise"
        ],
        "min_cats": 1,
        "max_cats": 1,
        "antagonize_text": null,
        "antagonize_fail_text": null,
        "history_text": {
            "scar": "m_c got injured patrolling on the border."
        }
    },
    {
        "patrol_id": "wtlnd_bord_soloally1",
        "biome": "wetlands",
        "season": "Any",
        "tags": [
            "border",
            "other_clan",
            "no_app"
        ],
        "intro_text": "r_c heads out into the wetlands alone, wanting to make a quick check on the border.",
        "decline_text": "r_c turns back to camp, deciding that their other duties have to come first.",
        "chance_of_success": 30,
        "exp": 20,
        "success_text": {
            "unscathed_common": "A section of their border with o_c_n has flooded under some recent rains, wiping the territorial marks off the map. r_c remarks it, and heads home, a simple but necessary mission completed.",
            "unscathed_rare": "r_c comes across a o_c_n apprentice on the wrong side of the border, and holding prey. They see the young cat off with a stern warning, and then bring the prey back to c_n camp to report the incident to the deputy.",
            "stat_skill": "s_c comes across a patrol from o_c_n, out on a similar mission to them, and turns to follow the same marking path as them, keen to catch up on what their ally has been up to.",
            "stat_trait": "As s_c marks the border, they encounter a o_c_n border patrol. It even includes a young apprentice, whose eyes go round and fur fluffs up at encountering a real c_n cat! s_c plays along, acting very impressed with the hard working apprentice, and the apprentice's mentor purrs gratefully."
        },
        "fail_text": {
            "unscathed_common": "r_c marks a little, but they reach a section where the border is muddled, and have to give up and go home.",
            "unscathed_stat": "r_c is having trouble focusing today, and puts a mark in the wrong place - and at the worst possible moment, because a o_c_n patrol sees them doing it! They immediately apologize to the o_c_n patrol for the diplomatic incident they've inadvertently caused."
        },
        "win_skills": [
            "SPEAKER,1"
        ],
        "win_trait": [
            "altruistic",
            "compassionate",
            "empathetic",
            "faithful",
            "loving",
            "patient",
            "responsible",
            "thoughtful",
            "wise"
        ],
        "fail_trait": [
            "ambitious",
            "bloodthirsty",
            "cold",
            "fierce",
            "shameless",
            "strict",
            "troublesome",
            "vengeful"
        ],
        "min_cats": 1,
        "max_cats": 1,
        "antagonize_text": null,
        "antagonize_fail_text": null
    },
    {
        "patrol_id": "wtlnd_bord_soloally2",
        "biome": "wetlands",
        "season": "Any",
        "tags": [
            "border",
            "other_clan",
            "injury",
            "scar",
            "BRIDGE",
            "deputy"
        ],
        "intro_text": "r_c heads out into the wetlands alone, wanting to make a quick check on the border.",
        "decline_text": "r_c turns back to camp, deciding that their other duties have to come first.",
        "chance_of_success": 30,
        "exp": 20,
        "success_text": {
            "unscathed_common": "A section of their border with o_c_n has flooded under some recent rains, wiping the territorial marks off the map. r_c remarks it, and heads home, a simple but necessary mission completed.",
            "unscathed_rare": "r_c comes across a o_c_n apprentice on the wrong side of the border, and holding prey. Unimpressed, r_c brings them back to their border as the apprentice tries to melt into the ground in shame, handing them back to a mentor whose face goes slack with horror to see c_n's deputy.",
            "stat_skill": "s_c comes across a patrol from o_c_n, out on a similar mission to them. They strike up a friendly conversation, keen to catch up on what their ally has been up to. They send the patrol off with several friendly messages to pass on from different c_n cats, and an update from c_n's leader.",
            "stat_trait": "As s_c marks the border, they encounter a o_c_n border patrol, which includes a young apprentice. Their eyes go round and they tuck their paws together neatly, sitting pretty for inspection. s_c plays along, acting very impressed with the hard working apprentice, and the apprentice's mentor purrs gratefully at the c_n deputy's kindness."
        },
        "fail_text": {
            "unscathed_common": "r_c marks a little, but they reach a section where the border is muddled, and have to give up and go home.",
            "unscathed_stat": "r_c is having trouble focusing today, and puts a mark in the wrong place - and at the worst possible moment, because a o_c_n patrol sees them doing it! The diplomatic incident spirals. Though both allies are able to keep it merely tense and not violent, there'll be consequences for this.",
            "injury": "r_c encounters a patrol from o_c_n on the border, and greets them politely, but there's something different here. Something dangerous. They return to camp, blood soaked through their fur and a new fear in their heart - is o_c_n still their ally?"
        },
        "win_skills": [
            "SPEAKER,1"
        ],
        "win_trait": [
            "altruistic",
            "compassionate",
            "empathetic",
            "faithful",
            "loving",
            "patient",
            "responsible",
            "thoughtful",
            "wise"
        ],
        "fail_trait": [
            "ambitious",
            "bloodthirsty",
            "cold",
            "fierce",
            "shameless",
            "strict",
            "troublesome",
            "vengeful"
        ],
        "min_cats": 1,
        "max_cats": 1,
        "antagonize_text": null,
        "antagonize_fail_text": null,
        "history_text": {
            "scar": "m_c got injured patrolling on the border."
        }
    },
    {
        "patrol_id": "wtlnd_bord_soloally3",
        "biome": "wetlands",
        "season": "Any",
        "tags": [
            "border",
            "other_clan",
            "injury",
            "scar",
            "THROAT",
            "leader"
        ],
        "intro_text": "r_c heads out into the wetlands alone, wanting to make a quick check on the border.",
        "decline_text": "r_c turns back to camp, deciding that their other duties have to come first.",
        "chance_of_success": 30,
        "exp": 20,
        "success_text": {
            "unscathed_common": "A section of their border with o_c_n has flooded under some recent rains, wiping the territorial marks off the map. r_c remarks it, and heads home, a simple but necessary mission completed.",
            "unscathed_rare": "r_c comes across a o_c_n apprentice on the wrong side of the border, and holding prey. Unimpressed, r_c brings them back to their border as the apprentice tries to melt into the ground in shame, handing them back to a mentor who tucks their tail and starts to apologize profusely.",
            "stat_skill": "s_c comes across a patrol from o_c_n, out on a similar mission to them. They strike up a friendly conversation, keen to catch up on what their ally has been up to. The cats leave with several messages to pass on from both sides, and a refreshed sense of goodwill and trust between them.",
            "stat_trait": "As s_c marks the border, they encounter a o_c_n border patrol, which includes a young apprentice. Their eyes go round and they hide behind their mentor, but s_c manages to coax them out, praising the little apprentice to their mentor, who purrs gratefully at the c_n leader's kindness."
        },
        "fail_text": {
            "unscathed_common": "r_c marks a little, but they reach a section where the border is muddled, and have to give up and go home.",
            "unscathed_stat": "r_c is having trouble focusing today, and puts a mark in the wrong place - and at the worst possible moment, because a o_c_n patrol sees them doing it! The diplomatic incident spirals. Though both allies are able to keep it merely tense and not violent, there'll be consequences for this.",
            "injury": "r_c encounters a patrol from o_c_n on the border, and greets them politely, but there's something different here. Something dangerous. They return to camp, blood soaked through their fur and a new fear in their heart - is o_c_n still their ally?"
        },
        "win_skills": [
            "SPEAKER,1"
        ],
        "win_trait": [
            "altruistic",
            "compassionate",
            "empathetic",
            "faithful",
            "loving",
            "patient",
            "responsible",
            "thoughtful",
            "wise"
        ],
        "fail_trait": [
            "ambitious",
            "bloodthirsty",
            "cold",
            "fierce",
            "shameless",
            "strict",
            "troublesome",
            "vengeful"
        ],
        "min_cats": 1,
        "max_cats": 1,
        "antagonize_text": null,
        "antagonize_fail_text": null,
        "history_text": {
            "scar": "m_c got injured patrolling on the border."
        }
    },
    {
        "patrol_id": "wtlnd_bord_soloally4",
        "biome": "wetlands",
        "season": "Any",
        "tags": [
            "border",
            "other_clan",
            "deputy"
        ],
        "intro_text": "r_c heads out into the wetlands alone, wanting to make a quick check on the border.",
        "decline_text": "r_c turns back to camp, deciding that their other duties have to come first.",
        "chance_of_success": 30,
        "exp": 20,
        "success_text": {
            "unscathed_common": "A section of their border with o_c_n has flooded under some recent rains, wiping the territorial marks off the map. r_c remarks it, and heads home, a simple but necessary mission completed.",
            "unscathed_rare": "r_c heads out to clarify a portion of the border that there's been confusion over recently, and encounters the deputy of o_c_n out doing the same thing. They commiserate and exchange news with each other, neither ally blaming the other for the innocent mistakes of apprentices.",
            "stat_skill": "s_c comes across a patrol from o_c_n, out on a similar mission to them and being led by their deputy. They strike up a friendly conversation, and eventually the o_c_n warriors drift away. The unexpected opportunity turns into a venting session, both deputies finally getting the chance to lift stress from their shoulders and talk to an equal.",
            "stat_trait": "As s_c marks the border, they encounter the o_c_n deputy out with their new apprentice. Their fellow deputy encourages their apprentice to quiz s_c, and s_c compliments them both on how the young cat's training is progressing."
        },
        "fail_text": {
            "unscathed_common": "r_c heads out to clarify a portion of the border that there's been confusion over recently, and encounters the deputy of o_c_n out doing the same thing. Both deputies find a point where they can't agree on the right border path, and have to return to camp and raise it with their leaders.",
            "unscathed_stat": "r_c is having trouble focusing today, and puts a mark in the wrong place - and at the worst possible moment, because a o_c_n patrol sees them doing it! The diplomatic incident spirals. Though both allies are able to keep it merely tense and not violent, there'll be consequences for this."
        },
        "win_skills": [
            "SPEAKER,1"
        ],
        "win_trait": [
            "altruistic",
            "compassionate",
            "empathetic",
            "faithful",
            "loving",
            "patient",
            "responsible",
            "thoughtful",
            "wise"
        ],
        "min_cats": 1,
        "max_cats": 1,
        "antagonize_text": null,
        "antagonize_fail_text": null
    },
    {
        "patrol_id": "wtlnd_bord_soloally5",
        "biome": "wetlands",
        "season": "Any",
        "tags": [
            "border",
            "other_clan",
            "leader"
        ],
        "intro_text": "r_c heads out into the wetlands alone, wanting to make a quick check on the border.",
        "decline_text": "r_c turns back to camp, deciding that their other duties have to come first.",
        "chance_of_success": 30,
        "exp": 20,
        "success_text": {
            "unscathed_common": "A section of their border with o_c_n has flooded under some recent rains, wiping the territorial marks off the map. r_c remarks it, and heads home, a simple but necessary mission completed.",
            "unscathed_rare": "r_c heads out to clarify a portion of the border that there's been confusion over recently, and encounters the leader of o_c_n out doing the same thing. They commiserate and exchange news with each other, neither ally blaming the other for the innocent mistakes of apprentices.",
            "stat_skill": "s_c comes across a patrol from o_c_n, out on a similar mission to s_c with their leader. They strike up a friendly conversation, and eventually the o_c_n warriors drift away. The unexpected opportunity turns into a venting session, both leaders finally getting the chance to lift stress from their shoulders and talk to an equal.",
            "stat_trait": "As s_c marks the border, they encounter the o_c_n leader out with their new apprentice. Their fellow leader encourages their apprentice to quiz s_c, and s_c compliments them both on how the young cat's training is progressing."
        },
        "fail_text": {
            "unscathed_common": "r_c heads out to clarify a portion of the border that there's been confusion over recently, and encounters the leader of o_c_n out doing the same thing. Both leaders find a point where they can't agree on the right border path, and agree to bring the subject up at next Gathering instead.",
            "unscathed_stat": "r_c is having trouble focusing today, and puts a mark in the wrong place - and at the worst possible moment, because a o_c_n patrol sees them doing it! The diplomatic incident spirals. Though both allies are able to keep it merely tense and not violent, there'll be consequences for this."
        },
        "win_skills": [
            "SPEAKER,1"
        ],
        "win_trait": [
            "altruistic",
            "compassionate",
            "empathetic",
            "faithful",
            "loving",
            "patient",
            "responsible",
            "thoughtful",
            "wise"
        ],
        "min_cats": 1,
        "max_cats": 1,
        "antagonize_text": null,
        "antagonize_fail_text": null
    },
    {
        "patrol_id": "wtlnd_bord_solohostile1",
        "biome": "wetlands",
        "season": "Any",
        "tags": [
            "border",
            "other_clan",
            "injury",
            "scar",
            "ONE",
            "no_app",
            "death"
        ],
        "intro_text": "r_c heads out into the wetlands alone, wanting to make a quick check on the border.",
        "decline_text": "r_c turns back to camp, deciding that their other duties have to come first.",
        "chance_of_success": 30,
        "exp": 20,
        "success_text": {
            "unscathed_common": "A section of their border with o_c_n has flooded under some recent rains, wiping the territorial marks off the map. r_c remarks it, and heads home, a simple but necessary mission completed.",
            "unscathed_rare": "r_c comes across a o_c_n apprentice on the wrong side of the border, and holding prey. The youngster is terrified, and loudly protests that they didn't know! r_c gives them the benefit of the doubt and brings them back to the frantic patrol looking for them on the other side of the border, who are formal, but genuinely, grateful.",
            "stat_skill": "s_c is marking along the territory line when they encounter a patrol from o_c_n, out on a similar mission. They stare at the other Clan's patrol challengingly, following their every move until the shared border ends. But by the standards of o_c_n - c_n relations, it's a peaceful encounter.",
            "stat_trait": "As s_c marks the border, they encounter a o_c_n border patrol. It even includes a young apprentice, who starts fluffing up and insulting them. s_c sternly growls back to the apprentice that border fights are no joke, and surprisingly their mentor joins s_c, both warriors teaching the youngster firmly but peacefully."
        },
        "fail_text": {
            "unscathed_common": "r_c comes across a o_c_n apprentice on the wrong side of the border, and holding prey. They see the young cat off with a furious swipe of their claws, and then bring the prey back to c_n camp to report the incident to the deputy.",
            "unscathed_stat": "s_c is marking along the territory line when they encounter a patrol from o_c_n, out on a similar mission. They stare at the other Clan's patrol challengingly, following their every move until the shared border ends, and the patrol is marred by muttered insults and hissed threats from both sides.",
            "injury": "r_c is having trouble focusing today, and puts a mark in the wrong place - and at the worst possible moment, because a o_c_n patrol sees them doing it! They come back to camp battered and scratched, and immediately apologize to the deputy for the diplomatic incident they've inadvertently caused.",
            "stat_death": "s_c finds a o_c_n patrol out marking the same border, and can't contain their hostility. Eventually the other patrol snaps, and s_c doesn't come back to camp. Their body is found along the border, and o_c_n boasts about it at the next Gathering.",
            "stat_injury": "s_c can't contain their hatred for o_c_n, not even meeting a patrol of theirs at the border as a lone cat. They come back to camp bleeding."
        },
        "win_skills": [
            "SPEAKER,1"
        ],
        "win_trait": [
            "altruistic",
            "compassionate",
            "empathetic",
            "faithful",
            "loving",
            "patient",
            "responsible",
            "thoughtful",
            "wise"
        ],
        "fail_trait": [
            "ambitious",
            "bloodthirsty",
            "cold",
            "fierce",
            "shameless",
            "strict",
            "troublesome",
            "vengeful"
        ],
        "min_cats": 1,
        "max_cats": 1,
        "antagonize_text": null,
        "antagonize_fail_text": null,
        "history_text": {
            "scar": "m_c got injured patrolling on the border.",
            "reg_death": "m_c was killed by a hostile Clan."
        }
    },
    {
        "patrol_id": "wtlnd_bord_solohostile2",
        "biome": "wetlands",
        "season": "Any",
        "tags": [
            "border",
            "other_clan",
            "injury",
            "scar",
            "SNOUT",
            "deputy",
            "death"
        ],
        "intro_text": "r_c heads out into the wetlands alone, wanting to make a quick check on the border.",
        "decline_text": "r_c turns back to camp, deciding that their other duties have to come first.",
        "chance_of_success": 30,
        "exp": 20,
        "success_text": {
            "unscathed_common": "A section of their border with o_c_n has flooded under some recent rains, wiping the territorial marks off the map. r_c remarks it, and heads home, a simple but necessary mission completed.",
            "unscathed_rare": "r_c comes across a o_c_n apprentice on the wrong side of the border, and holding prey. The youngster is terrified, and loudly protests that they didn't know! r_c gives them the benefit of the doubt and brings them back to the frantic patrol looking for them on the other side of the border, who bow their heads to c_n's deputy in gratitude.",
            "stat_skill": "s_c is marking along the territory line when they encounter a patrol from o_c_n, out on a similar mission. They stare at the other Clan's patrol challengingly, following their every move until the shared border ends. But by the standards of o_c_n - c_n relations, it's a peaceful encounter.",
            "stat_trait": "As s_c marks the border, they encounter a o_c_n border patrol. It even includes a young apprentice, who starts fluffing up and insulting them. s_c sternly growls back to the apprentice that border fights are no joke, and surprisingly their mentor joins s_c, both warrior and deputy teaching the youngster firmly but peacefully."
        },
        "fail_text": {
            "unscathed_common": "r_c comes across a o_c_n apprentice on the wrong side of the border, and holding prey. Furious, they snarl their anger. The apprentice turns tail and flees, with r_c hot on their trail, and when the apprentice crosses the border to hide behind their mentor the o_c_n warrior's face goes slack with horror to see c_n's deputy.",
            "unscathed_stat": "s_c is marking along the territory line when they encounter a patrol from o_c_n, out on a similar mission. They stare at the other Clan's patrol challengingly, following their every move until the shared border ends, and the patrol is marred by muttered insults and hissed threats from both sides.",
            "death": "r_c encounters a patrol from o_c_n on the border, and greets them coldly, but there's something different here. Something dangerous. They don't return to camp.",
            "injury": "r_c is having trouble focusing today, and puts a mark in the wrong place - and at the worst possible moment, because a o_c_n patrol sees them doing it! The diplomatic incident spirals into a full blown conflict, and r_c hauls themselves back to camp wounded and bleeding.",
            "stat_death": "s_c finds a o_c_n patrol out marking the same border, and can't contain their hostility. Eventually the other patrol snaps, and s_c doesn't come back to camp. Their body is found along the border, and o_c_n boasts about it at the next Gathering.",
            "stat_injury": "s_c can't contain their hatred for o_c_n, not even meeting a patrol of theirs at the border as a lone cat. They come back to camp bleeding."
        },
        "win_skills": [
            "SPEAKER,1"
        ],
        "win_trait": [
            "altruistic",
            "compassionate",
            "empathetic",
            "faithful",
            "loving",
            "patient",
            "responsible",
            "thoughtful",
            "wise"
        ],
        "fail_trait": [
            "ambitious",
            "bloodthirsty",
            "cold",
            "fierce",
            "shameless",
            "strict",
            "troublesome",
            "vengeful"
        ],
        "min_cats": 1,
        "max_cats": 1,
        "antagonize_text": null,
        "antagonize_fail_text": null,
        "history_text": {
            "scar": "m_c got injured patrolling on the border.",
            "reg_death": "m_c was killed by a hostile Clan."
        }
    },
    {
        "patrol_id": "wtlnd_bord_solohostile3",
        "biome": "wetlands",
        "season": "Any",
        "tags": [
            "border",
            "other_clan",
            "injury",
            "scar",
            "THROAT",
            "leader",
            "death"
        ],
        "intro_text": "r_c heads out into the wetlands alone, wanting to make a quick check on the border.",
        "decline_text": "r_c turns back to camp, deciding that their other duties have to come first.",
        "chance_of_success": 30,
        "exp": 20,
        "success_text": {
            "unscathed_common": "A section of their border with o_c_n has flooded under some recent rains, wiping the territorial marks off the map. r_c remarks it, and heads home, a simple but necessary mission completed.",
            "unscathed_rare": "r_c comes across a o_c_n apprentice on the wrong side of the border, and holding prey. The youngster is terrified, and loudly protests that they didn't know! r_c gives them the benefit of the doubt and brings them back to the frantic patrol looking for them on the other side of the border, who crouch to the ground and thank r_c profusely.",
            "stat_skill": "s_c is marking along the territory line when they encounter a patrol from o_c_n, out on a similar mission. They stare at the other Clan's patrol challengingly, following their every move until the shared border ends. But by the standards of o_c_n - c_n relations, it's a peaceful encounter.",
            "stat_trait": "As s_c marks the border, they encounter a o_c_n border patrol. It even includes a young apprentice, who starts fluffing up and insulting them. s_c sternly growls back to the apprentice that border fights are no joke, and surprisingly their mentor joins s_c, both warrior and leader teaching the youngster firmly but peacefully."
        },
        "fail_text": {
            "unscathed_common": "r_c comes across a o_c_n apprentice on the wrong side of the border, and holding prey. Furious, they snarl their anger. The apprentice turns tail and flees, with r_c hot on their trail, and when the apprentice crosses the border to hide behind their mentor the o_c_n warrior's face goes slack with horror to see c_n's leader.",
            "unscathed_stat": "s_c is marking along the territory line when they encounter a patrol from o_c_n, out on a similar mission. They stare at the other Clan's patrol challengingly, following their every move until the shared border ends, and the patrol is marred by muttered insults and hissed threats from both sides.",
            "death": "r_c encounters a patrol from o_c_n on the border, and greets them politely, but there's something different here. Something dangerous. They return to camp, blood soaked through their fur and a new hardness in their heart.",
            "injury": "r_c is having trouble focusing today, and puts a mark in the wrong place - and at the worst possible moment, because a o_c_n patrol sees them doing it! The diplomatic incident spirals into a full blown conflict, and r_c hauls themselves back to camp wounded and bleeding.",
            "stat_death": "s_c finds a o_c_n patrol out marking the same border, and can't contain their hostility. Eventually the other patrol snaps, and s_c loses a life in a vicious fight. o_c_n boasts about it at the next Gathering.",
            "stat_injury": "s_c can't contain their hatred for o_c_n, not even meeting a patrol of theirs at the border as a lone cat. They come back to camp bleeding."
        },
        "win_skills": [
            "SPEAKER,1"
        ],
        "win_trait": [
            "altruistic",
            "compassionate",
            "empathetic",
            "faithful",
            "loving",
            "patient",
            "responsible",
            "thoughtful",
            "wise"
        ],
        "fail_trait": [
            "ambitious",
            "bloodthirsty",
            "cold",
            "fierce",
            "shameless",
            "strict",
            "troublesome",
            "vengeful"
        ],
        "min_cats": 1,
        "max_cats": 1,
        "antagonize_text": null,
        "antagonize_fail_text": null,
        "history_text": {
            "scar": "m_c got injured patrolling on the border.",
            "reg_death": "m_c lost a life against a hostile Clan."
        }
    },
    {
        "patrol_id": "wtlnd_bord_solohostile4",
        "biome": "wetlands",
        "season": "Any",
        "tags": [
            "border",
            "other_clan",
            "injury",
            "scar",
            "CHEEK",
            "deputy",
            "death"
        ],
        "intro_text": "r_c heads out into the wetlands alone, wanting to make a quick check on the border.",
        "decline_text": "r_c turns back to camp, deciding that their other duties have to come first.",
        "chance_of_success": 30,
        "exp": 20,
        "success_text": {
            "unscathed_common": "A section of their border with o_c_n has flooded under some recent rains, wiping the territorial marks off the map. r_c remarks it, and heads home, a simple but necessary mission completed.",
            "unscathed_rare": "r_c heads out to clarify a portion of the border that there's been confusion over recently, and encounters the deputy of o_c_n out doing the same thing. They're carefully frosty with each other, but manage to work together to find a solution. Maybe o_c_n isn't as bad as r_c thought.",
            "stat_skill": "s_c comes across a patrol from o_c_n, out on a similar mission to them and being led by their deputy. One of the patrol yowls an insult, and s_c squares up, coldly sneering at the warrior that thinks they can take them. The other deputy calls their warrior back, begrudgingly impressed.",
            "stat_trait": "As s_c marks the border, they encounter the o_c_n deputy out with their new apprentice. s_c passes on a message from c_n's leader, and politely wishes the young apprentice well. The other deputy is begrudgingly impressed."
        },
        "fail_text": {
            "unscathed_common": "r_c heads out to clarify a portion of the border that there's been confusion over recently, and encounters the deputy of o_c_n out doing the same thing. Both deputies find a point where they can't agree on the right border path, and it nearly comes to a fight.",
            "injury": "r_c heads out to clarify a portion of the border that there's been confusion over recently, and encounters the deputy of o_c_n out doing the same thing. Both deputies find a point where they can't agree on the right border path, and it ends in a hissing fight.",
            "stat_death": "s_c finds a o_c_n patrol out marking the same border, and can't contain their hostility. Eventually the other patrol snaps, and s_c doesn't come back to camp. Their body is found along the border, and o_c_n boasts about it at the next Gathering.",
            "stat_injury": "s_c can't contain their hatred for o_c_n, not even meeting a patrol of theirs at the border as a lone cat. They come back to camp bleeding."
        },
        "win_skills": [
            "SPEAKER,1"
        ],
        "win_trait": [
            "altruistic",
            "compassionate",
            "empathetic",
            "faithful",
            "loving",
            "patient",
            "responsible",
            "thoughtful",
            "wise"
        ],
        "min_cats": 1,
        "max_cats": 1,
        "antagonize_text": null,
        "antagonize_fail_text": null,
        "history_text": {
            "scar": "m_c got injured patrolling on the border.",
            "reg_death": "m_c was killed by a hostile Clan."
        }
    },
    {
        "patrol_id": "wtlnd_bord_solohostile5",
        "biome": "wetlands",
        "season": "Any",
        "tags": [
            "border",
            "other_clan",
            "injury",
            "scar",
            "SNOUT",
            "leader",
            "death"
        ],
        "intro_text": "r_c heads out into the wetlands alone, wanting to make a quick check on the border.",
        "decline_text": "r_c turns back to camp, deciding that their other duties have to come first.",
        "chance_of_success": 30,
        "exp": 20,
        "success_text": {
            "unscathed_common": "A section of their border with o_c_n has flooded under some recent rains, wiping the territorial marks off the map. r_c remarks it, and heads home, a simple but necessary mission completed.",
            "unscathed_rare": "r_c heads out to clarify a portion of the border that there's been confusion over recently, and encounters the leader of o_c_n out doing the same thing. They're carefully frosty with each other, but manage to work together to find a solution. Maybe o_c_n isn't as bad as r_c thought.",
            "stat_skill": "s_c comes across a patrol from o_c_n, out on a similar mission to them and being led by their Clan leader. One of the patrol yowls an insult, and s_c squares up, coldly sneering at the warrior that thinks they can take them. The other leader calls their warrior back, begrudgingly impressed.",
            "stat_trait": "As s_c marks the border, they encounter the o_c_n leader out with their new apprentice. s_c passes on some important information affecting both their Clans, and politely wishes the young apprentice well. The other leader is begrudgingly impressed."
        },
        "fail_text": {
            "unscathed_common": "r_c heads out to clarify a portion of the border that there's been confusion over recently, and encounters the leader of o_c_n out doing the same thing. Both leaders find a point where they can't agree on the right border path, and storm off in a huff.",
            "injury": "r_c heads out to clarify a portion of the border that there's been confusion over recently, and encounters the leader of o_c_n out doing the same thing. Both leaders find a point where they can't agree on the right border path, and it descends into a proper fight, claws out between them.",
            "stat_death": "s_c finds a o_c_n patrol out marking the same border, and can't contain their hostility. Eventually the other patrol snaps, and s_c loses a life in a vicious fight. o_c_n boasts about it at the next Gathering.",
            "stat_injury": "s_c can't contain their hatred for o_c_n, not even meeting a patrol of theirs at the border as a lone cat. They come back to camp bleeding."
        },
        "win_skills": [
            "SPEAKER,1"
        ],
        "win_trait": [
            "altruistic",
            "compassionate",
            "empathetic",
            "faithful",
            "loving",
            "patient",
            "responsible",
            "thoughtful",
            "wise"
        ],
        "min_cats": 1,
        "max_cats": 1,
        "antagonize_text": null,
        "antagonize_fail_text": null,
        "history_text": {
            "scar": "m_c got injured patrolling on the border.",
            "reg_death": "m_c was killed by a hostile Clan."
        }
    },
    {
        "patrol_id": "wtlnd_bord_abandontwoleg1",
        "biome": "wetlands",
        "season": "Any",
        "tags": [
            "fighting",
            "border",
            "new_cat",
            "disaster"
        ],
        "intro_text": "Your patrol hears some odd noises coming from an abandoned Twoleg nest out in the swamp.",
        "decline_text": "Your patrol decides not to investigate.",
        "chance_of_success": 40,
        "exp": 30,
        "success_text": {
            "unscathed_common": "It's just an odd loner singing to themself. The patrol greets them, and as the loner isn't inside c_n territory, it's a polite interaction without any hostility.",
            "unscathed_rare": "It's just an odd loner singing to themself. When they see the patrol they invite them to sing too, but instead, p_l offers the somewhat battered looking and strange cat an introduction to c_n. It's got to be far less lonely than their current life.",
            "stat_skill": "Your patrol walks into an ambush by a group of rogues. It's only by the grace of StarClan that s_c is there, fighting with the ferocity of LionClan, the strength of TigerClan, and the flexibility of LeopardClan. Shaken, but no more than bruised, the patrol manages to retreat to safety.",
            "stat_trait": "s_c signals for the patrol to stop. Carefully, quietly, they explain their concerns about the unknown situation. And maybe they're being too cautious - but then p_l picks up on the scent of strange cats around the Twoleg den. Forewarned, the patrol retreats to safety."
        },
        "fail_text": {
            "death": "Your patrol walks into an ambush by a group of rogues and everyone is slaughtered."
        },
        "win_skills": [
            "FIGHTER,3"
        ],
        "win_trait": [
            "careful",
            "insecure",
            "nervous"
        ],
        "min_cats": 2,
        "max_cats": 6,
        "antagonize_text": null,
        "antagonize_fail_text": null,
        "history_text": {
            "reg_death": "This cat died from being ambushed by rogues."
        }
    },
    {
        "patrol_id": "wtlnd_bord_abandontwoleg2",
        "biome": "wetlands",
        "season": "Any",
        "tags": [
            "fighting",
            "border",
            "new_cat",
            "disaster"
        ],
        "intro_text": "r_c hears some odd noises coming from an abandoned Twoleg nest out in the swamp.",
        "decline_text": "Your patrol decides not to investigate.",
        "chance_of_success": 10,
        "exp": 30,
        "success_text": {
            "unscathed_common": "It's just an odd loner singing to themself. r_c greets them, and as the loner isn't inside c_n territory, it's a polite interaction without any hostility.",
            "unscathed_rare": "It's just an odd loner singing to themself. When they see r_c, they invite {PRONOUN/r_c/object} to sing too, but instead, r_c offers the somewhat battered looking and strange cat an introduction to c_n. It's got to be far less lonely than their current life.",
            "stat_skill": "s_c walks into an ambush by a group of rogues. It's only by the grace of StarClan that s_c has the fighting skill and confidence to escape, running for their life.",
            "stat_trait": "s_c has a bad feeling about this. And maybe they're being too cautious - but then they pick up on the scent of strange cats around the Twoleg den. Forewarned, s_c retreats to safety."
        },
        "fail_text": {
            "death": "Your patrol walks into an ambush by a group of rogues and everyone is slaughtered."
        },
        "win_skills": [
            "FIGHTER,3"
        ],
        "win_trait": [
            "careful",
            "insecure",
            "nervous"
        ],
        "min_cats": 1,
        "max_cats": 1,
        "antagonize_text": null,
        "antagonize_fail_text": null,
        "history_text": {
            "reg_death": "This cat died from being ambushed by rogues while on a solo patrol."
        }
    },
    {
        "patrol_id": "wtlnd_bord_flashflood1",
        "biome": "wetlands",
        "season": "Any",
        "tags": [
            "border",
            "multi_deaths",
            "injury",
            "respect",
            "trust"
        ],
        "intro_text": "There are dark clouds on the horizon and p_l wonders if they should continue.",
        "decline_text": "Your patrol decides to head back early.",
        "chance_of_success": 40,
        "exp": 20,
        "success_text": {
            "unscathed_common": "While it's pretty gray up there, the promised rain never comes.",
            "unscathed_rare": "The cats become wet from the rain but otherwise the patrol is successful.",
            "stat_skill": "s_c makes a careful judgment, and the patrol keeps going. They stick to solid ground, sometimes routing themselves through the trees as the rain begins to pour around them.",
            "stat_trait": "It's not worth the risk - s_c convinces the patrol to head for home."
        },
        "fail_text": {
            "death": "There is a downpour and a sudden flood from the overflowing river in the swamp sweeps all of the cats in the patrol away. Some manage to ride the waves, paddling for their lives, but many are lost forever."
        },
        "win_skills": [
            "CLEVER,2"
        ],
        "win_trait": [
            "careful",
            "insecure",
            "nervous"
        ],
        "min_cats": 2,
        "max_cats": 6,
        "antagonize_text": null,
        "antagonize_fail_text": null,
        "history_text": {
            "reg_death": "This cat was drowned by floodwaters."
        }
    },
    {
        "patrol_id": "wtlnd_bord_flashflood2",
        "biome": "wetlands",
        "season": "Any",
        "tags": [
            "border",
            "death",
            "injury",
            "respect",
            "trust"
        ],
        "intro_text": "There are dark clouds on the horizon and p_l wonders if they should continue.",
        "decline_text": "Your patrol decides to head back early.",
        "chance_of_success": 40,
        "exp": 20,
        "success_text": {
            "unscathed_common": "While it's pretty gray up there, the promised rain never comes.",
            "unscathed_rare": "The cats become wet from the rain but otherwise the patrol is successful.",
            "stat_skill": "s_c makes a careful judgment, and the patrol keeps going. They stick to solid ground, sometimes routing themselves through the trees as the rain begins to pour around them.",
            "stat_trait": "It's not worth the risk - s_c convinces the patrol to head for home."
        },
        "fail_text": {
            "death": "There is a downpour and a sudden flood from the overflowing river in the swamp sweeps all of the cats in the patrol away. p_l yowls out a warning, and most of the patrol are able to react quickly, striking out strongly for passing pieces of driftwood, but r_c doesn't make it, sinking beneath the water."
        },
        "win_skills": [
            "CLEVER,2"
        ],
        "win_trait": [
            "careful",
            "insecure",
            "nervous"
        ],
        "min_cats": 2,
        "max_cats": 6,
        "antagonize_text": null,
        "antagonize_fail_text": null,
        "history_text": {
            "reg_death": "m_c was drowned by floodwaters."
        }
    },
    {
        "patrol_id": "wtlnd_bord_flashflood3",
        "biome": "wetlands",
        "season": "Any",
        "tags": [
            "border",
            "death",
            "injury"
        ],
        "intro_text": "There are dark clouds on the horizon and r_c wonders if they should continue.",
        "decline_text": "Your patrol decides to head back early.",
        "chance_of_success": 40,
        "exp": 20,
        "success_text": {
            "unscathed_common": "While it's pretty gray up there, the promised rain never comes.",
            "unscathed_rare": "r_c becomes wet from the rain but otherwise the patrol is successful.",
            "stat_skill": "s_c makes a careful judgment, and keeps going. They stick to solid ground, sometimes routing themselves through the trees as the rain begins to pour around them.",
            "stat_trait": "It's not worth the risk - s_c heads for home."
        },
        "fail_text": {
            "death": "There is a downpour and a sudden flood from the overflowing river in the swamp sweeps r_c away.",
            "injury": "There is a downpour and a sudden flood from the overflowing river in the swamp sweeps r_c away. Somehow, gasping for air and paddling desperately, r_c is able to remember enough of their training to keep an eye out for driftwood, and sinks their claws into the first piece that's swept past them. It saves their life."
        },
        "win_skills": [
            "CLEVER,2"
        ],
        "win_trait": [
            "careful",
            "insecure",
            "nervous"
        ],
        "min_cats": 1,
        "max_cats": 1,
        "antagonize_text": null,
        "antagonize_fail_text": null,
        "history_text": {
            "reg_death": "m_c was drowned by floodwaters."
        }
    },
    {
        "patrol_id": "wtlnd_bord_flashflood4",
        "biome": "wetlands",
        "season": "Any",
        "tags": [
            "border",
            "injury"
        ],
        "intro_text": "There are dark clouds on the horizon and r_c wonders if they should continue.",
        "decline_text": "Your patrol decides to head back early.",
        "chance_of_success": 40,
        "exp": 20,
        "success_text": {
            "unscathed_common": "While it's pretty gray up there, the promised rain never comes.",
            "unscathed_rare": "r_c becomes wet from the rain but otherwise the patrol is successful.",
            "stat_skill": "s_c makes a careful judgment, and keeps going. They stick to solid ground, sometimes routing themselves through the trees as the rain begins to pour around them.",
            "stat_trait": "It's not worth the risk - s_c heads for home."
        },
        "fail_text": {
            "injury": "There is a downpour and a sudden flood from the overflowing river in the swamp sweeps r_c away. With the little warning they have, they spot a branch being carried by the water, and strike out strongly for it. Exhausted and shivering, they nevertheless cling to safety as the floodwaters run their course."
        },
        "win_skills": [
            "CLEVER,2"
        ],
        "win_trait": [
            "careful",
            "insecure",
            "nervous"
        ],
        "min_cats": 1,
        "max_cats": 1,
        "antagonize_text": null,
        "antagonize_fail_text": null,
        "history_text": {
            "reg_death": "m_c was drowned by floodwaters."
        }
    },
    {
        "patrol_id": "wtlnd_bord_flashflood5",
        "biome": "wetlands",
        "season": "leaf-bare",
        "tags": [
            "border",
            "death",
            "large_prey"
        ],
        "intro_text": "As r_c crosses a muddy bog, shivering with the cold, there's a creaking, rushing sound, like a wave - but the swamp shouldn't have any waves.",
        "decline_text": "r_c decides to head back early.",
        "chance_of_success": 40,
        "exp": 20,
        "success_text": {
            "unscathed_common": "r_c leaps forward, dashing to the other side of the bog and up into the trees. They make it in time to watch the swamp get lost under a tide of water from inland.",
            "stat_skill": "s_c scrambles back the way they came and watches the swamp disappear under a flood of water. It leaves behind a changed landscape, tons of debris - and a large dead sheep. s_c pounces on the opportunity to scavenge.",
            "stat_trait": "s_c shrieks at the strange sound, paws digging into the mud as they turn and run for home. They are proven right when the swamp disappears under a flood of water from inland. Their caution saved their life."
        },
        "fail_text": {
            "death": "r_c is in the middle of the bog when the flood hits them, freezing water rushing past and sweeping them straight out into the churning river, under it's ice."
        },
        "win_skills": [
            "CLEVER,3"
        ],
        "win_trait": [
            "careful",
            "insecure",
            "nervous"
        ],
        "min_cats": 1,
        "max_cats": 1,
        "antagonize_text": null,
        "antagonize_fail_text": null,
        "history_text": {
            "reg_death": "m_c was killed by a flood."
        }
    },
    {
        "patrol_id": "wtlnd_bord_trackrogue1",
        "biome": "wetlands",
        "season": "Any",
        "tags": [
            "fighting",
            "injury",
            "scar",
            "BRIDGE",
            "border",
            "death"
        ],
        "intro_text": "While on patrol, r_c notices some suspicious pawprints in the swamp mud.",
        "decline_text": "They decide not to investigate.",
        "chance_of_success": 30,
        "exp": 10,
        "success_text": {
            "unscathed_common": "The pawprints lead to a trespassing rogue. r_c slips into the swamp and sets up an ambush, sending the rogue fleeing off c_n territory.",
            "unscathed_rare": "r_c soon realizes that the pawprints smell of c_n. Someone must have wandered through this section of the border recently, but it's not a threat.",
            "stat_skill": "The pawprints lead to a trespassing rogue. s_c throws themselves at the rogue, hissing furiously, and drives them off c_n territory.",
            "stat_trait": "Boldy, s_c follows the pawprints to a trespassing rogue, and confronts them. Fur puffed up and scowling, they demand the rogue leaves c_n territory. Intimidated by their confidence, the rogue gives in and leaves without a fight."
        },
        "fail_text": {
            "unscathed_common": "It turns out they were r_c's own pawprints... r_c huffs with embarrassment, suddenly grateful they're alone.",
            "unscathed_stat": "The pawprints lead to a trespassing rogue. s_c tries to set up a trap by using the tides to cut off the rogue's escape path, but they aren't as smart as they think they are. The trap fails, and the rogue wanders on.",
            "death": "Nose to the ground following the trail, r_c doesn't see the blow that kills them.",
            "injury": "Nose to the ground following the trail, r_c doesn't see the blow coming. They haul themselves to their feet, spitting with outrage, but the rogue that did it has already turned and run."
        },
        "win_skills": [
            "FIGHTER,1"
        ],
        "win_trait": [
            "ambitious",
            "bloodthirsty",
            "cold",
            "fierce",
            "shameless",
            "strict",
            "troublesome",
            "vengeful",
            "adventurous",
            "bold",
            "charismatic",
            "childish",
            "confident",
            "daring",
            "playful",
            "righteous"
        ],
        "fail_skills": [
            "CLEVER,1"
        ],
        "min_cats": 1,
        "max_cats": 1,
        "antagonize_text": null,
        "antagonize_fail_text": null,
        "history_text": {
            "scar": "m_c was scarred by an invading rogue.",
            "reg_death": "m_c was killed by an invading rogue."
        }
    },
    {
        "patrol_id": "wtlnd_bord_trackrogue2",
        "biome": "wetlands",
        "season": "Any",
        "tags": [
            "fighting",
            "injury",
            "scar",
            "BRIDGE",
            "border",
            "death"
        ],
        "intro_text": "While on patrol, r_c notices some suspicious pawprints in the swamp mud.",
        "decline_text": "They decide not to investigate.",
        "chance_of_success": 30,
        "exp": 10,
        "success_text": {
            "unscathed_common": "The pawprints lead to a trespassing rogue. r_c slips into the swamp and sets up an ambush, sending the rogue fleeing off c_n territory.",
            "unscathed_rare": "r_c soon realizes that the pawprints smell of c_n. Someone must have wandered through this section of the border recently, but it's not a threat.",
            "stat_skill": "The pawprints lead to a trespassing rogue. s_c sets up a trap by using the tides to cut off the rogue's escape path. It makes the startled intruder cower to realize they've been caught and trapped by c_n, and they're escorted to the border with the lesson firmly learnt.",
            "stat_trait": "Boldy, s_c follows the pawprints to a trespassing rogue, and confronts them. Fur puffed up and scowling, they demand the rogue leaves c_n territory. Intimidated by their confidence, the rogue gives in and leaves without a fight."
        },
        "fail_text": {
            "unscathed_common": "It turns out they were r_c's own pawprints... r_c huffs with embarrassment, suddenly grateful they're alone.",
            "unscathed_stat": "The pawprints lead to a trespassing rogue. s_c throws themselves at the rogue, hissing furiously, but this is one battle hardened trespasser, and s_c isn't as good of a fighter as they'd like to think. The rogue manages to escape their grasp and run off further into c_n territory.",
            "death": "Nose to the ground following the trail, r_c doesn't see the blow that kills them.",
            "injury": "Nose to the ground following the trail, r_c doesn't see the blow coming. They haul themselves to their feet, spitting with outrage, but the rogue that did it has already turned and run."
        },
        "win_skills": [
            "CLEVER,1"
        ],
        "win_trait": [
            "ambitious",
            "bloodthirsty",
            "cold",
            "fierce",
            "shameless",
            "strict",
            "troublesome",
            "vengeful",
            "adventurous",
            "bold",
            "charismatic",
            "childish",
            "confident",
            "daring",
            "playful",
            "righteous"
        ],
        "fail_skills": [
            "FIGHTER,1"
        ],
        "min_cats": 1,
        "max_cats": 1,
        "antagonize_text": null,
        "antagonize_fail_text": null,
        "history_text": {
            "scar": "m_c was scarred by an invading rogue.",
            "reg_death": "m_c was killed by an invading rogue."
        }
    },
    {
        "patrol_id": "wtlnd_bord_trackrogue3",
        "biome": "wetlands",
        "season": "Any",
        "tags": [
            "app_stat",
            "fighting",
            "injury",
            "scar",
            "CHEEK",
            "border",
            "apprentice",
            "death"
        ],
        "intro_text": "While on patrol, app1 notices some suspicious pawprints in the swamp mud.",
        "decline_text": "They decide not to investigate.",
        "chance_of_success": 30,
        "exp": 10,
        "success_text": {
            "unscathed_common": "The pawprints lead to a trespassing rogue. app1 slips into the swamp and sets up an ambush that lets them pretend to be a far bigger and more impressive fighter, sending the rogue fleeing off c_n territory.",
            "unscathed_rare": "app1 soon realizes that the pawprints smell of c_n. Someone must have wandered through this section of the border recently, but it's not a threat. In fact. . . they're pretty sure this is their mentor's scent. And their mentor has been hinting there'll be a test soon."
        },
        "fail_text": {
            "unscathed_common": "It turns out they were app1's own pawprints... app1 huffs with embarrassment, suddenly grateful they're alone. They don't want to look dumb in front of other cats.",
            "unscathed_stat": "Boldy, s_c follows the pawprints to a trespassing rogue, and confronts them. Fur puffed up and scowling, they demand the rogue leaves c_n territory. The rogue is not impressed by this teenager, and ignores them completely.",
            "death": "Nose to the ground following the trail, app1 doesn't see the blow that kills them.",
            "injury": "Nose to the ground following the trail, app1 doesn't see the blow coming. They haul themselves to their feet, squealing with pain, and run for home."
        },
        "fail_trait": [
            "ambitious",
            "bloodthirsty",
            "cold",
            "fierce",
            "shameless",
            "strict",
            "troublesome",
            "vengeful",
            "adventurous",
            "bold",
            "charismatic",
            "childish",
            "confident",
            "daring",
            "playful",
            "righteous"
        ],
        "min_cats": 1,
        "max_cats": 1,
        "antagonize_text": null,
        "antagonize_fail_text": null,
        "history_text": {
            "scar": "m_c was scarred by an invading rogue.",
            "reg_death": "m_c was killed by an invading rogue."
        }
    },
    {
        "patrol_id": "wtlnd_bord_trackrogue4",
        "biome": "wetlands",
        "season": "Any",
        "tags": [
            "fighting",
            "injury",
            "scar",
            "BRIDGE",
            "border"
        ],
        "intro_text": "While on patrol, r_c notices some suspicious pawprints in the swamp mud.",
        "decline_text": "They decide not to investigate.",
        "chance_of_success": 50,
        "exp": 10,
        "success_text": {
            "unscathed_common": "The pawprints lead to a trespassing rogue. The patrol slips into the swamp and sets up an ambush, sending the rogue fleeing off c_n territory.",
            "unscathed_rare": "r_c soon realizes that the pawprints smell of c_n. Someone must have wandered through this section of the border recently, but it's not a threat.",
            "stat_skill": "The pawprints lead to a trespassing rogue. s_c throws themselves at the rogue, hissing furiously, and together with r_c drives them off c_n territory.",
            "stat_trait": "Boldy, s_c follows the pawprints to a trespassing rogue, and confronts them. Fur puffed up and scowling, s_c and r_c demand the rogue leaves c_n territory. Intimidated by their confidence, the rogue gives in and leaves without a fight."
        },
        "fail_text": {
            "unscathed_common": "It turns out they were r_c's own pawprints... r_c huffs with embarrassment, suddenly grateful that their patrol is so small. Less eyes watching that embarrassing moment.",
            "unscathed_stat": "The pawprints lead to a trespassing rogue. s_c tries to set up a trap by using the tides to cut off the rogue's escape path, but they aren't as smart as they think they are. The trap fails, and the rogue wanders on.",
            "injury": "Nose to the ground following the trail, r_c doesn't see the blow coming. They haul themselves to their feet, spitting with outrage, but the rogue that did it has already turned and run from the patrol."
        },
        "win_skills": [
            "FIGHTER,1"
        ],
        "win_trait": [
            "ambitious",
            "bloodthirsty",
            "cold",
            "fierce",
            "shameless",
            "strict",
            "troublesome",
            "vengeful",
            "adventurous",
            "bold",
            "charismatic",
            "childish",
            "confident",
            "daring",
            "playful",
            "righteous"
        ],
        "fail_skills": [
            "CLEVER,1"
        ],
        "min_cats": 2,
        "max_cats": 2,
        "antagonize_text": null,
        "antagonize_fail_text": null,
        "history_text": {
            "scar": "m_c was scarred by an invading rogue."
        }
    },
    {
        "patrol_id": "wtlnd_bord_trackrogue5",
        "biome": "wetlands",
        "season": "Any",
        "tags": [
            "fighting",
            "injury",
            "scar",
            "BRIDGE",
            "border"
        ],
        "intro_text": "While on patrol, r_c notices some suspicious pawprints in the swamp mud.",
        "decline_text": "They decide not to investigate.",
        "chance_of_success": 50,
        "exp": 10,
        "success_text": {
            "unscathed_common": "The pawprints lead to a trespassing rogue. The patrol slips into the swamp and sets up an ambush, sending the rogue fleeing off c_n territory.",
            "unscathed_rare": "r_c soon realizes that the pawprints smell of c_n. Someone must have wandered through this section of the border recently, but it's not a threat.",
            "stat_skill": "The pawprints lead to a trespassing rogue. s_c sets up a trap by using the tides to cut off the rogue's escape path. It makes the startled intruder cower to realize they've been caught and trapped by c_n, and they're escorted to the border with the lesson firmly learnt.",
            "stat_trait": "Boldy, s_c follows the pawprints to a trespassing rogue, and confronts them. Fur puffed up and scowling, s_c and r_c demand the rogue leaves c_n territory. Intimidated by their confidence, the rogue gives in and leaves without a fight."
        },
        "fail_text": {
            "unscathed_common": "It turns out they were r_c's own pawprints... r_c huffs with embarrassment, suddenly grateful that their patrol is so small. Less eyes watching that embarrassing moment.",
            "unscathed_stat": "The pawprints lead to a trespassing rogue. s_c throws themselves at the rogue, hissing furiously, but this is one battle hardened trespasser, and s_c isn't as good of a fighter as they'd like to think. The rogue manages to escape their grasp and run off further into c_n territory.",
            "injury": "Nose to the ground following the trail, r_c doesn't see the blow coming. They haul themselves to their feet, spitting with outrage, but the rogue that did it has already turned and run."
        },
        "win_skills": [
            "CLEVER,1"
        ],
        "win_trait": [
            "ambitious",
            "bloodthirsty",
            "cold",
            "fierce",
            "shameless",
            "strict",
            "troublesome",
            "vengeful",
            "adventurous",
            "bold",
            "charismatic",
            "childish",
            "confident",
            "daring",
            "playful",
            "righteous"
        ],
        "fail_skills": [
            "FIGHTER,1"
        ],
        "min_cats": 2,
        "max_cats": 2,
        "antagonize_text": null,
        "antagonize_fail_text": null,
        "history_text": {
            "scar": "m_c was scarred by an invading rogue."
        }
    },
    {
        "patrol_id": "wtlnd_bord_trackrogue6",
        "biome": "wetlands",
        "season": "Any",
        "tags": [
            "app_stat",
            "fighting",
            "injury",
            "scar",
            "CHEEK",
            "border",
            "apprentice"
        ],
        "intro_text": "While on patrol, app1 notices some suspicious pawprints in the swamp mud.",
        "decline_text": "They decide not to investigate.",
        "chance_of_success": 50,
        "exp": 10,
        "success_text": {
            "unscathed_common": "The pawprints lead to a trespassing rogue. The patrol slips into the swamp and sets up an ambush, sending the rogue fleeing off c_n territory.",
            "unscathed_rare": "app1 soon realizes that the pawprints smell of c_n. Someone must have wandered through this section of the border recently, but it's not a threat. In fact. . . they're pretty sure this is their mentor's scent. And their mentor has been hinting there'll be a test soon."
        },
        "fail_text": {
            "unscathed_common": "It turns out they were app1's own pawprints... app1 huffs with embarrassment, suddenly grateful that their patrol is so small. Less eyes watching that embarrassing moment. They don't want to look dumb in front of other cats.",
            "unscathed_stat": "Boldy, s_c follows the pawprints to a trespassing rogue, and confronts them. Fur puffed up and scowling, they demand the rogue leaves c_n territory. The rogue is not impressed by the teenager, but reluctantly leaves c_n territory.",
            "injury": "Nose to the ground following the trail, app1 doesn't see the blow coming. They haul themselves to their feet, squealing with pain, and run for home."
        },
        "fail_trait": [
            "ambitious",
            "bloodthirsty",
            "cold",
            "fierce",
            "shameless",
            "strict",
            "troublesome",
            "vengeful",
            "adventurous",
            "bold",
            "charismatic",
            "childish",
            "confident",
            "daring",
            "playful",
            "righteous"
        ],
        "min_cats": 2,
        "max_cats": 2,
        "antagonize_text": null,
        "antagonize_fail_text": null,
        "history_text": {
            "scar": "m_c was scarred by an invading rogue."
        }
    },
    {
        "patrol_id": "wtlnd_bord_trackrogue7",
        "biome": "wetlands",
        "season": "Any",
        "tags": [
            "fighting",
            "border"
        ],
        "intro_text": "While on patrol, r_c notices some suspicious pawprints in the swamp mud.",
        "decline_text": "They decide not to investigate.",
        "chance_of_success": 10,
        "exp": 10,
        "success_text": {
            "unscathed_common": "The pawprints lead to a trespassing rogue. The patrol slips into the swamp and sets up an ambush, sending the rogue fleeing off c_n territory.",
            "unscathed_rare": "r_c soon realizes that the pawprints smell of c_n. Someone must have wandered through this section of the border recently, but it's not a threat.",
            "stat_skill": "The pawprints lead to a trespassing rogue. s_c throws themselves at the rogue, hissing furiously, and together with r_c drives them off c_n territory.",
            "stat_trait": "Boldy, s_c follows the pawprints to a trespassing rogue, and confronts them. Fur puffed up and scowling, the patrol demands the rogue leave c_n territory. Intimidated by their confidence and the number of cats, the rogue gives in and leaves without a fight."
        },
        "fail_text": {
            "unscathed_common": "It turns out they were r_c's own pawprints... r_c huffs with embarrassment, and can't meet the eyes of the rest of the patrol.",
            "unscathed_stat": "The pawprints lead to a trespassing rogue. s_c tries to set up a trap by using the tides to cut off the rogue's escape path, but they aren't as smart as they think they are. The trap fails, and the rogue wanders on."
        },
        "win_skills": [
            "FIGHTER,1"
        ],
        "win_trait": [
            "ambitious",
            "bloodthirsty",
            "cold",
            "fierce",
            "shameless",
            "strict",
            "troublesome",
            "vengeful",
            "adventurous",
            "bold",
            "charismatic",
            "childish",
            "confident",
            "daring",
            "playful",
            "righteous"
        ],
        "fail_skills": [
            "CLEVER,1"
        ],
        "min_cats": 3,
        "max_cats": 6
    },
    {
        "patrol_id": "wtlnd_bord_trackrogue8",
        "biome": "wetlands",
        "season": "Any",
        "tags": [
            "fighting",
            "border"
        ],
        "intro_text": "While on patrol, r_c notices some suspicious pawprints in the swamp mud.",
        "decline_text": "They decide not to investigate.",
        "chance_of_success": 10,
        "exp": 10,
        "success_text": {
            "unscathed_common": "The pawprints lead to a trespassing rogue. The patrol slips into the swamp and sets up an ambush, sending the rogue fleeing off c_n territory.",
            "unscathed_rare": "r_c soon realizes that the pawprints smell of c_n. Someone must have wandered through this section of the border recently, but it's not a threat.",
            "stat_skill": "The pawprints lead to a trespassing rogue. s_c sets up a trap by using the tides to cut off the rogue's escape path. It makes the startled intruder cower to realize they've been caught and trapped by c_n, and they're escorted to the border with the lesson firmly learnt.",
            "stat_trait": "Boldy, s_c follows the pawprints to a trespassing rogue, and confronts them. Fur puffed up and scowling, the patrol demands the rogue leave c_n territory. Intimidated by their confidence and the number of cats, the rogue gives in and leaves without a fight."
        },
        "fail_text": {
            "unscathed_common": "It turns out they were r_c's own pawprints... r_c huffs with embarrassment, and can't meet the eyes of the rest of the patrol.",
            "unscathed_stat": "The pawprints lead to a trespassing rogue. s_c throws themselves at the rogue, hissing furiously, but this is one battle hardened trespasser, and s_c isn't as good of a fighter as they'd like to think. The rogue manages to escape their grasp and run off further into c_n territory."
        },
        "win_skills": [
            "CLEVER,1"
        ],
        "win_trait": [
            "ambitious",
            "bloodthirsty",
            "cold",
            "fierce",
            "shameless",
            "strict",
            "troublesome",
            "vengeful",
            "adventurous",
            "bold",
            "charismatic",
            "childish",
            "confident",
            "daring",
            "playful",
            "righteous"
        ],
        "fail_skills": [
            "FIGHTER,1"
        ],
        "min_cats": 3,
        "max_cats": 6,
        "history_text": {
            "scar": "m_c was scarred by an invading rogue."
        }
    },
    {
        "patrol_id": "wtlnd_bord_trackrogue9",
        "biome": "wetlands",
        "season": "Any",
        "tags": [
            "app_stat",
            "fighting",
            "border",
            "apprentice"
        ],
        "intro_text": "While on patrol, app1 notices some suspicious pawprints in the swamp mud.",
        "decline_text": "They decide not to investigate.",
        "chance_of_success": 10,
        "exp": 10,
        "success_text": {
            "unscathed_common": "The pawprints lead to a trespassing rogue. The patrol slips into the swamp and sets up an ambush, sending the rogue fleeing off c_n territory.",
            "unscathed_rare": "app1 soon realizes that the pawprints smell of c_n. Someone must have wandered through this section of the border recently, but it's not a threat. In fact. . . they're pretty sure this is their mentor's scent. And their mentor has been hinting there'll be a test soon."
        },
        "fail_text": {
            "unscathed_common": "It turns out they were app1's own pawprints... app1 huffs with embarrassment, and can't meet the eyes of the rest of the patrol. They don't want to look dumb in front of other cats.",
            "unscathed_stat": "Boldy, s_c follows the pawprints to a trespassing rogue, and confronts them. Fur puffed up and scowling, they demand the rogue leaves c_n territory. The rogue is not impressed by the teenager, but with the full patrol backing them up, leaves c_n territory."
        },
        "fail_trait": [
            "ambitious",
            "bloodthirsty",
            "cold",
            "fierce",
            "shameless",
            "strict",
            "troublesome",
            "vengeful",
            "adventurous",
            "bold",
            "charismatic",
            "childish",
            "confident",
            "daring",
            "playful",
            "righteous"
        ],
        "min_cats": 3,
        "max_cats": 6
    },
    {
        "patrol_id": "wtlnd_bord_story1",
        "biome": "wetlands",
        "season": "Any",
        "tags": [
            "border",
            "platonic",
            "comfort",
            "respect",
            "rel_patrol",
            "patrol_to_r_c"
        ],
        "intro_text": "On their way to mark the far corners of their swamps, r_c starts telling a story of their ancestors to keep every cat entertained.",
        "decline_text": "The patrol seems uninterested, so r_c drops the idea. ",
        "chance_of_success": 10,
        "exp": 20,
        "success_text": {
            "unscathed_common": "It keeps the cats' minds off their damp paws and muddy path. The patrol goes quickly and easily.",
            "stat_skill": "s_c spins a story, vivid and engaging, telling the tale of a massive war their ancestors fought over the border the patrol is headed to mark. Not only does it keep every cat entertained, it really emphasizes the importance of the patrol and motivates everyone.",
            "stat_trait": "It's a fantastic idea, making the patrol fly by as cats chat and laugh with their Clanmates, and everyone ends the day feeling much closer to each other."
        },
        "fail_text": {
            "unscathed_common": "r_c skids on mud as they're getting to an exciting part, and has to stop the story to pay attention to the path. ",
            "unscathed_stat": "s_c takes r_c aside, and reminds them coldly to focus on their duties."
        },
        "win_skills": [
            "SPEAKER,1"
        ],
        "win_trait": [
            "charismatic",
            "childish",
            "playful",
            "empathetic",
            "loving",
            "patient"
        ],
        "fail_trait": [
            "cold",
            "strict",
            "righteous",
            "responsible",
            "thoughtful",
            "wise"
        ],
        "min_cats": 3,
        "max_cats": 6
    }
]