[
    {
        "camp": "any",
        "tags": [
            "Newleaf",
            "Greenleaf",
            "Leaf-fall",
            "Leaf-bare"
        ],
        "event_text": "As the wind howls on the plains outside, m_c is tucked up in the medicine cat den, {PRONOUN/m_c/poss} sleep anything but restful. {PRONOUN/m_c/subject/CAP} {VERB/m_c/keep/keeps} seeing flashes of prophecy_list_sight. {PRONOUN/m_c/subject/CAP} {VERB/m_c/wake/wakes} with a shiver, wondering what {PRONOUN/m_c/poss} dreams mean for the Clan.",
        "cat_trait": null,
        "cat_skill": [
            "PROPHET,3"
        ],
        "other_cat_trait": null,
        "other_cat_skill": null
    },
    {
        "camp": "any",
        "tags": [
            "Newleaf",
            "Greenleaf",
            "Leaf-fall",
            "Leaf-bare"
        ],
        "event_text": "The things {PRONOUN/m_c/subject} saw today, omen_list_sight... m_c isolates {PRONOUN/m_c/self} in the shifting long grass, considering what the omens foretell.",
        "cat_trait": null,
        "cat_skill": [
            "OMEN,3"
        ],
        "other_cat_trait": null,
        "other_cat_skill": null
    }
]