[
    {
        "camp": "any",
        "tags": [
            "Leaf-fall",
            "Leaf-bare"
        ],
        "death_text": "m_c was buried alive in an avalanche.",
        "history_text": {
            "reg_death": "m_c was buried alive in an avalanche."
        },
        "cat_trait": null,
        "cat_skill": null,
        "other_cat_trait": null,
        "other_cat_skill": null
    },
    {
        "camp": "any",
        "tags": [
            "Newleaf",
            "Greenleaf",
            "Leaf-fall"
        ],
        "death_text": "m_c was buried alive in a landslide.",
        "history_text": {
            "reg_death": "m_c was buried alive in a landslide."
        },
        "cat_trait": null,
        "cat_skill": null,
        "other_cat_trait": null,
        "other_cat_skill": null
    },
    {
        "camp": "any",
        "tags": [
            "Newleaf"
        ],
        "death_text": "m_c was buried alive in a mudslide.",
        "history_text": {
            "reg_death": "m_c was buried alive in a mudslide."
        },
        "cat_trait": null,
        "cat_skill": null,
        "other_cat_trait": null,
        "other_cat_skill": null
    },
    {
        "camp": "any",
        "tags": [
            "Newleaf",
            "Greenleaf",
            "Leaf-fall",
            "Leaf-bare"
        ],
        "death_text": "m_c slipped off a cliff onto the sharp rocks at the bottom.",
        "history_text": {
            "reg_death": "m_c slipped off the edge of a cliff."
        },
        "cat_trait": [
            "playful",
            "childish"
        ],
        "cat_skill": null,
        "other_cat_trait": null,
        "other_cat_skill": null
    },
    {
        "camp": "any",
        "tags": [
            "Leaf-bare"
        ],
        "death_text": "m_c froze to death during a harsh snowstorm.",
        "history_text": {
            "reg_death": "m_c froze to death."
        },
        "cat_trait": null,
        "cat_skill": null,
        "other_cat_trait": null,
        "other_cat_skill": null
    },
    {
        "camp": "any",
        "tags": [
            "Leaf-bare"
        ],
        "death_text": "m_c was found dead and cold in the snow.",
        "history_text": {
            "reg_death": "m_c froze to death."
        },
        "cat_trait": null,
        "cat_skill": null,
        "other_cat_trait": null,
        "other_cat_skill": null
    },
    {
        "camp": "any",
        "tags": [
            "Leaf-bare"
        ],
        "death_text": "m_c was walking on the ice, when it cracked and {PRONOUN/m_c/subject} fell in.",
        "history_text": {
            "reg_death": "m_c froze to death after falling through ice."
        },
        "cat_trait": null,
        "cat_skill": null,
        "other_cat_trait": null,
        "other_cat_skill": null
    },
    {
        "camp": "any",
        "tags": [
            "other_cat",
            "murder",
            "Newleaf",
            "Greenleaf",
            "Leaf-fall",
            "Leaf-bare",
            "rc_to_mc",
            "neg_platonic",
            "dislike"
        ],
        "death_text": "m_c was pushed off a cliff onto the sharp rocks at the bottom. The culprit is unknown.",
        "history_text": {
            "reg_death": "m_c was pushed off a cliff by r_c.",
            "reg_murder_unrevealed": "m_c was pushed off a cliff by an unknown killer."
        },
        "cat_trait": null,
        "cat_skill": null,
        "other_cat_skill": [
            "CLEVER,2",
            "HUNTER,3"
        ],
        "cat_negate_skill": [
            "PROPHET,3",
            "OMEN,3",
            "FIGHTER,3"
        ]
    },
    {
        "camp": "any",
        "tags": [
            "other_cat",
            "murder",
            "revealed",
            "Newleaf",
            "Greenleaf",
            "Leaf-fall",
            "Leaf-bare",
            "rc_to_mc",
            "neg_platonic",
            "dislike"
        ],
        "death_text": "m_c was pushed off a cliff onto the sharp rocks at the bottom. r_c stands above {PRONOUN/m_c/object}, watching as they fall.",
        "history_text": {
            "reg_death": "m_c was pushed off a cliff by r_c.",
            "reg_murder_unrevealed": "m_c was pushed off a cliff by an unknown killer."
        },
        "cat_trait": null,
        "cat_skill": null,
        "other_cat_skill": [
            "HUNTER,3",
            "FIGHTER,2"
        ],
        "cat_negate_skill": [
            "PROPHET,3",
            "OMEN,3",
            "FIGHTER,3"
        ]
    },
    {
        "camp": "any",
        "tags": [
            "Newleaf",
            "Greenleaf",
            "Leaf-fall",
            "Leaf-bare",
            "war"
        ],
        "death_text": "m_c was killed by a falling boulder pushed from a cliff above {PRONOUN/m_c/object} by o_c warriors.",
        "history_text": {
            "reg_death": "m_c was crushed by a falling boulder.",
            "lead_death": "{VERB/m_c/were/was} crushed by a falling boulder."
        }
    }
]