{
    "kitten": {
        "minor": 6,
        "major": 3,
        "severe": 1
    },
    "apprentice": {
        "minor":5,
        "major": 2,
        "severe": 1
    },
    "medicine cat apprentice": {
        "minor": 5,
        "major": 2,
        "severe": 1
    },
    "warrior": {
        "minor": 2,
        "major": 3,
        "severe": 2
    },
    "elder": {
        "minor":6,
        "major": 3,
        "severe": 1
    },
    "medicine cat": {
        "minor": 4,
        "major": 2,
        "severe": 1
    },
    "deputy": {
        "minor": 1,
        "major": 2,
        "severe": 4
    },
    "leader": {
        "minor": 1,
        "major": 2,
        "severe": 5
    }
}
