{
  "announcement": [
    "m_c announced that {PRONOUN/m_c/subject} {VERB/m_c/are/is} trying to invite younger kits to play."
  ],
  "litter_guess": [
    "m_c thinks {PRONOUN/m_c/subject}'ll invite a few kits.",
    "m_c thinks {PRONOUN/m_c/subject}'ll invite a lot of kits.",
    "m_c is unsure how many kits {PRONOUN/m_c/subject}'ll invite."
  ],


  "major_severity": [
    " {PRONOUN/m_c/subject/CAP} {VERB/m_c/decide/decides} to move into the nursery in preparation for {PRONOUN/m_c/poss} soon-to-come kits.",
    " {PRONOUN/m_c/subject/CAP} {VERB/m_c/don't/doesn't} believe {PRONOUN/m_c/subject} can efficiently perform {PRONOUN/m_c/poss} duties while expecting kits and {VERB/m_c/decide/decides} to move into the nursery."
  ],
  "minor_severity": [
    " {PRONOUN/m_c/subject/CAP} won't be moving into the nursery just yet.",
    " {PRONOUN/m_c/subject/CAP} {VERB/m_c/choose/chooses} to continue {PRONOUN/m_c/poss} duties as usual for now."
  ],
  "comment": [
    "both the minor and major severity strings will appear in conjunction with either a litter guess or an announcement. Write them accordingly!",
    "They should also start with a space in order to ensure there is a space between the announcement/litter sentence and the severity sentence."],


  "birth": {
    "unmated_parent": [
      "m_c brought a new playmate, but refused to talk about their origin.",
      "m_c secretly brought a new friend.",
      "m_c pretends to be in a forbidden romance hence where the friend they invited came from."
    ],
    "two_parents": [
      "m_c pretends to be a parent with r_c.",
      "In the nursery, m_c lies playing with a {insert}, r_c watching over them and purring so hard {PRONOUN/r_c/poss} body vibrates.",
      "m_c and r_c's eyes meet over the kit they invited, full of love for their new friend."
                               
    ],
    "dead_mate": [
      "m_c wishes their r_c didn't decide not to play anymore"

    ],
    "both_unmated": [
      "m_c is pretending to be a parent with r_c"
    ],
    "affair": [
      "m_c snuck their younger sibling to play too."
    ],
    "death": [
      "m_c pretends to die, due to getting too old to play"
    ],
    "difficult_birth": [
      "m_c struggled to convince the new playmate to join."
    ],
	"outside_alone": [
		"Rumors reach the Clan that m_c invited new friends."
	],
	"outside_in_clan":[
		"r_c heard a rumor that m_c made friends."
	],
	"outside_death": [
		"Some say m_c didn't make it."
	]
  }
}
