[
    {
        "patrol_id": "dst_gen_hunt_twolegplace1",
        "biome": "desert",
        "season": "Any",
        "tags": [
            "hunting",
            "medium_prey0",
            "large_prey1"
        ],
        "intro_text": "The patrol approaches a very strange Twolegplace. Gigantic metal leaves lie in unnatural rows, shading the desert beneath them, metal tree branches snake straightly across the ground, and a little Twoleg hut sits in one corner, seemingly abandoned.",
        "decline_text": "The patrol decides to hunt elsewhere.",
        "chance_of_success": 40,
        "exp": 20,
        "success_text": {
            "unscathed_common": "The patrol has a successful hunt. While Twolegs seem to have built this metal forest, they've also apparently abandoned it.",
            "unscathed_rare": "The shade of the metal forest offers countless desert creatures as possible prey, and the cats have a very successful hunt, hiding from the sunlight under Twoleg leaves."
        },
        "fail_text": {
            "unscathed_common": "The patrol tries, but the unnatural environment causes everyone to be on edge, and their hunt is unsuccessful."
        },
        "min_cats": 1,
        "max_cats": 3,
        "antagonize_text": "The cats leap onto a Twoleg metal leaf, sending it over with a mighty crash. This is c_n territory, not Twoleg!",
        "antagonize_fail_text": "Your cats try to knock over a metal leaf, but there aren't enough of them to force it over."
    },
    {
        "patrol_id": "dst_gen_hunt_twolegplace2",
        "biome": "desert",
        "season": "Any",
        "tags": [
            "hunting",
            "medium_prey0",
            "large_prey1"
        ],
        "intro_text": "The patrol approaches a very strange Twolegplace. Gigantic metal leaves lie in unnatural rows, shading the desert beneath them, metal tree branches snake straightly across the ground, and a little Twoleg hut sits in one corner, seemingly abandoned.",
        "decline_text": "The patrol decides to hunt elsewhere.",
        "chance_of_success": 10,
        "exp": 20,
        "success_text": {
            "unscathed_common": "The patrol cats split up, using sentries to ensure that nothing disturbs their hunts.",
            "unscathed_rare": "The shade of the metal forest offers countless desert creatures as possible prey, and the cats have a very successful hunt, hiding from the sunlight under Twoleg leaves. "
        },
        "fail_text": {
            "unscathed_common": "The patrol tries, but the unnatural environment causes everyone to be on edge, and their hunt is unsuccessful."
        },
        "min_cats": 4,
        "max_cats": 6,
        "antagonize_text": "The cats leap onto a Twoleg metal leaf, sending it over with a mighty crash. This is c_n territory, not Twoleg!",
        "antagonize_fail_text": "The cats try to knock over a metal leaf. It works, but several members of the patrol spring backward, yowling in pain - the Twolegs have trapped the leaf, storing fire that does not burn in it!"
    },
    {
        "patrol_id": "dst_hunt_strange1",
        "biome": "desert",
        "season": "Any",
        "tags": [
            "hunting",
            "medium_prey0",
            "medium_prey1",
            "large_prey2",
            "large_prey3",
            "no_fail_prey"
        ],
        "intro_text": "The patrol looks around for something to disguise their scent while hunting.",
        "decline_text": "On second thought, maybe not.",
        "chance_of_success": 40,
        "exp": 20,
        "success_text": {
            "unscathed_common": "They can't think of anything that would work, but their hunt goes well regardless.",
            "unscathed_rare": "A sand bath will do! The plan works and their hunt goes well.",
            "stat_skill": "s_c leads them to some rabbit droppings in the scrubland - it's not clean, but it's extremely effective, and the patrol hunts well.",
            "stat_trait": "s_c tells the patrol to roll in a patch of garlic to disguise their scent, which works perfectly. It's a funny taste to wash off their pelts though."
        },
        "fail_text": {
            "unscathed_common": "The patrol finds nothing to disguise their scent, and no prey either.",
            "unscathed_stat": "The patrol finds no prey; it seems like all the prey was scared off because of their stench!"
        },
        "win_skills": [
            "CLEVER,2"
        ],
        "win_trait": [
            "strange"
        ],
        "min_cats": 2,
        "max_cats": 6
    },
    {
        "patrol_id": "dst_hunt_strange2",
        "biome": "desert",
        "season": "Any",
        "tags": [
            "hunting",
            "medium_prey0",
            "medium_prey1",
            "large_prey2",
            "large_prey3",
            "no_fail_prey"
        ],
        "intro_text": "r_c looks around for something to disguise their scent while hunting.",
        "decline_text": "On second thought, maybe not.",
        "chance_of_success": 40,
        "exp": 20,
        "success_text": {
            "unscathed_common": "They can't think of anything that would work, but their hunt goes well regardless.",
            "stat_skill": "s_c finds some rabbit droppings in the scrublands - it's not clean, but it's extremely effective, and the hunt goes well.",
            "stat_trait": "s_c rolls in a patch of garlic to disguise their scent, which works perfectly. It's a funny taste to wash off their pelt though."
        },
        "fail_text": {
            "unscathed_common": "The patrol finds nothing to disguise their scent, and no prey either.",
            "unscathed_stat": "r_c finds no prey; it seems like all the prey was scared off because of their stench!"
        },
        "win_skills": [
            "CLEVER,2"
        ],
        "win_trait": [
            "strange"
        ],
        "min_cats": 1,
        "max_cats": 1
    },
    {
        "patrol_id": "dst_hunt_huntassessment1",
        "biome": "desert",
        "season": "Any",
        "tags": [
            "app_stat",
            "hunting",
            "apprentice",
            "injury",
            "medium_prey0",
            "large_prey1",
            "large_prey2",
            "no_fail_prey"
        ],
        "intro_text": "r_c's mentor assesses them by sending them on a solo hunt.",
        "decline_text": "r_c asks their mentor to do the assessment some other time.",
        "chance_of_success": 30,
        "exp": 20,
        "success_text": {
            "unscathed_common": "r_c manages a skillful catch, and brings it back to the camp to show everyone!",
            "unscathed_rare": "r_c focuses completely on {PRONOUN/r_c/poss} test, slipping into a cleareyed, razor focused routine of catch and stash, catch and stash. Eventually {PRONOUN/r_c/subject}{VERB/r_c/'ve/'s} caught enough to need {PRONOUN/r_c/poss} mentor's help carrying it back to camp, and the feeling seeing {PRONOUN/r_c/poss} prey stock the fresh-kill pile - {PRONOUN/r_c/subject} {VERB/r_c/feel/feels} ready to burst with happiness!",
            "stat_trait": "It's a terrible day for hunting, the prey running sparse and alert. But s_c takes {PRONOUN/s_c/poss} time and doesn't let the conditions discourage {PRONOUN/s_c/subject}, until eventually the perfect opportunity falls into place and {PRONOUN/s_c/subject} pull off a perfect catch!"
        },
        "fail_text": {
            "unscathed_common": "Hunting is poor, and while r_c's mentor is disappointed, they don't expect r_c to be able to catch what isn't there.",
            "unscathed_stat": "s_c is too hasty, bouncing after first one prey, then another, and it ends with them empty pawed and exhausted. Their mentor is disappointed - they clearly need more training.",
            "injury": "While on the hunt, r_c tumbles right down a steep slope while their attention is elsewhere. Bruised and sore, r_c has to report to the medicine cat den when they return to camp."
        },
        "win_trait": [
            "calm",
            "careful",
            "insecure",
            "lonesome",
            "loyal",
            "nervous",
            "sneaky",
            "strange",
            "patient",
            "thoughtful",
            "wise"
        ],
        "fail_trait": [
            "adventurous",
            "bold",
            "charismatic",
            "childish",
            "confident",
            "daring",
            "playful",
            "righteous"
        ],
        "min_cats": 1,
        "max_cats": 1,
        "history_text": {
            "scar": "m_c got injured as an apprentice, exploring alone."
        }
    },
    {
        "patrol_id": "dst_hunt_solo2",
        "biome": "desert",
        "season": "Any",
        "tags": [
            "hunting",
            "medium_prey",
            "no_fail_prey"
        ],
        "intro_text": "r_c heads out into the desert alone, wanting to sink their teeth into some prey and have some time to themselves.",
        "decline_text": "r_c turns back to camp, deciding that a group hunt would be more effective.",
        "chance_of_success": 30,
        "exp": 20,
        "success_text": {
            "unscathed_common": "r_c heads off to one of their favorite spots in the desert, a dry river bed with plenty of trees and bushes providing excellent ambush chances. And what do you know, they are bush! Or they were as far as that hare thought.",
            "unscathed_rare": "r_c finds a fat, dumb, slow ground squirrel, and they can barely drag the thing back to camp, but by the stars it's juicy when they sit down to eat it with their Clanmates.",
            "stat_skill": "s_c gets the chance to try out an idea they've been sitting on for a while. There's a nest of lizards that they've spotted that've chosen a particularly bad home, and they manage to reach down into one of the rock refuges, fishing out small reptiles by the handful.",
            "stat_trait": "The prey is running terribly today. But s_c has patience, and wisely waits for the perfect opportunity instead of getting frustrated. They come back to camp with a good contribution to the Clan's stores, having had a relaxing day sitting with their thoughts while waiting for the prey to come to them."
        },
        "fail_text": {
            "unscathed_common": "You can't catch what isn't there, and the prey today is very not there.",
            "unscathed_stat": "s_c starts the day with endless energy, but as one hunt fails after another, it very quickly runs dry. The come back to camp, empty pawed and prickling with frustration."
        },
        "win_skills": [
            "CLEVER,1"
        ],
        "win_trait": [
            "calm",
            "careful",
            "insecure",
            "lonesome",
            "loyal",
            "nervous",
            "sneaky",
            "strange",
            "patient",
            "thoughtful",
            "wise"
        ],
        "fail_trait": [
            "bold",
            "childish",
            "confident",
            "daring",
            "playful"
        ],
        "min_cats": 1,
        "max_cats": 1
    },
    {
        "patrol_id": "dst_hunt_solo3",
        "biome": "desert",
        "season": "Any",
        "tags": [
            "hunting",
            "deputy",
            "medium_prey",
            "no_fail_prey"
        ],
        "intro_text": "r_c heads out into the desert alone, wanting to sink their teeth into some prey and have some time to themselves.",
        "decline_text": "r_c turns back to camp, deciding that a group hunt would be more effective.",
        "chance_of_success": 30,
        "exp": 20,
        "success_text": {
            "unscathed_common": "r_c heads off to one of their favorite spots in the desert, a dry river bed with plenty of trees and bushes providing excellent ambush chances. And what do you know, they are bush! Or they were as far as that hare thought. They snicker to themselves as they pad back to camp.",
            "unscathed_rare": "r_c finds a fat, dumb, slow ground squirrel, and they can barely drag the thing back to camp, but by the stars it's juicy when they sit down to eat it with their Clanmates. Purring, they take the opportunity for a small moment of peace, relaxing with their friends.",
            "stat_skill": "s_c gets the chance to try out an idea they've been sitting on for a while. There's a nest of lizards that they've spotted that've chosen a particularly bad home, and they manage to reach down into one of the rock refuges, fishing out small reptiles by the handful. This is a good spot to remember when c_n hits hard times in greenleaf.",
            "stat_trait": "The prey is running terribly today. But s_c has patience, and wisely waits for the perfect opportunity instead of getting frustrated. They come back to camp with a good contribution to the Clan's stores, having had a relaxing day sitting with their thoughts while waiting for the prey to come to them."
        },
        "fail_text": {
            "unscathed_common": "You can't catch what isn't there, and the prey today is very not there.",
            "unscathed_stat": "s_c starts the day with endless energy, but as one hunt fails after another, it very quickly runs dry. They give up and return to camp, to try and at least make progress on all the work piling up there."
        },
        "win_skills": [
            "CLEVER,1"
        ],
        "win_trait": [
            "calm",
            "careful",
            "insecure",
            "lonesome",
            "loyal",
            "nervous",
            "sneaky",
            "strange",
            "patient",
            "thoughtful",
            "wise"
        ],
        "fail_trait": [
            "bold",
            "childish",
            "confident",
            "daring",
            "playful"
        ],
        "min_cats": 1,
        "max_cats": 1
    },
    {
        "patrol_id": "dst_hunt_solo4",
        "biome": "desert",
        "season": "Any",
        "tags": [
            "hunting",
            "leader",
            "medium_prey",
            "no_fail_prey"
        ],
        "intro_text": "r_c heads out into the desert  alone, wanting to sink their teeth into some prey and have some time to themselves.",
        "decline_text": "r_c turns back to camp, deciding that a group hunt would be more effective.",
        "chance_of_success": 30,
        "exp": 20,
        "success_text": {
            "unscathed_common": "r_c heads off to one of their favorite spots in the desert, a dry river bed with plenty of trees and bushes providing excellent ambush chances. And what do you know, they are bush! Or they were as far as that hare thought. They snicker to themselves as they pad back to camp.",
            "unscathed_rare": "r_c finds a fat, dumb, slow ground squirrel, and they can barely drag the thing back to camp, but by the stars it's juicy when they sit down to eat it with their Clanmates. Purring, they take the opportunity for a small moment of peace, relaxing with their friends.",
            "stat_skill": "s_c gets the chance to try out an idea they've been sitting on for a while. There's a nest of lizards that they've spotted that've chosen a particularly bad home, and they manage to reach down into one of the rock refuges, fishing out small reptiles by the handful. This is a good spot to remember when c_n hits hard times in greenleaf.",
            "stat_trait": "The prey is running terribly today. But s_c has patience, and wisely waits for the perfect opportunity instead of getting frustrated. They come back to camp with a good contribution to the Clan's stores, having had a relaxing day sitting with their thoughts while waiting for the prey to come to them."
        },
        "fail_text": {
            "unscathed_common": "You can't catch what isn't there, and the prey today is very not there.",
            "unscathed_stat": "s_c starts the day with endless energy, but as one hunt fails after another, it very quickly runs dry. They give up and return to camp, to try and at least make progress on all the work piling up there."
        },
        "win_skills": [
            "CLEVER,1"
        ],
        "win_trait": [
            "calm",
            "careful",
            "insecure",
            "lonesome",
            "loyal",
            "nervous",
            "sneaky",
            "strange",
            "patient",
            "thoughtful",
            "wise"
        ],
        "fail_trait": [
            "bold",
            "childish",
            "confident",
            "daring",
            "playful"
        ],
        "min_cats": 1,
        "max_cats": 1
    },
    {
        "patrol_id": "dst_hunt_gonetnr1",
        "biome": "desert",
        "season": "Any",
        "tags": [
            "hunting",
            "gone",
            "small_prey"
        ],
        "intro_text": "r_c encounters a swarm of Twolegs, gathered in a dry riverbed.",
        "decline_text": "Your patrol decides to hunt elsewhere.",
        "chance_of_success": 60,
        "exp": 20,
        "success_text": {
            "unscathed_common": "r_c immediately turns and heads for home to report this to their leader, alarmed by the sudden presence of Twolegs in their territory.",
            "unscathed_rare": "Slyly, r_c uses the unusual presence of the weird Twolegs to help their hunt, hiding on the outskirts of the area and waiting for the Twolegs to flush prey towards them. It works, and they leave the Twolegs to their business.",
            "stat_skill": "s_c spots the Twolegs unloading metal boxes from their monsters, and recognises that it can't be anything good, leaving immediately.",
            "stat_trait": "s_c spits in the Twolegs' direction and picking a different place to hunt."
        },
        "fail_text": {
            "unscathed_stat": "s_c has heard terrible things about Twolegs, but they still creep closer when one falls and starts yowling with pain. It's a mistake, and a trap snaps shut around them. They're taken out of the desert with the injured Twoleg.",
            "death": "r_c mostly ignores the Twolegs as they hunt, crawling into a metal box to follow the scent of food. But when they try to back up, the way is blocked, and there's nothing they can do - eventually the Twolegs notice, and r_c is taken by them."
        },
        "win_skills": [
            "CLEVER,3"
        ],
        "win_trait": [
            "ambitious",
            "bloodthirsty",
            "cold",
            "fierce",
            "shameless",
            "strict",
            "troublesome",
            "vengeful"
        ],
        "fail_trait": [
            "altruistic",
            "compassionate",
            "empathetic",
            "faithful",
            "loving",
            "patient",
            "responsible",
            "thoughtful",
            "wise"
        ],
        "min_cats": 1,
        "max_cats": 1
    },
    {
        "patrol_id": "dst_hunt_gonetnr2",
        "biome": "desert",
        "season": "Any",
        "tags": [
            "hunting",
            "gone",
            "small_prey"
        ],
        "intro_text": "r_c encounters a swarm of Twolegs, gathered in a dry riverbed.",
        "decline_text": "Your patrol decides to hunt elsewhere.",
        "chance_of_success": 60,
        "exp": 20,
        "success_text": {
            "unscathed_common": "Your patrol immediately turns and heads for home to report this to their leader, alarmed by the sudden presence of Twolegs in their territory.",
            "unscathed_rare": "Slyly, the cats use the unusual presence of the weird Twolegs to help their hunt, hiding on the outskirts of the area and waiting for the Twolegs to flush prey towards them. It works, and they leave the Twolegs to their business.",
            "stat_skill": "s_c spots the Twolegs unloading metal boxes from their monsters, and abruptly tells the patrol to leave. Now.",
            "stat_trait": "s_c stops anyone from going near the Twolegs, repeating that true warriors have nothing to do with Twolegs and their monsters, and the patrol leaves back into the desert."
        },
        "fail_text": {
            "unscathed_stat": "s_c has heard terrible things about Twolegs, but they still creep closer when one falls and starts yowling with pain. It's a mistake, and a trap snaps shut around them. They're taken out of the desert with the injured Twoleg.",
            "death": "r_c mostly ignores the Twolegs as they hunt, crawling into a metal box to follow the scent of food. But when they try to back up, the way is blocked, and there's nothing they or the patrol can do - eventually the Twolegs notice, and r_c is taken by them."
        },
        "win_skills": [
            "CLEVER,3"
        ],
        "win_trait": [
            "ambitious",
            "bloodthirsty",
            "cold",
            "fierce",
            "shameless",
            "strict",
            "troublesome",
            "vengeful"
        ],
        "fail_trait": [
            "altruistic",
            "compassionate",
            "empathetic",
            "faithful",
            "loving",
            "patient",
            "responsible",
            "thoughtful",
            "wise"
        ],
        "min_cats": 2,
        "max_cats": 3
    },
    {
        "patrol_id": "dst_hunt_gonetnr3",
        "biome": "desert",
        "season": "Any",
        "tags": [
            "hunting",
            "gone",
            "small_prey"
        ],
        "intro_text": "r_c encounters a swarm of Twolegs, gathered in a dry riverbed.",
        "decline_text": "Your patrol decides to hunt elsewhere.",
        "chance_of_success": 10,
        "exp": 20,
        "success_text": {
            "unscathed_common": "Your patrol immediately turns and heads for home to report this to their leader, alarmed by the sudden presence of Twolegs in their territory.",
            "unscathed_rare": "Slyly, the cats use the unusual presence of the weird Twolegs to help their hunt, hiding on the outskirts of the area and waiting for the Twolegs to flush prey towards them. It works, and they leave the Twolegs to their business.",
            "stat_skill": "s_c spots the Twolegs unloading metal boxes from their monsters, and abruptly tells the patrol to leave. Now.",
            "stat_trait": "s_c stops anyone from going near the Twolegs, repeating that true warriors have nothing to do with Twolegs and their monsters, and the patrol leaves back into the desert."
        },
        "fail_text": {
            "unscathed_stat": "s_c has heard terrible things about Twolegs, but they still creep closer when one falls and starts yowling with pain. It's a mistake, and a trap snaps shut around them. They're taken out of the desert with the injured Twoleg.",
            "death": "r_c mostly ignores the Twolegs as they hunt, crawling into a metal box to follow the scent of food. But when they try to back up, the way is blocked, and there's nothing they or the patrol can do - eventually the Twolegs notice, and r_c is taken by them."
        },
        "win_skills": [
            "CLEVER,3"
        ],
        "win_trait": [
            "ambitious",
            "bloodthirsty",
            "cold",
            "fierce",
            "shameless",
            "strict",
            "troublesome",
            "vengeful"
        ],
        "fail_trait": [
            "altruistic",
            "compassionate",
            "empathetic",
            "faithful",
            "loving",
            "patient",
            "responsible",
            "thoughtful",
            "wise"
        ],
        "min_cats": 4,
        "max_cats": 6
    },
    {
        "patrol_id": "dst_hunt_thunderpath1",
        "biome": "desert",
        "season": "Any",
        "tags": [
            "death",
            "scar",
            "MANLEG",
            "retirement",
            "injury",
            "hunting",
            "medium_prey"
        ],
        "intro_text": "The patrol comes across a Thunderpath running through the desert.",
        "decline_text": "They decide it is better not to cross.",
        "chance_of_success": 60,
        "exp": 10,
        "success_text": {
            "unscathed_common": "Your patrol waits until they can hear the wind whistling, not a murmur of a monster, and crosses the Thunderpath to hunt on the other side.",
            "unscathed_rare": "Your patrol finds a pipe running under the Thunderpath and uses it to cross. They end up with slightly sandy paws, but a successful haul of prey.",
            "stat_skill": "Your patrol stops on the edge of the Thunderpath, and s_c organizes a thorough search that finds a flattened squirrel. It's a reminder of the danger of the Thunderpath, and a good source of scavenged meat.",
            "stat_trait": "s_c is patient enough to wait until the Thunderpath is completely clear, then trots across calmly to hunt on the other side. The deserts have so few monsters passing through anyway, there's no need to be hasty."
        },
        "fail_text": {
            "unscathed_common": "r_c hears a monster thundering towards them, but it screeches to a halt just in time. That was close! Maybe it's best to go back to camp.",
            "death": "r_c is hit by a monster while crossing and dies instantly. c_n is shaken by the death, and it's a reminder to every cat that just because their territory contains few Thunderpaths doesn't mean they can forget their dangers.",
            "injury": "r_c is hit by a monster and seems quite injured, but miraculously still alive. c_n is shaken by the incident, and it's a reminder to every cat that just because their territory contains few Thunderpaths doesn't mean they can forget their dangers."
        },
        "win_skills": [
            "CLEVER,1"
        ],
        "win_trait": [
            "calm",
            "careful",
            "insecure",
            "nervous",
            "sneaky",
            "strange",
            "patient",
            "responsible",
            "thoughtful",
            "wise"
        ],
        "min_cats": 1,
        "max_cats": 6,
        "antagonize_text": null,
        "antagonize_fail_text": null,
        "history_text": {
            "scar": "m_c was heavily injured by a monster, and carries the scars from it.",
            "reg_death": "m_c was hit by a monster and killed.",
            "lead_death": "{VERB/m_c/were/was} hit by a monster"
        }
    },
    {
        "patrol_id": "dst_hunt_thunderpath2",
        "biome": "desert",
        "season": "Any",
        "tags": [
            "death",
            "scar",
            "MANTAIL",
            "retirement",
            "injury",
            "hunting",
            "cruel_season",
            "medium_prey"
        ],
        "intro_text": "The patrol comes across a Thunderpath running through the desert.",
        "decline_text": "They decide it is better not to cross.",
        "chance_of_success": 30,
        "exp": 10,
        "success_text": {
            "unscathed_common": "Your patrol waits until they can hear the wind whistling, not a murmur of a monster, and crosses the Thunderpath to hunt on the other side.",
            "unscathed_rare": "Your patrol finds a pipe running under the Thunderpath and uses it to cross. They end up with slightly sandy paws, but a successful haul of prey.",
            "stat_skill": "Your patrol stops on the edge of the Thunderpath, and s_c organizes a thorough search that finds a flattened squirrel. It's a reminder of the danger of the Thunderpath, and a good source of scavenged meat.",
            "stat_trait": "s_c is patient enough to wait until the Thunderpath is completely clear, then trots across calmly to hunt on the other side. The deserts have so few monsters passing through anyway, there's no need to be hasty."
        },
        "fail_text": {
            "unscathed_common": "r_c hears a monster thundering towards them, but it screeches to a halt just in time. That was close! Maybe it's best to go back to camp.",
            "death": "r_c is crossing the Thunderpath and hears a monster thundering towards them. They freeze, and the monster swerves to hit them deliberately, killing them instantly. c_n is shaken by the death, and it's a reminder to every cat that just because their territory contains few Thunderpaths doesn't mean they can forget their dangers.",
            "injury": "r_c is hit by a monster and seems quite injured, but miraculously still alive. c_n is shaken by the incident, and it's a reminder to every cat that just because their territory contains few Thunderpaths doesn't mean they can forget their dangers."
        },
        "win_skills": [
            "CLEVER,1"
        ],
        "win_trait": [
            "calm",
            "careful",
            "insecure",
            "nervous",
            "sneaky",
            "strange",
            "patient",
            "responsible",
            "thoughtful",
            "wise"
        ],
        "min_cats": 1,
        "max_cats": 6,
        "antagonize_text": null,
        "antagonize_fail_text": null,
        "history_text": {
            "scar": "m_c was heavily injured by a monster, and carries the scars from it.",
            "reg_death": "m_c was hit by a monster and killed.",
            "lead_death": "{VERB/m_c/were/was} hit by a monster"
        }
    },
    {
        "patrol_id": "dst_hunt_heat1",
        "biome": "desert",
        "season": "greenleaf",
        "tags": [
            "hunting",
            "illness",
            "death",
            "small_prey",
            "warrior",
            "no_app",
            "small_prey"
        ],
        "intro_text": "The sun beats down on the desert, driving every creature away from it's gaze with blinding heat.",
        "decline_text": "Giving up on the hunt, r_c finds a burrow to wait out the heat of the day until they can return back to camp.",
        "chance_of_success": 50,
        "exp": 15,
        "success_text": {
            "unscathed_common": "r_c watches from the shade of a large rock formation. Eventually their wait pays off, and they spot a lizard searching for shelter from the sun, but their pounce is too soon, and their prey lives to see another day.",
            "unscathed_rare": "r_c considers pushing through to try to find a catch, but it's not worth it. They find a burrow to wait out the heat of the day - except this burrow seems occupied. The tortoise inside puts up a fight, but r_c manages to flip their positions and drive it out into the heat, which slowly kills it.",
            "stat_skill": "Anticipating the heat of the greenleaf sun, s_c has positioned themselves in the shadowed depths around a shaded tiny pool in the rocks. As predicted, it's not long until the water draws in a Thunderpath-runner, and the bird is dispatched neatly and quietly.",
            "stat_trait": "s_c watches from the shade of a large rock formation. Eventually their wait pays off, and they spot a lizard searching for shelter from the sun. It finds shelter, but also s_c, and they settle back down to wait until it's cooler to try and bring their catch back to c_n."
        },
        "fail_text": {
            "unscathed_common": "Making the smart choice, r_c doesn't move from the shade, taking a good long nap in the heat.",
            "death": "r_c starts feeling confused and fuzzy as they walk, but ignore it. It takes them too long to recognise the symptoms of heat exhaustion, and when they do it's too late, with r_c stranded far from shade. Dizzy and retching, they collapse on the desert sands.,",
            "injury": "r_c collapses from heat exhaustion while trying to position themselves for a hunt. They're able to move to the shade, but the hunt is over, and it's only when a Clanmate finds them that they're able to totter home shakily."
        },
        "win_skills": [
            "CLEVER,2"
        ],
        "win_trait": [
            "patient",
            "responsible",
            "thoughtful",
            "wise",
            "calm",
            "careful",
            "nervous",
            "strange"
        ],
        "min_cats": 1,
        "max_cats": 1,
        "antagonize_text": null,
        "antagonize_fail_text": null,
        "history_text": {
            "scar": "This cat got heatstroke while on a patrol.",
            "reg_death": "m_c died from heatstroke.",
            "lead_death": "died from heatstroke"
        }
    },
    {
        "patrol_id": "dst_hunt_heat2",
        "biome": "desert",
        "season": "greenleaf",
        "tags": [
            "app_stat",
            "hunting",
            "injury",
            "heat exhaustion",
            "death",
            "apprentice",
            "small_prey"
        ],
        "intro_text": "The sun beats down on the desert, driving every creature away from it's gaze with blinding heat.",
        "decline_text": "Giving up on the hunt, r_c finds a burrow to wait out the heat of the day until they can return back to camp.",
        "chance_of_success": 50,
        "exp": 15,
        "success_text": {
            "unscathed_common": "app1 watches from the shade of a large rock formation. Eventually their wait pays off, and they spot a lizard searching for shelter from the sun, but their pounce is too soon, and their prey lives to see another day.",
            "unscathed_rare": "app1 considers pushing through to try to find a catch, but it's not worth it. They find a burrow to wait out the heat of the day - except their burrow is occupied, and app1 instead has to wait out the heat in the uncortable shade of a cactus.",
            "stat_trait": "s_c watches from the shade of a large rock formation. Eventually their wait pays off, and they spot a lizard searching for shelter from the sun. It finds shelter, but sadly not in the place s_c waits."
        },
        "fail_text": {
            "unscathed_common": "Making the smart choice, app1 doesn't move from the shade, taking a good long nap in the heat.",
            "unscathed_stat": "Refusing to stop hunting, app1 bodly decides to go into a canyon where it'll be cooler. They don't find any prey, but don't overheat either.",
            "death": "app1 doesn't make it back to camp. A patrol sent out for them find their body, collapsed in a shadeless part of the territory and already starting to dry out and mummify.",
            "injury": "When s_c doesn't return to camp that evening, a search party goes out for them. They find app1 collapsed and badly affected by heat stroke, and carry them back to camp where their might be a way to help them. However, app1's breathing stops on the journey home, and they slip to StarClan.",
            "stat_death": "s_c collapses from heat exhaustion while trying to position themselves for a hunt. They're able to move to the shade, but the hunt is over, and it's only when a Clanmate finds them that they're able to totter home shakily."
        },
        "win_trait": [
            "patient",
            "responsible",
            "thoughtful",
            "wise",
            "calm",
            "careful",
            "nervous",
            "strange"
        ],
        "fail_trait": [
            "adventurous",
            "bold",
            "daring",
            "ambitious",
            "shameless",
            "troublesome"
        ],
        "min_cats": 1,
        "max_cats": 1,
        "antagonize_text": null,
        "antagonize_fail_text": null,
        "history_text": {
            "scar": "This cat got heatstroke while on a patrol.",
            "reg_death": "This cat died from heat stroke.",
            "lead_death": "died from heatstroke"
        }
    },
    {
        "patrol_id": "dst_hunt_heat3",
        "biome": "desert",
        "season": "newleaf",
        "tags": [
            "hunting",
            "illness",
            "death",
            "warrior",
            "no_app",
            "small_prey"
        ],
        "intro_text": "The sun beats down on the desert, driving every creature away from it's gaze with blinding heat.",
        "decline_text": "Giving up on the hunt, r_c finds a burrow to wait out the heat of the day until they can return back to camp.",
        "chance_of_success": 50,
        "exp": 15,
        "success_text": {
            "unscathed_common": "r_c watches from the shade of a large rock formation. Eventually their wait pays off, and they spot a lizard searching for shelter from the sun, but their pounce is too soon, and their prey lives to see another day.",
            "unscathed_rare": "r_c considers pushing through to try to find a catch, but it's not worth it. They find a burrow to wait out the heat of the day - except this burrow seems occupied. The tortoise inside puts up a fight, but r_c manages to flip their positions and drive it out into the heat, which slowly kills it.",
            "stat_skill": "Anticipating the heat of the sun, s_c has positioned themselves in the shadowed depths around a shaded tiny pool in the rocks. As predicted, it's not long until the water draws in a Thunderpath-runner, and the bird is dispatched neatly and quietly.",
            "stat_trait": "s_c watches from the shade of a large rock formation. Eventually their wait pays off, and they spot a lizard searching for shelter from the sun. It finds shelter, but also s_c, and they settle back down to wait until it's cooler to try and bring their catch back to c_n."
        },
        "fail_text": {
            "unscathed_common": "Making the smart choice, r_c doesn't move from the shade, taking a good long nap in the heat.",
            "injury": "r_c collapses from heat exhaustion while trying to position themselves for a hunt. They're able to move to the shade, but the hunt is over, and it's only when a Clanmate finds them that they're able to totter home shakily."
        },
        "win_skills": [
            "CLEVER,2"
        ],
        "win_trait": [
            "patient",
            "responsible",
            "thoughtful",
            "wise",
            "calm",
            "careful",
            "nervous",
            "strange"
        ],
        "min_cats": 1,
        "max_cats": 1,
        "antagonize_text": null,
        "antagonize_fail_text": null,
        "history_text": {
            "scar": "This cat got heatstroke while on a patrol."
        }
    },
    {
        "patrol_id": "dst_hunt_heat4",
        "biome": "desert",
        "season": "newleaf",
        "tags": [
            "app_stat",
            "hunting",
            "injury",
            "heat exhaustion",
            "death",
            "apprentice",
            "small_prey"
        ],
        "intro_text": "The sun beats down on the desert, driving every creature away from it's gaze with blinding heat.",
        "decline_text": "Giving up on the hunt, r_c finds a burrow to wait out the heat of the day until they can return back to camp.",
        "chance_of_success": 50,
        "exp": 15,
        "success_text": {
            "unscathed_common": "app1 watches from the shade of a large rock formation. Eventually their wait pays off, and they spot a lizard searching for shelter from the sun, but their pounce is too soon, and their prey lives to see another day.",
            "unscathed_rare": "app1 considers pushing through to try to find a catch, but it's not worth it. They find a burrow to wait out the heat of the day - except their burrow is occupied, and app1 instead has to wait out the heat in the uncortable shade of a cactus.",
            "stat_trait": "s_c watches from the shade of a large rock formation. Eventually their wait pays off, and they spot a lizard searching for shelter from the sun. It finds shelter, but sadly not in the place s_c waits."
        },
        "fail_text": {
            "unscathed_common": "Making the smart choice, app1 doesn't move from the shade, taking a good long nap in the heat.",
            "death": "app1 doesn't make it back to camp. A patrol sent out for them find their body, collapsed in a shadeless part of the territory and already starting to dry out and mummify.",
            "injury": "app1 collapses from heat exhaustion while trying to position themselves for a hunt. They're able to move to the shade, but the hunt is over, and it's only when a Clanmate finds them that they're able to totter home shakily."
        },
        "win_skills": [
            "CLEVER,2"
        ],
        "win_trait": [
            "patient",
            "responsible",
            "thoughtful",
            "wise",
            "calm",
            "careful",
            "nervous",
            "strange"
        ],
        "min_cats": 1,
        "max_cats": 1,
        "antagonize_text": null,
        "antagonize_fail_text": null,
        "history_text": {
            "scar": "This cat got heatstroke while on a patrol.",
            "reg_death": "This cat died from heat stroke.",
            "lead_death": "died from heatstroke"
        }
    },
    {
        "patrol_id": "dst_hunt_heat5",
        "biome": "desert",
        "season": "leaf-fall",
        "tags": [
            "hunting",
            "illness",
            "death",
            "small_prey",
            "warrior",
            "no_app",
            "small_prey"
        ],
        "intro_text": "The sun beats down on the desert, driving every creature away from it's gaze with blinding heat.",
        "decline_text": "Giving up on the hunt, r_c finds a burrow to wait out the heat of the day until they can return back to camp.",
        "chance_of_success": 50,
        "exp": 15,
        "success_text": {
            "unscathed_common": "r_c watches from the shade of a large rock formation. Eventually their wait pays off, and they spot a lizard searching for shelter from the sun, but their pounce is too soon, and their prey lives to see another day.",
            "unscathed_rare": "r_c considers pushing through to try to find a catch, but it's not worth it. They find a burrow to wait out the heat of the day - except this burrow seems occupied. The tortoise inside puts up a fight, but r_c manages to flip their positions and drive it out into the heat, which slowly kills it.",
            "stat_skill": "Anticipating the heat of the sun, s_c has positioned themselves in the shadowed depths around a shaded tiny pool in the rocks. As predicted, it's not long until the water draws in a Thunderpath-runner, and the bird is dispatched neatly and quietly.",
            "stat_trait": "s_c watches from the shade of a large rock formation. Eventually their wait pays off, and they spot a lizard searching for shelter from the sun. It finds shelter, but also s_c, and they settle back down to wait until it's cooler to try and bring their catch back to c_n."
        },
        "fail_text": {
            "unscathed_common": "Making the smart choice, r_c doesn't move from the shade, taking a good long nap in the heat.",
            "injury": "r_c collapses from heat exhaustion while trying to position themselves for a hunt. They're able to move to the shade, but the hunt is over, and it's only when a Clanmate finds them that they're able to totter home shakily."
        },
        "win_skills": [
            "CLEVER,2"
        ],
        "win_trait": [
            "patient",
            "responsible",
            "thoughtful",
            "wise",
            "calm",
            "careful",
            "nervous",
            "strange"
        ],
        "min_cats": 1,
        "max_cats": 1,
        "antagonize_text": null,
        "antagonize_fail_text": null,
        "history_text": {
            "scar": "This cat got heatstroke while on a patrol."
        }
    },
    {
        "patrol_id": "dst_hunt_heat6",
        "biome": "desert",
        "season": "leaf-fall",
        "tags": [
            "app_stat",
            "hunting",
            "injury",
            "heat exhaustion",
            "death",
            "apprentice",
            "small_prey"
        ],
        "intro_text": "The sun beats down on the desert, driving every creature away from it's gaze with blinding heat.",
        "decline_text": "Giving up on the hunt, r_c finds a burrow to wait out the heat of the day until they can return back to camp.",
        "chance_of_success": 50,
        "exp": 15,
        "success_text": {
            "unscathed_common": "app1 watches from the shade of a large rock formation. Eventually their wait pays off, and they spot a lizard searching for shelter from the sun, but their pounce is too soon, and their prey lives to see another day.",
            "unscathed_rare": "app1 considers pushing through to try to find a catch, but it's not worth it. They find a burrow to wait out the heat of the day - except their burrow is occupied, and app1 instead has to wait out the heat in the uncortable shade of a cactus.",
            "stat_trait": "s_c watches from the shade of a large rock formation. Eventually their wait pays off, and they spot a lizard searching for shelter from the sun. It finds shelter, but sadly not in the place s_c waits."
        },
        "fail_text": {
            "unscathed_common": "Making the smart choice, app1 doesn't move from the shade, taking a good long nap in the heat.",
            "death": "app1 doesn't make it back to camp. A patrol sent out for them find their body, collapsed in a shadeless part of the territory and already starting to dry out and mummify.",
            "injury": "app1 collapses from heat exhaustion while trying to position themselves for a hunt. They're able to move to the shade, but the hunt is over, and it's only when a Clanmate finds them that they're able to totter home shakily."
        },
        "win_skills": [
            "CLEVER,2"
        ],
        "win_trait": [
            "patient",
            "responsible",
            "thoughtful",
            "wise",
            "calm",
            "careful",
            "nervous",
            "strange"
        ],
        "min_cats": 1,
        "max_cats": 1,
        "antagonize_text": null,
        "antagonize_fail_text": null,
        "history_text": {
            "scar": "This cat got heatstroke while on a patrol.",
            "reg_death": "This cat died from heat stroke.",
            "lead_death": "died from heat stroke"
        }
    },
    {
        "patrol_id": "dst_hunt_leafbarerainstorm1",
        "biome": "desert",
        "season": "leaf-bare",
        "tags": [
            "hunting",
            "large_prey",
            "comfort",
            "trust",
            "platonic",
            "rel_patrol",
            "patrol_to_p_l",
            "patrol_to_r_c"
        ],
        "intro_text": "It starts raining soon after the patrol sets out, trying to bring back something nice for the fresh-kill pile.",
        "decline_text": "They decide to turn back and wait until the rain dies down.",
        "chance_of_success": 50,
        "exp": 20,
        "success_text": {
            "unscathed_common": "The desert cats turn their faces to the skies, revelling in the life-giving water. It feels like the very world itself joins them in celebration, insects emerging from hiding and chirping, birds flitting across the sandy scrubland, and the patrol returns to camp with a huge bounty of catches.",
            "stat_skill": "s_c leads the patrol to one of their favourite hunting spots, a bounce in everyone's steps as the water promises new life for the desert. The cats are unused to hunting the scrubland in wet, let alone in mud, but thanks to s_c they bring home a mighty haul, laughing at eachother's damp and fluffed out fur.",
            "stat_trait": "The cats slip and slide in a world suddenly damp and wet in the growing rainstorm, but s_c commiserates with those who fall and encourages every cat on, the patrol not only having fun with each other, but also managing to catch a good haul of desert creatures as confused by the slippery ground as they are."
        },
        "fail_text": {
            "unscathed_common": "Although the cats rejoice at the rain, after the uptenth time someone slips on the wet rock the hunting trip has to be called off. They'll go out again soon, ready to take advantage of the bounty of Leaf-bare."
        },
        "win_skills": [
            "HUNTER,2"
        ],
        "win_trait": [
            "altruistic",
            "compassionate",
            "empathetic",
            "faithful",
            "loving"
        ],
        "min_cats": 2,
        "max_cats": 6
    },
    {
        "patrol_id": "dst_hunt_leafbarerainstorm2",
        "biome": "desert",
        "season": "leaf-bare",
        "tags": [
            "hunting",
            "medium_prey"
        ],
        "intro_text": "It starts raining soon after r_c sets out, trying to bring back something nice for the fresh-kill pile.",
        "decline_text": "They decide to turn back and wait until the rain dies down.",
        "chance_of_success": 40,
        "exp": 10,
        "success_text": {
            "unscathed_common": "Despite the rain, and how unfamiliar the desert looks in the gray haze, r_c manages to hunt successfully, finding the normal birds hiding from the downpour. It amuses them that their prey hides in the same places from rain as the birds normally do from sun.",
            "stat_skill": "s_c really shows their talent, hunting down a mid-sized tortiose that has overturned itself on the newly slippery ground in the rain storm."
        },
        "fail_text": {
            "unscathed_common": "Although r_c rejoices at the rain, after the uptenth time they slip on the wet rock the hunting trip has to be called off. They'll go out again soon, ready to take advantage of the bounty of Leaf-bare."
        },
        "win_skills": [
            "HUNTER,2"
        ],
        "min_cats": 1,
        "max_cats": 1
    },
    {
        "patrol_id": "dst_hunt_leafbarerainstorm3",
        "biome": "desert",
        "season": "leaf-bare",
        "tags": [
            "hunting",
            "comfort",
            "trust",
            "rel_patrol",
            "romantic",
            "no_app"
        ],
        "intro_text": "It starts raining soon after the patrol sets out, trying to bring back something nice for the fresh-kill pile.",
        "decline_text": "They decide to turn back and wait until the rain dies down.",
        "chance_of_success": 50,
        "exp": 10,
        "success_text": {
            "unscathed_common": "A storm descends, sudden and violent enough to drive the c_n cats to shelter. The life-giving water is still a relief to witness, but they aren't interested in being as pummeled like the dry ground. The cats shelter in a rocky alcove, sharing stories and laughing occasionally as everyone shares tongues, licking their pelts dry.",
            "stat_skill": "A storm descends, sudden and violent enough to drive the c_n cats to shelter. s_c keeps everyone's spirits up as the patrol hides in an abandoned tortoise den where the wind can't get them, until everyone is talking, a little damp but keeping eachother's spirits up.",
            "stat_trait": "A storm descends, sudden and violent enough to drive the c_n cats to shelter. As the cats hide from the wind, s_c keeps an eye out for everyone. There's a lot of restless energy in the shelter as the cats watch Leaf-bare bless c_n, but it's easily redirected to games and friendly debates, perhaps even a little flirting."
        },
        "fail_text": {
            "unscathed_common": "Although the cats rejoice at the rain, after the uptenth time someone slips on the wet rock the hunting trip has to be called off. They'll go out again soon, ready to take advantage of the bounty of Leaf-bare."
        },
        "win_skills": [
            "SPEAKER,2"
        ],
        "win_trait": [
            "altruistic",
            "compassionate",
            "empathetic",
            "faithful",
            "loving"
        ],
        "min_cats": 2,
        "max_cats": 6
    },
    {
        "patrol_id": "dst_hunt_swiftfox_anysteal1",
        "biome": "desert",
        "season": "Any",
        "tags": [
            "hunting",
            "small_prey",
            "comfort",
            "respect",
            "rel_patrol"
        ],
        "intro_text": "Your patrol spots a swift fox in the distance, trotting through the scrubland with a desert hare in its jaws.",
        "decline_text": "Best not to risk a fight. The patrol watches it go.",
        "chance_of_success": 70,
        "exp": 30,
        "success_text": {
            "unscathed_common": "Outraged, your cats charge the poacher, determined to rip its pelt off. No one steals from c_n! The fox jumps, starled, and streaks for the horizon, but with a full patrol your cats chase it until it drops the hare and crosses the border. Hrumph! Though it's only a small haul of prey for a hunting patrol, at least they've gotten rid of the prey thief.",
            "unscathed_rare": "With many cats, they're able to catch the swift fox, even though it lives up to its name. It might be swift, but its not much else, and your patrol manages to pull it down and kill the intruder, protecting c_n's lands. Oh, and they also win that hare too.",
            "stat_skill": "s_c stops them before the patrol can start haring off after the swift fox. Instead, the cats sneak up on it, not allowing it to deploy its speed to escape. It's a successful strategy, and together they're able to bring down the fox, winning both the prey it poached and the chance to eliminate a thief.",
            "stat_trait": "s_c leads the charge! Their boldness sends the swift fox running, and though they lose the fox in a tumble of blouders the cats can at least bring the hare home for the fresh-kill pile."
        },
        "fail_text": {
            "unscathed_common": "The swift fox spots the patrol coming and scarpers, tucking tail and fleeing across the horizon in an example of where the small canivore gets its name."
        },
        "win_skills": [
            "CLEVER,1"
        ],
        "win_trait": [
            "bloodthirsty",
            "fierce",
            "vengeful",
            "bold",
            "confident",
            "daring"
        ],
        "min_cats": 2,
        "max_cats": 6,
        "antagonize_text": null,
        "antagonize_fail_text": null
    },
    {
        "patrol_id": "dst_hunt_swiftfox_anysteal2",
        "biome": "desert",
        "season": "Any",
        "tags": [
            "hunting",
            "large_prey",
            "fighting",
            "scar",
            "LEGBITE",
            "small_bite_injury"
        ],
        "intro_text": "r_c spots a swift fox in the distance, trotting through the scrubland with a desert hare in its jaws. It's the biggest of the foxes in c_n's territory, the size of a cat, and r_c is alone. Should they try and take it on?",
        "decline_text": "Best not to risk a fight. r_c watches it go.",
        "chance_of_success": 60,
        "exp": 20,
        "success_text": {
            "unscathed_common": "r_c charges the fox, puffed up and snarling! The fox turns tail and runs, dropping the hare in the process, and r_c retreives the poached prey for c_n's fresh-kill pile.",
            "unscathed_rare": "The swift fox is tired from its hunt, and not capable of living up to its name. r_c catches it in a chase, and claims the hare back for c_n, leaving the fox with a bloodied nose. That'll teach it!",
            "stat_skill": "r_c sneaks up on the fox, approaching through the cover of thornbushes. They burst out, snarling with claws extended, and batter the fox as it screams in surprise, dropping it's stolen prey and jumping backwards. Only it flinches back into more thornbushes, and r_c picks up the dropped hare and pads back to camp, leaving the thief to struggle out of the thorns by itself.",
            "stat_trait": "It makes r_c's blood boil, watching the fox carry away prey it's stolen from c_n's mouths. They creep between the fox and a ravine, waiting until the perfect moment, until they're able to burst from cover, snatching back the hare as the fox tumbles into the steep gash in the ground."
        },
        "fail_text": {
            "unscathed_common": "The swift fox spots r_c coming and scarpers, tucking tail and fleeing across the horizon in an example of where the small canivore gets its name.",
            "injury": "Puffed up, r_c approaches the swift fox. But there's only one of them, and the fox is their equal in size and weight. Instead of running or giving its prey up, it snarls, and attacks. r_c gives just as good as they get, and both animals end up limping away."
        },
        "win_skills": [
            "CLEVER,1",
            "FIGHTER,1"
        ],
        "win_trait": [
            "bloodthirsty",
            "fierce",
            "vengeful",
            "bold",
            "confident",
            "daring"
        ],
        "min_cats": 1,
        "max_cats": 1,
        "antagonize_text": null,
        "antagonize_fail_text": null,
        "history_text": {
            "scar": "m_c carries a scar from fighting with a swift fox."
        }
    },
    {
        "patrol_id": "dst_hunt_swiftfox_leaf-fallvixen1",
        "biome": "desert",
        "season": "leaf-fall",
        "tags": [
            "hunting",
            "medium_prey1",
            "medium_prey2",
            "comfort",
            "respect",
            "rel_patrol"
        ],
        "intro_text": "Your patrol spots a swift fox in the distance, behaving weirdly.",
        "decline_text": "Best not to risk a fight. The patrol watches it go.",
        "chance_of_success": 70,
        "exp": 30,
        "success_text": {
            "unscathed_common": "Anticipating the coming rains, this fox is checking for a suitable burrow for her litter. And that burrow will not be in c_n's territory. The patrol makes that clear, screaming and charging at her until the fox flees beyond their borders, away from where her cubs could threaten the Clan.",
            "unscathed_rare": "She's looking for a place to den, and the patrol sets up an ambush. She crossed their borders, but she won't cross back over them again, and with her life ends the threat her cubs would have posed to c_n's kits.",
            "stat_skill": "s_c holds the patrol back until the swift fox's yips bring her mate, than the patrol strikes. While the vixen flees, her mate fights, and against warriors he doesn't stand a chance."
        },
        "fail_text": {
            "unscathed_common": "The swift fox spots the patrol coming and scarpers, tucking tail and fleeing across the horizon in an example of where the small canivore gets its name."
        },
        "win_skills": [
            "CLEVER,1"
        ],
        "min_cats": 2,
        "max_cats": 6,
        "antagonize_text": null,
        "antagonize_fail_text": null
    },
    {
        "patrol_id": "dst_hunt_swiftfox_leaf-fallvixen2",
        "biome": "desert",
        "season": "leaf-fall",
        "tags": [
            "hunting",
            "large_prey2",
            "fighting",
            "scar",
            "LEGBITE",
            "respect",
            "clan_to_r_c",
            "small_bite_injury"
        ],
        "intro_text": "r_c spots a swift fox in the distance, behaving weirdly. It's the biggest of the foxes in c_n's territory, the size of a cat, and r_c is alone. Should they try and take it on?",
        "decline_text": "Best not to risk a fight. r_c watches it go.",
        "chance_of_success": 60,
        "exp": 20,
        "success_text": {
            "unscathed_common": "She's scouting out potential dens for leaf-bare, r_c realises, and rushes to warn her off. Forget about hunting, driving off this vixen before she sets up a den within c_n's borders is more important.",
            "unscathed_rare": "She's scouting out potential dens for leaf-bare, r_c realises. This could be bad, and r_c gives up on the hunt, instead following the vixen and using tall rocks to bounce their yowls around her, convicning her this patch of desert contains a  thousand cats and warning her off from try to live in it.",
            "stat_skill": "s_c positions themselves down a burrow in the vixen's path, and as the swift fox approaches s_c bursts from it, pinning her down and using surprise to get in a crucial blow to her throat."
        },
        "fail_text": {
            "unscathed_common": "The swift fox spots r_c coming and scarpers, tucking tail and fleeing across the horizon in an example of where the small canivore gets its name.",
            "injury": "Puffed up, r_c approaches the swift fox. But there's only one of them, and the fox is their equal in size and weight. Instead of running or giving up, it snarls, and attacks. r_c gives just as good as they get, and both animals end up limping away."
        },
        "win_skills": [
            "CLEVER,1",
            "FIGHTER,1"
        ],
        "min_cats": 1,
        "max_cats": 1,
        "antagonize_text": null,
        "antagonize_fail_text": null,
        "history_text": {
            "scar": "m_c carries a scar from fighting with a swift fox."
        }
    },
    {
        "patrol_id": "dst_hunt_swiftfox_leaf-barevixen1",
        "biome": "desert",
        "season": "leaf-bare",
        "tags": [
            "hunting",
            "large_prey1",
            "large_prey2",
            "comfort",
            "respect",
            "rel_patrol",
            "fighting",
            "scar",
            "NECKBITE",
            "big_bite_injury"
        ],
        "intro_text": "Your patrol spots a swift fox in the distance, behaving weirdly.",
        "decline_text": "Best not to risk a fight. The patrol watches it go.",
        "chance_of_success": 50,
        "exp": 30,
        "success_text": {
            "unscathed_common": "The patrol charges the vixen, and she runs, leaving the scent of milk in the air behind her. Though they don't know where her cubs are hidden, without their mother they won't pose a threat to the Clan.",
            "unscathed_rare": "The patrol sneaks closer, until p_l realises that the vixen is approaching her den - a den when cubs must surely hide. A competitor denning within c_n's borders is an outrage, and the patrol leaps to attack, pinning the vixen in a mess of boulders. Her body, and that of her cubs, will go to the fresh-kill pile tonight.",
            "stat_skill": "s_c holds the patrol back until they spot the vixen's mate, approaching with poached prey in his jaws. Together, the cats ambush the foxes, bursting from cover with claws unshealthed as a vicious fight starts. But warriors fight as a team, and the foxes do not, and one flees, abandoning its mate to the fury of c_n."
        },
        "fail_text": {
            "unscathed_common": "The swift fox spots the patrol coming and scarpers, tucking tail and fleeing across the horizon in an example of where the small canivore gets its name.",
            "injury": "As the patrol descends on the vixen, her scream of surprise brings in her mate, changing the odds. The male bursts out from cover and sinks his teeth into r_c, both foxes using the patrol switching to r_c's defence as their signal to flee."
        },
        "win_skills": [
            "CLEVER,1",
            "FIGHTER,1"
        ],
        "min_cats": 2,
        "max_cats": 6,
        "antagonize_text": null,
        "antagonize_fail_text": null,
        "history_text": {
            "scar": "m_c was marked by a fight with a swift fox vixen."
        }
    },
    {
        "patrol_id": "dst_hunt_swiftfox_leaf-barevixen2",
        "biome": "desert",
        "season": "leaf-bare",
        "tags": [
            "hunting",
            "medium_prey0",
            "large_prey2",
            "fighting",
            "scar",
            "NECKBITE",
            "respect",
            "clan_to_r_c",
            "small_bite_injury"
        ],
        "intro_text": "r_c spots a swift fox in the distance, behaving weirdly. It's the biggest of the foxes in c_n's territory, the size of a cat, and r_c is alone. Should they try and take it on?",
        "decline_text": "Best not to risk a fight. r_c watches it go.",
        "chance_of_success": 20,
        "exp": 30,
        "success_text": {
            "unscathed_common": "Sneaking closer, r_c realises that the wind carries the scent of milk from the vixen. She has cubs. Eventually she leaves the area, and r_c begins the hunt, checking every burrow, every crevice, every hole until they find the tiny fox cubs. Killing them protects the Clan, they remind themselves.",
            "unscathed_rare": "She has a den, r_c realises, one perched just under a rocky slope. Once the vixen leaves, r_c uses the rubble around it to bury the den, and it's contents. No swift cubs will be raised within c_n's borders.",
            "stat_skill": "s_c scents the air, following the milk scent of the mother fox from afar. It means they can position themselves for the perfect ambush, leaping from cover to fasten their teeth in her throat."
        },
        "fail_text": {
            "unscathed_common": "The swift fox spots r_c coming and scarpers, tucking tail and fleeing across the horizon in an example of where the small canivore gets its name.",
            "injury": "As r_c descends on the vixen, her scream of surprise brings in her mate, changing the odds. The male bursts out from cover and sinks his teeth into r_c, both foxes using the chance to flee."
        },
        "win_skills": [
            "CLEVER,1",
            "FIGHTER,1"
        ],
        "min_cats": 1,
        "max_cats": 1,
        "antagonize_text": null,
        "antagonize_fail_text": null,
        "history_text": {
            "scar": "m_c was marked by a fight with a swift fox vixen."
        }
    },
    {
        "patrol_id": "dst_hunt_swiftfox_newleafvixen1",
        "biome": "desert",
        "season": "newleaf",
        "tags": [
            "hunting",
            "large_prey1",
            "huge_prey2",
            "comfort",
            "respect",
            "rel_patrol",
            "fighting",
            "scar",
            "NECKBITE",
            "big_bite_injury"
        ],
        "intro_text": "Your patrol spots a swift fox in the distance, behaving weirdly.",
        "decline_text": "Best not to risk a fight. The patrol watches it go.",
        "chance_of_success": 70,
        "exp": 30,
        "success_text": {
            "unscathed_common": "The patrol charges the vixen, and she runs, leaving the scent of milk in the air behind her. But they don't know where her cubs might've been hidden, and they'll be old enough to survive without her - this bodes ill for greenleaf.",
            "unscathed_rare": "The patrol sneaks closer, until p_l realises that the vixen is approaching her den. Her cubs, nearly full grown on prey stolen from c_n's territory, poke their heads out, and the cats yowl in outrage. They charge the den, killing two of the cubs before the vixen runs with her third.",
            "stat_skill": "s_c holds the patrol back until they spot the vixen's mate, approaching with poached prey in his jaws. Together, the cats ambush the foxes, bursting from cover with claws unshealthed as a vicious fight starts. But warriors fight as a team, and the foxes do not, and one flees, abandoning its mate and cubs to the fury of c_n."
        },
        "fail_text": {
            "unscathed_common": "The swift fox spots the patrol coming and scarpers, tucking tail and fleeing across the horizon in an example of where the small canivore gets its name.",
            "injury": "As the patrol descends on the vixen, her scream of surprise brings in her mate, changing the odds. The male bursts out from cover and sinks his teeth into r_c, both foxes using the patrol switching to r_c's defence as their signal to flee."
        },
        "win_skills": [
            "CLEVER,1",
            "FIGHTER,1"
        ],
        "min_cats": 2,
        "max_cats": 6,
        "antagonize_text": null,
        "antagonize_fail_text": null,
        "history_text": {
            "scar": "m_c was marked by a fight with a swift fox vixen."
        }
    },
    {
        "patrol_id": "dst_hunt_swiftfox_newleafvixen2",
        "biome": "desert",
        "season": "newleaf",
        "tags": [
            "hunting",
            "medium_prey0",
            "large_prey2",
            "fighting",
            "scar",
            "NECKBITE",
            "respect",
            "clan_to_r_c",
            "small_bite_injury"
        ],
        "intro_text": "r_c spots a swift fox in the distance, behaving weirdly. It's the biggest of the foxes in c_n's territory, the size of a cat, and r_c is alone. Should they try and take it on?",
        "decline_text": "Best not to risk a fight. r_c watches it go.",
        "chance_of_success": 40,
        "exp": 30,
        "success_text": {
            "unscathed_common": "Sneaking closer, r_c realises that the wind carries the scent of milk from the vixen. She has cubs. Eventually she leaves the area, and r_c begins the hunt, checking every burrow, every crevice, every hole until they stumble over the den. Two of the cubs flee into the desert, while the third falls to r_c's claws.",
            "unscathed_rare": "She has a den, r_c realises, one perched just under a rocky slope. Once the vixen leaves, r_c uses the rubble around it to bury the den and its contents. No swift cubs will be raised within c_n's borders.",
            "stat_skill": "s_c scents the air, following the milk scent of the mother fox from afar. It means they can position themselves for the perfect ambush, leaping from cover to fasten their teeth in her throat. Her cubs will be old enough to survive without her, but this vixen will never raise kitten killers again."
        },
        "fail_text": {
            "unscathed_common": "The swift fox spots r_c coming and scarpers, tucking tail and fleeing across the horizon in an example of where the small canivore gets its name.",
            "injury": "As r_c descends on the vixen, her scream of surprise brings in her mate, changing the odds. The male bursts out from cover and sinks his teeth into r_c, both foxes using the chance to flee."
        },
        "win_skills": [
            "CLEVER,1",
            "FIGHTER,1"
        ],
        "min_cats": 1,
        "max_cats": 1,
        "antagonize_text": null,
        "antagonize_fail_text": null,
        "history_text": {
            "scar": "m_c was marked by a fight with a swift fox vixen."
        }
    },
    {
        "patrol_id": "dst_hunt_kitfox_scavenge1",
        "biome": "desert",
        "season": "Any",
        "tags": [
            "hunting",
            "huge_prey",
            "fighting",
            "injury",
            "sprain",
            "clan_to_patrol",
            "respect",
            "rel_patrol"
        ],
        "intro_text": "Your patrol catches the scent of a fox. Tracking it, they find a kit fox feeding on a young collared peccary, a bit too big to be called a piglet. It looks like this youngster got on the wrong side of the dominant boar of its group. The kit fox is barely strong enough to open the carcass.",
        "decline_text": "Your patrol decides the boar is probably coming back, and they don't want to be here when it arrives to feed on its victim.",
        "chance_of_success": 70,
        "exp": 20,
        "success_text": {
            "unscathed_common": "One tiny kit fox against your cats? No contest, and the fox knows it. As soon as it sees them it trots off, leaving the cats to bring as much of the peccary back to camp as they can possibly carry.",
            "unscathed_rare": "The kit fox gives way to the bigger cats, melting away into the scrubby dry bush as your cats bring as much of this feast as they can back to the Clan. It knows that the patrol will leave more than enough scraps behind to fill its belly full of pork.",
            "stat_skill": "s_c is smart enough to stop anyone from pursuing the kit fox as it melts away before them. There's no point - the peccary carcass is the real prize here, and the patrol should focused on bringing its meat back for the Clan.",
            "stat_trait": "The kit fox is irrelevant, and vanishes as soon as it sees the bigger predators coming to claim the carcass. Instead s_c focuses on maintaining a watch for other challengers, and their vigilence means the patrol sees the boar coming to cannibalise its victim from far off, making off with as much of the carcass as they can carry before it spots them."
        },
        "fail_text": {
            "unscathed_common": "One tiny kit fox against your cats? No contest. Your cats against the boar coming snuffling back? Also no contest, and the patrol wisely backs off as the boar begins to cannibalise its victim.",
            "injury": "One tiny kit fox against your cats? No contest. Your cats against the boar coming snuffling back? Also no contest, and as the patrol flees, r_c feels something pull painfully in {PRONOUN/r_c/poss} leg."
        },
        "win_skills": [
            "CLEVER,1"
        ],
        "win_trait": [
            "adventurous",
            "altruistic",
            "ambitious",
            "confident",
            "daring",
            "fierce",
            "responsible",
            "righteous"
        ],
        "min_cats": 2,
        "max_cats": 3,
        "antagonize_text": null,
        "antagonize_fail_text": null
    },
    {
        "patrol_id": "dst_hunt_kitfox_scavenge2",
        "biome": "desert",
        "season": "Any",
        "tags": [
            "hunting",
            "huge_prey",
            "fighting",
            "injury",
            "sprain",
            "clan_to_patrol",
            "respect",
            "rel_patrol"
        ],
        "intro_text": "Your patrol catches the scent of a fox. Tracking it, they find a kit fox feeding on a young collared peccary, a bit too big to be called a piglet. It looks like this youngster got on the wrong side of the dominant boar of its group. The kit fox is barely strong enough to open the carcass.",
        "decline_text": "Your patrol decides the boar is probably coming back, and they don't want to be here when it arrives to feed on its victim.",
        "chance_of_success": 30,
        "exp": 20,
        "success_text": {
            "unscathed_common": "One tiny kit fox against your cats? No contest, and the fox knows it. As soon as it sees them it trots off, leaving the cats to bring as much of the peccary back to camp as they can possibly carry.",
            "unscathed_rare": "The kit fox gives way to the bigger cats, melting away into the scrubby dry bush as your cats bring as much of this feast as they can back to the Clan. It knows that the patrol will leave more than enough scraps behind to fill its belly full of pork.",
            "stat_skill": "s_c is smart enough to stop anyone from pursuing the kit fox as it melts away before them. There's no point - the peccary carcass is the real prize here, and the patrol should focused on bringing its meat back for the Clan.",
            "stat_trait": "The kit fox is irrelevant, and vanishes as soon as it sees the bigger predators coming to claim the carcass. Instead s_c focuses on maintaining a watch for other challengers, and their vigilence means the patrol sees the boar coming to cannibalise its victim from far off, making off with as much of the carcass as they can carry before it spots them."
        },
        "fail_text": {
            "unscathed_common": "One tiny kit fox against your cats? No contest. Your cats against the boar coming snuffling back? Also no contest, and the patrol wisely backs off as the boar begins to cannibalise its victim.",
            "injury": "One tiny kit fox against your cats? No contest. Your cats against the boar coming snuffling back? Also no contest, and as the patrol flees, r_c feels something pull painfully in {PRONOUN/r_c/poss} leg."
        },
        "win_skills": [
            "CLEVER,1"
        ],
        "win_trait": [
            "adventurous",
            "altruistic",
            "ambitious",
            "confident",
            "daring",
            "fierce",
            "responsible",
            "righteous"
        ],
        "fail_trait": [
            "troublesome",
            "vengeful",
            "bloodthirsty",
            "bold"
        ],
        "min_cats": 4,
        "max_cats": 6,
        "antagonize_text": null,
        "antagonize_fail_text": null
    },
    {
        "patrol_id": "dst_hunt_kitfox_scavenge3",
        "biome": "desert",
        "season": "Any",
        "tags": [
            "hunting",
            "huge_prey",
            "fighting",
            "death",
            "no_body",
            "all_lives",
            "injury",
            "sprain",
            "clan_to_patrol",
            "respect"
        ],
        "intro_text": "r_c catches the scent of a fox. Tracking it, they find a kit fox feeding on a young collared peccary, a bit too big to be called a piglet. It looks like this youngster got on the wrong side of the dominant boar of its group. The kit fox is barely strong enough to open the carcass.",
        "decline_text": "r_c decides the boar is probably coming back, and they don't want to be here when it arrives to feed on its victim.",
        "chance_of_success": 30,
        "exp": 30,
        "success_text": {
            "unscathed_common": "One tiny kit fox? r-c sees it off with a pawswipe, not interested in trying to take the fox as prey when the peccary carcass exists. They try to bring as much of the peccary back to camp as they can possibly carry.",
            "unscathed_rare": "The kit fox gives way to the bigger cat, melting away into the scrubby dry bush as r_c brings as much of the feast as they can back to the Clan. It knows that the cat will leave more than enough scraps behind to fill its belly full of pork.",
            "stat_skill": "s_c is smart enough to stop themselves from pursuing the kit fox as it melts away before them. There's no point - the peccary carcass is the real prize here, and s_c is focused on bringing its meat back for the Clan.",
            "stat_trait": "The kit fox is irrelevant, and vanishes as soon as it sees the bigger predators coming to claim the carcass. Instead s_c focuses on maintaining a watch for other challengers, and their vigilence means they see the boar coming to cannibalise its victim from far off, making off with as much of the carcass as they can carry before it spots them."
        },
        "fail_text": {
            "unscathed_common": "Your patrol fails to drive away the fox, which keeps possession of the food. However there were no injuries.",
            "death": "One tiny kit fox against r_c? No contest. r_c settles in to open the carcass, but is caught unawares by the boar returning to reclaim it, and is killed and eaten by the boar.",
            "injury": "One tiny kit fox against your cats? No contest. r_c against the boar coming snuffling back? Also no contest, and as the patrol flees, r_c feels something pull painfully in {PRONOUN/r_c/poss} leg."
        },
        "win_skills": [
            "CLEVER,1",
            "FIGHTER,1"
        ],
        "win_trait": [
            "adventurous",
            "altruistic",
            "ambitious",
            "confident",
            "daring",
            "fierce",
            "responsible",
            "righteous"
        ],
        "fail_trait": [
            "troublesome",
            "vengeful",
            "bloodthirsty",
            "bold"
        ],
        "min_cats": 1,
        "max_cats": 1,
        "antagonize_text": null,
        "antagonize_fail_text": null,
        "history_text": {
            "reg_death": "m_c fell when {PRONOUN/m_c/subject} {VERB/m_c/were/was} surprised by a peccary boar.",
            "lead_death": "{VERB/m_c/were/was} gored and eaten by a peccary boar"
        }
    },
    {
        "patrol_id": "dst_hunt_kitfox_steal1",
        "biome": "desert",
        "season": "Any",
        "tags": [
            "hunting",
            "fighting",
            "scar",
            "LEGBITE",
            "small_bite_injury",
            "medium_prey",
            "trust"
        ],
        "intro_text": "r_c catches the scent of a fox. Tracking it down, the cats spot a kit fox wandering through their territory, carrying a mouse in its jaws.",
        "decline_text": "That's an insignificant amount of fresh-kill to start a fight over.",
        "chance_of_success": 70,
        "exp": 15,
        "success_text": {
            "unscathed_common": "The hunters melt into the thorny scrubland and surround the smaller predator. By the time it scents them, it's too late. While the hunters will happily accept the mouse it carried, the fox was the prey they were actually after.",
            "unscathed_rare": "The kit fox isn't crazy, and immediately drops the mouse, running for its life from the patrol. But your patrol is fster, though it exhausts them, and together they bring down the small fox for the fresh-kill pile.",
            "stat_skill": "s_c pounces, snarling, and the fox turns tail with a yelp. Only s_c isn't alone, and cats circle the fox as it turns and snarls, darting in to finish it off without mercy. Kit foxes not only steal prey, for c_n, they are prey.",
            "stat_trait": "It takes a certain level of swagger to take on another predator, but s_c has that swagger in spades, and they take the lead hunting down the kit fox, fearless as they win not just the mouse it stole, but the kit fox itself for c_n's fresh-kill pile."
        },
        "fail_text": {
            "unscathed_common": "The patrol approaches the kit fox, who spots them and sets off at full speed. It's not worth following them, not with the fox having a headstart.",
            "injury": "With a massive yowl, r_c charges the fox. It bares its teeth, unwilling to give up its hard won prey without a fight, and one wrong step puts r_c's pelt in range of those little jaws, as the small kit fox tries to live up to the reputation of its bigger and stronger relatives."
        },
        "win_skills": [
            "FIGHTER,1"
        ],
        "win_trait": [
            "adventurous",
            "ambitious",
            "bloodthirsty",
            "bold",
            "confident",
            "daring",
            "fierce",
            "loyal",
            "playful",
            "righteous",
            "shameless",
            "strict",
            "troublesome",
            "vengeful"
        ],
        "min_cats": 2,
        "max_cats": 4,
        "antagonize_text": null,
        "antagonize_fail_text": null,
        "history_text": {
            "scar": "m_c was scarred by a kit fox."
        }
    },
    {
        "patrol_id": "dst_hunt_kitfox_steal2",
        "biome": "desert",
        "season": "Any",
        "tags": [
            "hunting",
            "large_prey",
            "fighting",
            "scar",
            "LEGBITE",
            "small_bite_injury"
        ],
        "intro_text": "r_c catches the scent of a fox. Tracking it down, they spot a kit fox wandering through their territory, carrying a mouse in its jaws.",
        "decline_text": "That's an insignificant amount of fresh-kill to start a fight over.",
        "chance_of_success": 50,
        "exp": 25,
        "success_text": {
            "unscathed_common": "The hunter melts into the thorny scrubland and sneaks towards the smaller predator. By the time it scents them, it's too late. While r_c will happily accept the mouse it carried, the fox was the prey they were actually after.",
            "unscathed_rare": "The kit fox locks eyes with r_c as they emerge from the grass, weighing up its options against the bigger cat. r_c doesn't hesitate, leaps to attack it, and with their skill they're able to bring down the kit fox. It should have run from them - trying to keep its mouse means r_c will be able to add both to the fresh-kill pile.",
            "stat_skill": "s_c pounces, snarling, and the fox turns tail with a yelp. But they're prepared for the fox trying to flee, and leap fast and low to the gorund, slamming their teeth into the fox's throat. Kit foxes not only steal prey, for c_n, they are prey.",
            "stat_trait": "It takes a certain level of swagger to take on another predator, but s_c has that swagger in spades, fearless as they win not just the mouse it stole, but the kit fox itself for c_n's fresh-kill pile."
        },
        "fail_text": {
            "unscathed_common": "The patrol approaches the kit fox, who spots them and sets off at full speed. It's not worth following them, not with the fox having a headstart.",
            "injury": "With a massive yowl, r_c charges the fox. It bares its teeth, unwilling to give up its hard won prey without a fight, and one wrong step puts r_c's pelt in range of those little jaws, as the small kit fox tries to live up to the reputation of its bigger and stronger relatives."
        },
        "win_skills": [
            "FIGHTER,1"
        ],
        "win_trait": [
            "adventurous",
            "ambitious",
            "bloodthirsty",
            "bold",
            "confident",
            "daring",
            "fierce",
            "loyal",
            "playful",
            "righteous",
            "shameless",
            "strict",
            "troublesome",
            "vengeful"
        ],
        "min_cats": 1,
        "max_cats": 1,
        "antagonize_text": null,
        "antagonize_fail_text": null,
        "history_text": {
            "scar": "m_c carries a scar from a fight with a kit fox."
        }
    },
    {
        "patrol_id": "dst_hunt_kitfox_steal3",
        "biome": "desert",
        "season": "Any",
        "tags": [
            "hunting",
            "small_prey",
            "trust"
        ],
        "intro_text": "r_c catches the scent of a fox. Tracking it down, the cats spot a kit fox wandering through their territory, carrying a mouse in its jaws.",
        "decline_text": "That's an insignificant amount of fresh-kill to start a fight over.",
        "chance_of_success": 30,
        "exp": 15,
        "success_text": {
            "unscathed_common": "The hunters melt into the thorny scrubland and surround the smaller predator. By the time it scents them, it's too late. While the hunters will happily accept the mouse it carried, the fox was the prey they were actually after.",
            "unscathed_rare": "The kit fox isn't crazy, and immediately drops the mouse, running for its life from the patrol. But your patrol is fster, though it exhausts them, and together they bring down the small fox for the fresh-kill pile.",
            "stat_skill": "s_c pounces, snarling, and the fox turns tail with a yelp. Only s_c isn't alone, and cats circle the fox as it turns and snarls, darting in to finish it off without mercy. Kit foxes not only steal prey, for c_n, they are prey.",
            "stat_trait": "It takes a certain level of swagger to take on another predator, but s_c has that swagger in spades, and they take the lead hunting down the kit fox, fearless as they win not just the mouse it stole, but the kit fox itself for c_n's fresh-kill pile."
        },
        "fail_text": {
            "unscathed_common": "The patrol approaches the kit fox, who spots them and sets off at full speed. It's not worth following them, not with the fox having a headstart."
        },
        "win_skills": [
            "FIGHTER,1"
        ],
        "win_trait": [
            "adventurous",
            "ambitious",
            "bloodthirsty",
            "bold",
            "confident",
            "daring",
            "fierce",
            "loyal",
            "playful",
            "righteous",
            "shameless",
            "strict",
            "troublesome",
            "vengeful"
        ],
        "min_cats": 5,
        "max_cats": 6,
        "antagonize_text": null,
        "antagonize_fail_text": null
    }
]