[
    {
        "camp": "any",
        "tags": [
            "Greenleaf",
            "Newleaf",
            "Leaf-fall"
        ],
        "death_text": "m_c lost a life after falling into a river.",
        "history_text": {
            "lead_death": "fell into the river"
        },
        "cat_trait": null,
        "cat_skill": null,
        "other_cat_trait": null,
        "other_cat_skill": null
    },
    {
        "camp": "any",
        "tags": [
            "Newleaf",
            "Greenleaf",
            "Leaf-fall",
            "Leaf-bare"
        ],
        "death_text": "m_c lost a life when a hawk attempted to grab and lift {PRONOUN/m_c/object}.",
        "history_text": {
            "lead_death": "{VERB/m_c/were/was} grabbed by a hawk"
        },
        "cat_trait": null,
        "cat_skill": null,
        "other_cat_trait": null,
        "other_cat_skill": null,
        "cat_negate_skill": [
            "FIGHTER,2"
        ]
    },
    {
        "camp": "any",
        "tags": [
            "Newleaf",
            "Greenleaf",
            "Leaf-fall",
            "Leaf-bare"
        ],
        "death_text": "m_c was grabbed and dropped by an eagle, losing a life.",
        "history_text": {
            "lead_death": "{VERB/m_c/were/was} grabbed by an eagle"
        },
        "cat_trait": null,
        "cat_skill": null,
        "other_cat_trait": null,
        "other_cat_skill": null
    },
    {
        "camp": "any",
        "tags": [
            "Newleaf",
            "Greenleaf"
        ],
        "death_text": "m_c lost a life after being swept away by a flood.",
        "history_text": {
            "lead_death": "{VERB/m_c/were/was} swept away by a flood"
        },
        "cat_trait": null,
        "cat_skill": null,
        "other_cat_trait": null,
        "other_cat_skill": null
    },
    {
        "camp": "any",
        "tags": [
            "other_cat",
            "Newleaf",
            "Greenleaf",
            "Leaf-fall",
            "Leaf-bare",
            "rc_to_mc",
            "neg_dislike",
            "platonic",
            "respect",
            "trust",
            "secure"
        ],
        "death_text": "m_c lost a life defending r_c from a hawk.",
        "history_text": {
            "lead_death": "defended r_c from a hawk"
        },
        "cat_trait": [
            "altruistic",
            "bold",
            "bloodthirsty",
            "ambitious",
            "daring",
            "confident",
            "fierce",
            "loyal",
            "loving",
            "empathetic",
            "responsible",
            "righteous",
            "vengeful"
        ],
        "cat_skill": null,
        "other_cat_trait": null,
        "other_cat_skill": null,
        "cat_negate_skill": [
            "FIGHTER,2"
        ]
    },
    {
        "camp": "any",
        "tags": [
            "other_cat",
            "Newleaf",
            "Greenleaf",
            "Leaf-fall",
            "Leaf-bare",
            "rc_to_mc",
            "neg_dislike",
            "platonic",
            "respect",
            "trust",
            "secure"
        ],
        "death_text": "m_c lost a life defending r_c from an eagle.",
        "history_text": {
            "lead_death": "defended r_c from an eagle"
        },
        "cat_trait": [
            "altruistic",
            "bold",
            "bloodthirsty",
            "ambitious",
            "daring",
            "confident",
            "fierce",
            "loyal",
            "loving",
            "empathetic",
            "responsible",
            "righteous",
            "vengeful"
        ],
        "cat_skill": null,
        "other_cat_trait": null,
        "other_cat_skill": null,
        "cat_negate_skill": [
            "FIGHTER,2"
        ]
    },
    {
        "camp": "any",
        "tags": [
            "all_lives",
            "Newleaf",
            "Greenleaf",
            "Leaf-fall",
            "Leaf-bare",
            "no_body"
        ],
        "death_text": "m_c was carried off by an eagle, never to be seen again.",
        "history_text": {
            "lead_death": "{VERB/m_c/were/was} carried away by an eagle"
        },
        "cat_trait": null,
        "cat_skill": null,
        "other_cat_trait": null,
        "other_cat_skill": null,
        "cat_negate_skill": [
            "FIGHTER,2"
        ]
    },
    {
        "camp": "any",
        "tags": [
            "all_lives",
            "Newleaf",
            "Greenleaf",
            "Leaf-fall",
            "no_body"
        ],
        "death_text": "m_c fell into a river and was swept away by the current, never to be seen again.",
        "history_text": {
            "lead_death": "{VERB/m_c/were/was} swept away by the river"
        },
        "cat_trait": null,
        "cat_skill": null,
        "other_cat_trait": null,
        "other_cat_skill": null
    },
    {
        "camp": "any",
        "tags": [
            "all_lives",
            "Newleaf",
            "Greenleaf",
            "Leaf-fall",
            "Leaf-bare",
            "no_body"
        ],
        "death_text": "m_c fell into a sinkhole and was never seen again.",
        "history_text": {
            "lead_death": "fell into a sinkhole"
        },
        "cat_trait": null,
        "cat_skill": null,
        "other_cat_trait": null,
        "other_cat_skill": null
    },
    {
        "camp": "any",
        "tags": [
            "all_lives",
            "Newleaf",
            "Greenleaf",
            "Leaf-fall",
            "Leaf-bare"
        ],
        "death_text": "m_c fell into a hidden burrow and was buried alive, losing all {PRONOUN/m_c/poss} lives.",
        "history_text": {
            "lead_death": "fell into a hidden burrow"
        },
        "cat_trait": null,
        "cat_skill": null,
        "other_cat_trait": null,
        "other_cat_skill": null
    },
    {
        "camp": "any",
        "tags": [
            "all_lives",
            "Newleaf",
            "Green-leaf",
            "Leaf-fall",
            "Leaf-bare"
        ],
        "death_text": "m_c was buried alive when a burrow collapsed on {PRONOUN/m_c/object}, losing all {PRONOUN/m_c/poss} lives.",
        "history_text": {
            "lead_death": "{VERB/m_c/were/was} buried alive when a burrow collapsed"
        },
        "cat_trait": null,
        "cat_skill": null,
        "other_cat_trait": null,
        "other_cat_skill": null
    }
]