[
    {
        "injury": "bruises",
        "camp": "any",
        "tags": [
            "Newleaf",
            "Greenleaf",
            "Leaf-fall",
            "Leaf-bare"
        ],
        "event_text": "m_c was climbing a tree when {PRONOUN/m_c/subject} fell. Luckily, {PRONOUN/m_c/subject} {VERB/m_c/were/was} only bruised by the incident.",
        "cat_trait": null,
        "cat_skill": null,
        "other_cat_trait": null,
        "other_cat_skill": null
    },
    {
        "injury": "cracked pads",
        "camp": "any",
        "tags": [
            "Newleaf",
            "Greenleaf",
            "Leaf-fall",
            "Leaf-bare"
        ],
        "event_text": "m_c stepped on some sharp stones while walking along the shoreline.",
        "cat_trait": null,
        "cat_skill": null,
        "other_cat_trait": null,
        "other_cat_skill": null
    },
    {
        "injury": "small cut",
        "camp": "any",
        "tags": [
            "Newleaf",
            "Greenleaf",
            "Leaf-fall",
            "Leaf-bare"
        ],
        "event_text": "m_c was climbing a tree and got a splinter from one of the branches.",
        "cat_trait": null,
        "cat_skill": null,
        "other_cat_trait": null,
        "other_cat_skill": null
    },
    {
        "injury": "water in their lungs",
        "camp": "any",
        "tags": [
            "Newleaf",
            "Greenleaf",
            "Leaf-fall",
            "Leaf-bare"
        ],
        "event_text": "m_c was dragged out into the ocean by the tide, and inhaled a lot of water before managing to get out. {PRONOUN/m_c/subject/CAP}{VERB/m_c/'ve/'s} been hacking and sputtering ever since.",
        "history_text": {
            "reg_death": "m_c died from water-inhalation after being dragged out to sea."
        },
        "cat_trait": null,
        "cat_skill": null,
        "other_cat_trait": null,
        "other_cat_skill": null
    }
]