[
	{
		"id": "group_4_negative_gossip",
		"cat_amount": 4,
		"intensity": "low",
		"interactions": ["m_c is gossiping with r_c1 about r_c2 and r_c3"],
		"relationship_constraint": {
			"m_c_to_r_c2": ["dislike_10"],
			"r_c1_to_r_c2": ["dislike_10"],
			"m_c_to_r_c3": ["dislike_10"],
			"r_c1_to_r_c3": ["dislike_10"]
		},
		"specific_reaction":{
			"m_c_to_r_c1": {
				"comfortable": "increase"
			},
			"m_c_to_r_c2": {
				"platonic": "decrease",
				"dislike": "increase"
			},
			"r_c1_to_r_c2": {
				"platonic": "decrease",
				"dislike": "increase"
			},
			"r_c2_to_m_c":{
				"dislike": "increase"
			},
			"r_c2_to_r_c1":{
				"dislike": "increase"
			},
			"m_c_to_r_c3": {
				"platonic": "decrease",
				"dislike": "increase"
			},
			"r_c1_to_r_c3": {
				"platonic": "decrease",
				"dislike": "increase"
			},
			"r_c3_to_m_c":{
				"dislike": "increase"
			},
			"r_c3_to_r_c1":{
				"dislike": "increase"
			}
		}
	}
]