[
    {
        "camp": "any",
        "tags": [
            "Newleaf",
            "Greenleaf",
            "Leaf-fall",
            "Leaf-bare"
        ],
        "event_text": "m_c is scolded after sneaking out of camp."
    },
    {
        "camp": "any",
        "tags": [
            "other_cat",
            "other_cat_adult",
            "Newleaf",
            "Greenleaf",
            "Leaf-fall",
            "Leaf-bare"
        ],
        "event_text": "m_c falls into a river, but is saved by r_c."
    },
    {
        "camp": "any",
        "tags": [
            "other_clan",
            "rel_down",
            "Newleaf",
            "Greenleaf",
            "Leaf-fall",
            "Leaf-bare"
        ],
        "event_text": "m_c accidentally trespasses onto o_c's territory."
    },
    {
        "camp": "any",
        "tags": [
            "other_cat",
            "other_cat_app",
            "Newleaf",
            "Greenleaf",
            "Leaf-fall",
            "Leaf-bare"
        ],
        "event_text": "m_c sneaks out of camp with r_c."
    },
    {
        "camp": "any",
        "tags": [
            "other_cat",
            "other_cat_app",
            "romantic",
            "comfort",
            "respect",
            "trust",
            "neg_jealousy",
            "to_both"
        ],
        "event_text": "m_c and r_c were chatting about their day and the chores they finished when r_c mentioned {PRONOUN/r_c/subject} liked the smell of wild fruit. m_c decides to wear acc_plural on {PRONOUN/m_c/poss} pelt, hoping that r_c notices {PRONOUN/m_c/object}.",
        "accessories": [
            "BLUE BERRIES",
            "HOLLY"
        ]
    },
    {
        "camp": "any",
        "tags": [
            "Leaf-fall",
            "other_cat",
            "other_cat_kit",
            "comfort",
            "platonic"
        ],
        "event_text": "m_c is nearly blindsided by r_c as {PRONOUN/r_c/subject} {VERB/r_c/walk/walks} into camp after a long training day, listening to the kit squeak about a type of feather. r_c leads m_c to the nursery, where {PRONOUN/r_c/poss} carefully put acc_plural in m_c's fur.",
        "accessories": [
            "BLUE FEATHERS"
        ]
    },
    {
        "camp": "any",
        "tags": [
            "Newleaf",
            "Greenleaf",
            "Leaf-fall",
            "Leaf-bare",
            "other_cat",
            "other_cat_app",
            "dislike",
            "jealousy"
        ],
        "event_text": "m_c, for the umpteenth time, hears r_c complaining about the dry rye stalks underneath {PRONOUN/r_c/poss} paws when {PRONOUN/r_c/subject} {VERB/r_c/finish/finishes} cleaning the elders' den and got an idea. The next day, m_c adorns {PRONOUN/m_c/poss} pelt with acc_plural.",
        "accessories": [
            "RYE STALK"
        ]
    },
    {
        "camp": "any",
        "tags": [
            "Greenleaf",
            "Leaf-bare",
            "Leaf-fall",
            "Newleaf",
            "other_cat",
            "other_cat_app",
            "to_both",
            "platonic",
            "trust",
            "comfort",
            "neg_dislike"
        ],
        "event_text": "m_c and r_c sneak out of camp to see the sun rise."
    },
    {
        "camp": "any",
        "tags": [
            "Greenleaf",
            "Leaf-bare",
            "Leaf-fall",
            "Newleaf",
            "other_cat",
            "other_cat_app",
            "to_both",
            "platonic",
            "trust",
            "comfort",
            "neg_dislike"
        ],
        "event_text": "m_c and r_c sneak out of camp to see the moon rise."
    },
    {
        "camp": "any",
        "tags": [
            "Greenleaf",
            "Leaf-bare",
            "Leaf-fall",
            "Newleaf",
            "other_cat",
            "other_cat_app"
        ],
        "event_text": "m_c and r_c try to sneak out of camp, but are caught by their mentors."
    },
    {
        "camp": "any",
        "tags": [
            "Leaf-fall",
            "other_cat",
            "other_cat_app",
            "to_both",
            "platonic",
            "trust",
            "comfort",
            "neg_dislike"
        ],
        "event_text": "m_c and r_c play in the fallen leaves outside of camp."
    },
    {
        "camp": "any",
        "tags": [
            "Leaf-bare",
            "other_cat",
            "other_cat_app",
            "to_both",
            "platonic",
            "trust",
            "comfort",
            "neg_dislike"
        ],
        "event_text": "m_c and r_c play in the snow outside of camp."
    },
    {
        "camp": "any",
        "tags": [
            "Leaf-bare"
        ],
        "event_text": "m_c gets dared to hunt outside in the snow alone, and returns with acc_singular in {PRONOUN/m_c/poss} pelt.",
        "accessories": [
            "WILD",
            "PLANT"
        ]
    },
    {
        "camp": "any",
        "tags": [
            "Leaf-bare",
            "Newleaf",
            "Greenleaf",
            "Leaf-fall"
        ],
        "event_text": "m_c disappears for a few days, then returns to camp with a acc_singular around {PRONOUN/m_c/poss} neck.",
        "accessories": [
            "COLLAR"
        ]
    },
    {
        "camp": "any",
        "tags": [
            "other_cat",
            "other_cat_app",
            "Newleaf",
            "Greenleaf",
            "Leaf-fall",
            "to_both",
            "platonic",
            "trust",
            "comfort",
            "neg_dislike"
        ],
        "event_text": "m_c and r_c were practicing climbing when they found a nest of strange eggs."
    },
    {
        "camp": "any",
        "tags": [
            "other_cat",
            "other_cat_app",
            "Newleaf",
            "Greenleaf",
            "Leaf-fall",
            "to_both",
            "platonic",
            "trust",
            "comfort",
            "neg_dislike"
        ],
        "event_text": "m_c and r_c sneak out of camp to go bird watching."
    },
    {
        "camp": "any",
        "tags": [
            "Leaf-bare",
            "other_cat",
            "other_cat_app"
        ],
        "event_text": "m_c encourages r_c to play in the snow with {PRONOUN/m_c/object} during a patrol.",
        "cat_trait": "playful"
    },
    {
        "camp": "any",
        "tags": [
            "Leaf-bare",
            "Newleaf",
            "Greenleaf",
            "Leaf-fall",
            "other_cat",
            "other_cat_app",
            "romantic",
            "comfort",
            "trust"
        ],
        "event_text": "m_c gives r_c a acc_singular to make up for a bad fight between them.",
        "accessories": [
            "WILD",
            "PLANT"
        ]
    },
    {
        "camp": "any",
        "tags": [
            "Newleaf",
            "Greenleaf",
            "Leaf-fall",
            "Leaf-bare",
            "other_clan"
        ],
        "event_text": "m_c was seen racing along the border with {PRONOUN/m_c/poss} rival from o_c."
    },
    {
        "camp": "any",
        "tags": [
            "Newleaf",
            "Greenleaf",
            "Leaf-fall",
            "Leaf-bare"
        ],
        "event_text": "m_c was seen playing with a kittypet over the border."
    },
    {
        "camp": "any",
        "tags": [
            "Newleaf",
            "Greenleaf",
            "Leaf-fall",
            "Leaf-bare"
        ],
        "event_text": "m_c was seen taking food from a Twoleg!"
    },
    {
        "camp": "any",
        "tags": [
            "Newleaf",
            "Greenleaf",
            "Leaf-fall",
            "Leaf-bare",
            "other_clan"
        ],
        "event_text": "m_c was seen speaking with someone from o_c."
    },
    {
        "camp": "any",
        "tags": [
            "Newleaf",
            "Greenleaf",
            "Leaf-fall",
            "Leaf-bare"
        ],
        "event_text": "m_c was seen speaking with a loner."
    },
    {
        "camp": "any",
        "tags": [
            "Newleaf",
            "Greenleaf",
            "Leaf-fall",
            "Leaf-bare"
        ],
        "event_text": "m_c was seen speaking with a rogue."
    },
    {
        "camp": "any",
        "tags": [
            "Newleaf",
            "Greenleaf",
            "Leaf-fall",
            "Leaf-bare"
        ],
        "event_text": "m_c was seen speaking with a kittypet."
    },
    {
        "camp": "any",
        "tags": [
            "Newleaf",
            "Greenleaf",
            "Leaf-fall",
            "Leaf-bare"
        ],
        "event_text": "m_c was seen chasing a rogue off of the territory."
    },
    {
        "camp": "any",
        "tags": [
            "Newleaf",
            "Greenleaf",
            "Leaf-fall",
            "Leaf-bare"
        ],
        "event_text": "m_c was seen chasing a loner off of the territory."
    },
    {
        "camp": "any",
        "tags": [
            "Newleaf",
            "Greenleaf",
            "Leaf-fall",
            "Leaf-bare"
        ],
        "event_text": "m_c was seen chasing a kittypet off of the territory."
    },
    {
        "camp": "any",
        "tags": [
            "Newleaf",
            "Greenleaf",
            "Leaf-fall",
            "Leaf-bare"
        ],
        "event_text": "m_c was caught sharing prey with a rogue, who was chased off by a patrol."
    },
    {
        "camp": "any",
        "tags": [
            "Newleaf",
            "Greenleaf",
            "Leaf-fall",
            "Leaf-bare"
        ],
        "event_text": "m_c was caught sharing prey with a kittypet, who was chased off by a patrol."
    },
    {
        "camp": "any",
        "tags": [
            "Newleaf",
            "Greenleaf",
            "Leaf-fall",
            "Leaf-bare",
            "other_clan"
        ],
        "event_text": "m_c was loitering around o_c's border, looking for a specific cat."
    },
    {
        "camp": "any",
        "tags": [
            "Newleaf",
            "Greenleaf",
            "Leaf-fall",
            "Leaf-bare",
            "other_clan",
            "rel_down"
        ],
        "event_text": "m_c was seen arguing, and borderline-fighting with, a cat from o_c."
    },
    {
        "camp": "any",
        "tags": [
            "Newleaf",
            "Greenleaf",
            "Leaf-fall",
            "Leaf-bare",
            "other_clan",
            "rel_down"
        ],
        "event_text": "m_c was seen arguing, and borderline-fighting with, a rogue."
    },
    {
        "camp": "any",
        "tags": [
            "Newleaf",
            "Greenleaf",
            "Leaf-fall",
            "Leaf-bare",
            "other_clan",
            "rel_down"
        ],
        "event_text": "m_c was seen arguing, and borderline-fighting with, a kittypet."
    },
    {
        "camp": "any",
        "tags": [
            "Newleaf",
            "Greenleaf",
            "Leaf-fall",
            "Leaf-bare"
        ],
        "event_text": "m_c was seen talking calmly to a loner, before both cats went their separate ways."
    },
    {
        "camp": "any",
        "tags": [
            "Newleaf",
            "Greenleaf",
            "Leaf-fall",
            "Leaf-bare",
            "other_clan",
            "rel_up"
        ],
        "event_text": "m_c was seen speaking calmly to a cat from o_c."
    },
    {
        "camp": "any",
        "tags": [
            "Newleaf",
            "Greenleaf",
            "Leaf-fall",
            "Leaf-bare"
        ],
        "event_text": "m_c was seen talking calmly to a loner, before both cats went their separate ways."
    },
    {
        "camp": "any",
        "tags": [
            "Newleaf",
            "Greenleaf",
            "Leaf-fall",
            "Leaf-bare"
        ],
        "event_text": "m_c was seen in a very serious conversation with a kittypet, who ran away when another patrol approached."
    },
    {
        "camp": "any",
        "tags": [
            "Newleaf",
            "Greenleaf",
            "Leaf-fall",
            "Leaf-bare",
            "war",
            "other_clan"
        ],
        "event_text": "m_c is struggling to cope with the violence and chaos of war surrounding {PRONOUN/m_c/object}, finding it difficult to wake up in the morning due to the stress and strain of constant battle training.",
        "cat_trait": [
            "nervous",
            "lonesome",
            "playful",
            "careful",
            "compassionate",
            "loving",
            "insecure"
        ]
    },
    {
        "camp": "any",
        "tags": [
            "Newleaf",
            "Greenleaf",
            "Leaf-fall",
            "Leaf-bare",
            "war"
        ],
        "event_text": "m_c feels like {PRONOUN/m_c/subject} might be growing up too fast in the midst of war."
    }
]