[
    {
        "camp": "any",
        "tags": [
            "Newleaf",
            "Greenleaf",
            "Leaf-fall",
            "Leaf-bare"
        ],
        "event_text": "m_c is scolded after sneaking out of camp.",
        "cat_trait": null,
        "cat_skill": null,
        "other_cat_trait": null,
        "other_cat_skill": null
    },
    {
        "camp": "any",
        "tags": [
            "other_cat",
            "other_cat_adult",
            "Newleaf",
            "Greenleaf",
            "Leaf-fall",
            "Leaf-bare"
        ],
        "event_text": "m_c falls into a river, but is saved by r_c.",
        "cat_trait": null,
        "cat_skill": null,
        "other_cat_trait": null,
        "other_cat_skill": null
    },
    {
        "camp": "any",
        "tags": [
            "Newleaf",
            "Greenleaf",
            "Leaf-fall",
            "Leaf-bare"
        ],
        "event_text": "m_c was playing with acc_plural earlier, and decides to wear some of them.",
        "cat_trait": null,
        "cat_skill": null,
        "other_cat_trait": null,
        "other_cat_skill": null,
        "accessories": [
            "RED FEATHERS",
            "BLUE FEATHERS",
            "JAY FEATHERS"
        ]
    },
    {
        "camp": "any",
        "tags": [
            "other_cat_parent",
            "other_cat",
            "Newleaf",
            "Greenleaf",
            "Leaf-fall",
            "Leaf-bare"
        ],
        "event_text": "No matter how hard r_c tries, there's always something stuck in m_c's fur.",
        "cat_trait": null,
        "cat_skill": null,
        "other_cat_trait": null,
        "other_cat_skill": null,
        "accessories": [
            "HERBS",
            "PETALS",
            "DRY HERBS"
        ]
    },
    {
        "camp": "any",
        "tags": [
            "other_cat",
            "to_both",
            "platonic",
            "comfort",
            "trust",
            "respect",
            "Newleaf",
            "Greenleaf",
            "Leaf-fall",
            "Leaf-bare"
        ],
        "event_text": "m_c is just too cute - r_c gives {PRONOUN/m_c/object} a pretty acc_singular as a gift.",
        "cat_trait": [
            "sweet",
            "polite"
        ],
        "cat_skill": null,
        "other_cat_trait": null,
        "other_cat_skill": null,
        "accessories": [
            "WILD",
            "PLANT"
        ]
    },
    {
        "camp": "any",
        "tags": [
            "other_cat",
            "other_cat_kit",
            "to_both",
            "platonic",
            "comfort",
            "trust",
            "neg_dislike",
            "Newleaf",
            "Greenleaf",
            "Leaf-fall",
            "Leaf-bare"
        ],
        "event_text": "r_c gives m_c a pretty acc_singular {PRONOUN/r_c/subject} found while playing.",
        "cat_trait": null,
        "cat_skill": null,
        "other_cat_trait": null,
        "other_cat_skill": null,
        "accessories": [
            "WILD",
            "PLANT"
        ]
    },
    {
        "camp": "any",
        "tags": [
            "other_cat",
            "other_cat_kit",
            "to_both",
            "dislike",
            "jealousy",
            "neg_platonic",
            "neg_trust",
            "neg_comfort",
            "neg_respect",
            "Newleaf",
            "Greenleaf",
            "Leaf-fall",
            "Leaf-bare"
        ],
        "event_text": "m_c starts bringing a pretty acc_singular everywhere {PRONOUN/m_c/subject} {VERB/m_c/go/goes}, and r_c loudly complains that {PRONOUN/r_c/subject} {VERB/r_c/want/wants} one, too.",
        "cat_trait": null,
        "cat_skill": null,
        "other_cat_trait": [
            "bullying",
            "impulsive",
            "attention-seeker"
        ],
        "other_cat_skill": null,
        "accessories": [
            "WILD",
            "PLANT"
        ]
    },
    {
        "camp": "any",
        "tags": [
            "Newleaf",
            "Greenleaf",
            "Leaf-fall",
            "Leaf-bare",
            "other_cat",
            "other_cat_parent"
        ],
        "event_text": "m_c finds some acc_singular to wear in {PRONOUN/m_c/poss} fur to impress r_c!",
        "cat_trait": [
            "attention-seeker",
            "charming"
        ],
        "cat_skill": null,
        "other_cat_trait": null,
        "other_cat_skill": null,
        "accessories": [
            "WILD",
            "PLANT"
        ]
    },
    {
        "camp": "any",
        "tags": [
            "Newleaf",
            "Greenleaf",
            "other_cat",
            "other_cat_kit",
            "to_both",
            "platonic",
            "comfort",
            "trust"
        ],
        "event_text": "m_c and r_c sneak out of camp to chase butterflies.",
        "cat_trait": null,
        "cat_skill": null,
        "other_cat_trait": null,
        "other_cat_skill": null
    },
    {
        "camp": "any",
        "tags": [
            "Leaf-fall",
            "other_cat",
            "other_cat_kit",
            "to_both",
            "platonic",
            "comfort",
            "trust"
        ],
        "event_text": "m_c and r_c play with the leaves around the camp.",
        "cat_trait": null,
        "cat_skill": null,
        "other_cat_trait": null,
        "other_cat_skill": null
    },
    {
        "camp": "any",
        "tags": [
            "Greenleaf",
            "other_cat",
            "other_cat_kit",
            "to_both",
            "platonic",
            "comfort",
            "trust"
        ],
        "event_text": "m_c and r_c chase fireflies around the camp, while the older warriors try to sleep.",
        "cat_trait": null,
        "cat_skill": null,
        "other_cat_trait": null,
        "other_cat_skill": null
    },
    {
        "camp": "any",
        "tags": [
            "Leaf-bare",
            "other_cat",
            "other_cat_kit",
            "to_both",
            "platonic",
            "comfort",
            "trust"
        ],
        "event_text": "m_c and r_c make little snow lumps at the entrance to the camp.",
        "cat_trait": null,
        "cat_skill": null,
        "other_cat_trait": null,
        "other_cat_skill": null
    },
    {
        "camp": "any",
        "tags": [
            "Leaf-bare",
            "other_cat",
            "other_cat_kit",
            "to_both",
            "platonic",
            "comfort",
            "trust"
        ],
        "event_text": "m_c and r_c flick snow at the older warriors, giggling as they hide behind the nursery.",
        "cat_trait": null,
        "cat_skill": null,
        "other_cat_trait": null,
        "other_cat_skill": null
    },
    {
        "camp": "any",
        "tags": [
            "Newleaf",
            "Greenleaf",
            "Leaf-fall",
            "Leaf-bare",
            "other_cat",
            "other_cat_kit"
        ],
        "event_text": "m_c and r_c try to sneak out of camp, but are caught and returned to the nursery.",
        "cat_trait": null,
        "cat_skill": null,
        "other_cat_trait": null,
        "other_cat_skill": null
    },
    {
        "camp": "any",
        "tags": [
            "Greenleaf",
            "Newleaf"
        ],
        "event_text": "m_c picks some flowers around the camp to bring back to the medicine den.",
        "cat_trait": null,
        "cat_skill": null,
        "other_cat_trait": null,
        "other_cat_skill": null
    },
    {
        "camp": "any",
        "tags": [
            "Greenleaf"
        ],
        "event_text": "m_c chases fireflies around the camp, while the older warriors sleep.",
        "cat_trait": null,
        "cat_skill": null,
        "other_cat_trait": null,
        "other_cat_skill": null
    },
    {
        "camp": "any",
        "tags": [
            "Leaf-fall",
            "other_cat",
            "other_cat_kit",
            "to_both",
            "platonic",
            "comfort",
            "trust"
        ],
        "event_text": "m_c and r_c lead a small leaf-gathering hunt, which the adult cats watch with amused purrs.",
        "cat_trait": null,
        "cat_skill": null,
        "other_cat_trait": null,
        "other_cat_skill": null
    },
    {
        "camp": "any",
        "tags": [
            "Newleaf",
            "Greenleaf",
            "Leaf-fall",
            "Leaf-bare",
            "war",
            "clan_kits",
            "other_cat",
            "other_cat_parent",
            "mc_to_rc",
            "comfort"
        ],
        "event_text": "m_c is being comforted by r_c after having nightmares about the big, bad o_c cats."
    },
    {
        "camp": "any",
        "tags": [
            "Newleaf",
            "Greenleaf"
        ],
        "event_text": "m_c caught an insect while sneaking outside of the camp and proudly wears its wings as a trophy of {PRONOUN/m_c/poss} journey.",
        "accessories": [
            "MOTH WINGS",
            "CICADA WINGS"
        ]
    }
]