{
    "text": [
        "<b>Welcome to Warrior Cats Clan generator!</b>",
        "",
        "This is a fan-made generator for the Warrior Cats -book series by Erin Hunter.",
        "",
        "You're welcome to use the characters and sprites generated in this program, as long as you don't claim the sprites as your own creations or sell them for any reason.",
        "",
        "<b>Original creator:</b> <i>just-some-cat.tumblr.com (anju)</i>",
        "",
        "<b>Fan edit made by:</b> <i>SableSteel</i>",
        "<b>With contributions from:</b>",
        "<i>(hover over a name to see their contributions!)",
        "{contrib}",
        "</i>Thank you to the beta testers and all those who have helped with development.",
        "",
        "<b>Thank you for playing!!</b>",
        "",
        "Code is licensed under <a href=https://www.mozilla.org/en-US/MPL/2.0/>Mozilla Public License Version 2.0</a>",
        "Art is licensed under <a href=https://creativecommons.org/licenses/by-nc/4.0/legalcode>CC-BY-NC 4.0</a> "
    ],
    "contrib": {
        "anju": "-Senior Contributor-<br>Creating the Original Game- Old Base Code (Clan creation, Clan screen, Timeskip, Mates and kits, StarClan), Base Sprites & Pelts, Patrol Arts, New Sprite Revisions, Shaders",
        "Archanyhm": "-Senior Contributor-<br>Contributed Auto-Updater, Update-API, macOS fixes, changelog display",
        "Blackfur": "-Senior Contributor-<br>Initial macOS port, maintainer of Clangen-Web",
        "coffee": "-Senior Contributor-<br>Code, writing",
        "Desmond The Furry": "-Senior Contributor-<br>Code",
        "ikethefifth": "-Senior Contributor-<br>Code",
        "keyraven (key)": "-Senior Contributor-<br>UI migration to pygame_gui, fading cats, mediator role, mask-based tortie system, Singlestripe pelt, skill and trait rework",
        "Lixxis": "-Senior Contributor-<br>Relationships (Base Code + Rework) / Interactions / Group Events, Poly-mates, adoptive parents, enhanced inheritance system, Injuries and Illnesses (Base Code), Pregnancy 'System', general Game-Code structure, Freshkill System (WIP) ",
        "Ryos": "-Senior Contributor-<br>Lots of White Patches, Patrol Rework, Spritesheet Update (added paralyzed and sick sprites), Thought Rework, Misc Writing & Art Additions, Sprite Wrangler",
        "SableSteel": "-Senior Contributor-<br>Created original patrol code, events, and a lot of updates of the fan edit",
        "scribble": "-Senior Contributor-<br>User Interface, Med Den, Herb System, Conditions System, Moon + Patrol Events, Camp Backgrounds + Other Art, History, Family Tree",
        "Acorn": "",
		"anonn (Nicole)": "Art and Writing",
        "beejeans": "Patrol sprites, classic, mackerel, and sokoke tabbies, various white patches",
        "catastrophe": "Writing (ceremonies, patrols, thoughts)",
        "Charlie": "Cream color and Pale Ginger modifications",
        "Chase": "Writing",
        "chrnakry": "User interface, bug fixes, cat names code, misc. code",
        "Chrome": "White patches, tortie masks, and name",
        "Clayteeth": "Og short haired paralyzed sprites, accessories, new scars art+code, assistance with short haired paralyzed sprite v2, patrol art ",
        "coyotedawn": "Art",
        "CrumbsDeluxe": "Code",
        "DaMoomin": "Patrol Art",
        "Danger! High Voltage": "Patrol Sprites, April fools 2023",
        "duskwhisker": "War event writing",
        "Fruit Punk": "Art",
        "green?": "Art",
        "grif": "Scar sprites, disability thoughts",
        "Hatsune Miku": "Code",
        "Hobohime": "Relationship event overhaul, writing contributions, editor, proof reader, MOON vit, half of PHANTOM vit, bug fixes",
        "Irony-Dragon": "",
        "izzyphobic": "Patrol Art / Grief Strings",
        "Kassi": "Various patrol sprites, various tortoiseshell sprites",
        "Kittenvy": "",
        "Kurtis": "Medcat thoughts and pronoun tagging",
        "larkgz": "Code",
        "lividjesmar": "Patrol art and various dead thoughts",
        "lumauve": "User interface, bug fixes, code",
        "Luna": "Part of Auto-Updater, Settings menu rework, Discord rpc, Cat paw cursor, and Internal optimizations",
        "MathKangaroo (Victor)": "Code",
        "Maxxicloudd": "Bugfixing and minor content",
        "milly!": "Art",
        "Mojito": "UR Background ",
        "Moss": "Writing",
        "Owanora": "Collar rework (classic + bell) , UI design (help) and assets , Mitaine White, OG short paralysed sprite pelts, cat paw cursor (asset)",
        "ozzie": "Bugfixes",
        "paradigox": "Writing contributions: herb and warrior patrols, grief strings, typo fixer, Dyslexic Proofreader",
        "Perrio": "Newborn sprites, Painted & Heart2 white patches, Sepiapoint+Minkpoint+Colorpoint",
        "redhairdl": "Numerous writing contributions",
        "Ronfaure": "Various Hunting/Meddy patrols, Leadership Ceremony, and Misc events",
        "Salix": "Art",
        "sami(RAYTRAC3R)": "First implementation of biomes, gender system, and profile tabs, helped Ryos with tortie recode bugs",
        "Shecker": "Code, cat toggles",
        "Shou": "Build workflow rewrite, initial lint/test workflows, bug/performance/refactoring fixes",
        "Silverstar": "Camp backgrounds, black and brown pelts, paralyzed and sick sprites, numerous patrol art, more eyes, misc code, patrols, and thoughts",
        "SkylerStarling": "Patrol sprites",
        "spookryx": "Writing ; Dislike + Jealousy strings",
        "SunlitFable": "Writing contributions; medicine cat patrols, both new and rewritten, far too many squirrel patrols in every biome, various typo and wording changes | 'PACMAN' and 'ROSETAIL' tortie patches",
        "Svmmoner": "POWDER vitligo marking, ORIOLE tortie patchs, war moon events and various bug fixes",
        "Tanukigami": "Accessory Code and other Coding Contributions",
        "teutonic": "Patrol Art",
        "Thrae": "Ideas and concepts for features, ceremony strings",
        "thyfrankie": "Writing",
        "Tiri": "Writing contributions: Recode of patrols, added randomised prey lists, herb gathering patrols, funeral ceremonies, prophecies",
        "transfoxes": "UI Button rewrite, misc code",
        "Tybaxel": "Patrol sprites, Clan creation screen art",
        "wood pank": "Art",
        "ZtheCorgi (Zabe)": "Nylon & indigo collars, various small bugfixes and proofreading"
    }
}