[
	{
		"id": "group_3_neutral_talk",
		"cat_amount": 3,
		"intensity": "low",
		"interactions": [
			"m_c confesses to r_c1 that {PRONOUN/m_c/subject} {VERB/m_c/have/has} feelings for r_c2.",
			"While m_c and r_c1 where talking, m_c had the feeling {PRONOUN/m_c/subject} can trust r_c1, and confesses that {PRONOUN/m_c/subject} {VERB/m_c/like/likes} r_c2."
		],
		"relationship_constraint": {
			"m_c_to_r_c1": ["trust_30"],
			"m_c_to_r_c2": ["romantic_15"]
		},
		"specific_reaction": {
			"m_c_to_r_c1": {
				"comfortable": "increase",
				"trust": "increase"
			},
			"r_c1_to_m_c": {
				"trust": "increase"
			}
		}
	},
	{
		"id": "group_3_neutral_talk2",
		"cat_amount": 3,
		"intensity": "low",
		"interactions": [
			"m_c, r_c1, and r_c2 had a nice talk, while eating.",
			"m_c, r_c1, and r_c2 took a sunbath and had a little small talk."
		],
		"general_reaction": {
			"comfortable": "increase",
			"disliked": "decrease",
			"platonic": "increase"
		}
	}
]