{
  "name": "Clangen Development",
  "forwardPorts": [6080, 5901],
  "image": "mcr.microsoft.com/devcontainers/base:ubuntu",
  "features": {
    "ghcr.io/devcontainers/features/desktop-lite:1": {
      "password": "clangen"
    },
    "ghcr.io/devcontainers/features/python:1": {},
    "ghcr.io/devcontainers-contrib/features/pylint:2": {}
  },
  "capAdd": ["SYS_PTRACE"],
  "postCreateCommand": "pip install -r requirements.txt",
  "remoteEnv": {
    "SDL_AUDIODRIVER": "dsp"
  },
  "customizations": {
    "vscode": {
      "extensions": [
        "benjaminbenais.copilot-theme",
        "GitHub.copilot",
        "GitHub.copilot-labs",
        "Tyriar.luna-paint",
        "aaron-bond.better-comments",
        "ms-python.pylint",
        "eamodio.gitlens"
      ],
      "settings": {
        "workbench.colorTheme": "Copilot Theme"
      }
    },
    "codespaces": {
      "openFiles": [
        "main.py"
      ]
    }
  }
}
