[
    {
        "camp": "any",
        "tags": [
            "Newleaf",
            "Greenleaf",
            "Leaf-fall",
            "Leaf-bare"
        ],
        "death_text": "m_c died in a training accident.",
        "history_text": {
            "reg_death": "m_c died in a training accident."
        },
        "cat_trait": null,
        "cat_skill": null,
        "other_cat_trait": null,
        "other_cat_skill": null
    },
    {
        "camp": "any",
        "tags": [
            "other_clan",
            "hostile",
            "neutral",
            "rel_down",
            "Greenleaf",
            "Leaf-fall",
            "Leaf-bare"
        ],
        "death_text": "m_c was killed by o_c warriors when {PRONOUN/m_c/subject} accidentally wandered over the border.",
        "history_text": {
            "reg_death": "m_c was killed by o_c warriors after accidentally trespassing."
        },
        "cat_trait": [
            "nervous",
            "strange",
            "childish",
            "troublesome",
            "lonesome"
        ],
        "cat_skill": null,
        "other_cat_trait": null,
        "other_cat_skill": null
    },
    {
        "camp": "any",
        "tags": [
            "other_clan",
            "hostile",
            "neutral",
            "rel_down",
            "Newleaf",
            "Greenleaf",
            "Leaf-fall",
            "Leaf-bare"
        ],
        "death_text": "m_c was killed by o_c warriors after deliberately going over the border.",
        "history_text": {
            "reg_death": "m_c was killed by o_c warriors after deliberately trespassing."
        },
        "cat_trait": [
            "daring",
            "bold",
            "confident",
            "playful",
            "fierce",
            "ambitious",
            "bloodthirsty",
            "fierce",
            "shameless",
            "troublesome",
            "vengeful",
            "strange",
            "sneaky"
        ],
        "cat_skill": null,
        "other_cat_trait": null,
        "other_cat_skill": null
    },
    {
        "camp": "any",
        "tags": [
            "other_clan",
            "hostile",
            "neutral",
            "rel_down",
            "Newleaf",
            "Greenleaf",
            "Leaf-fall",
            "Leaf-bare"
        ],
        "death_text": "m_c died in a border skirmish against o_c.",
        "history_text": {
            "reg_death": "m_c died in a border skirmish against o_c."
        },
        "cat_trait": null,
        "cat_skill": null,
        "other_cat_trait": null,
        "other_cat_skill": null
    },
    {
        "camp": "any",
        "tags": [
            "multi_death",
            "other_cat_app",
            "other_clan",
            "hostile",
            "neutral",
            "rel_down",
            "Newleaf",
            "Greenleaf",
            "Leaf-fall",
            "Leaf-bare"
        ],
        "death_text": "m_c and r_c are killed in a border skirmish against o_c.",
        "history_text": {
            "reg_death": "m_c died in a border skirmish against o_c."
        },
        "cat_trait": null,
        "cat_skill": null,
        "other_cat_trait": null,
        "other_cat_skill": null,
        "cat_negate_skill": [
            "FIGHTER,2"
        ],
        "other_cat_negate_skill": [
            "great fighter",
            "excellent fighter"
        ]
    }
]