[
    {
        "camp": "any",
        "tags": [
            "other_cat",
            "murder",
            "Newleaf",
            "Greenleaf",
            "Leaf-fall",
            "Leaf-bare",
            "rc_to_mc",
            "neg_platonic",
            "dislike"
        ],
        "death_text": "m_c was murdered. The culprit is unknown.",
        "history_text": {
            "reg_death": "m_c was secretly murdered by r_c.",
            "reg_murder_unrevealed": "m_c was murdered by an unknown killer."
        },
        "other_cat_skill": [
            "CLEVER,1"
        ]
    },
    {
        "camp": "any",
        "tags": [
            "other_cat",
            "murder",
            "revealed",
            "Newleaf",
            "Greenleaf",
            "Leaf-fall",
            "Leaf-bare",
            "rc_to_mc",
            "neg_platonic",
            "dislike"
        ],
        "death_text": "m_c was murdered. r_c stands over {PRONOUN/m_c/object}, blood dripping from {PRONOUN/r_c/poss} pelt.",
        "history_text": {
            "reg_death": "m_c was murdered by r_c.",
            "reg_murder_unrevealed": "m_c was murdered by an unknown killer."
        },
        "other_cat_skill": [
            "FIGHTER,2"
        ]
    },
    {
        "camp": "any",
        "tags": [
            "other_cat",
            "murder",
            "revealed",
            "Newleaf",
            "Greenleaf",
            "Leaf-fall",
            "Leaf-bare",
            "rc_to_mc",
            "neg_platonic",
            "dislike"
        ],
        "death_text": "m_c was murdered by r_c in cold blood.",
        "history_text": {
            "reg_death": "m_c was murdered by r_c.",
            "reg_murder_unrevealed": "m_c was murdered by an unknown killer."
        },
        "other_cat_skill": [
            "FIGHTER,2"
        ],
        "cat_negate_skill": [
            "FIGHTER,2"
        ]
    },
    {
        "camp": "any",
        "tags": [
            "other_cat",
            "murder",
            "Newleaf",
            "Greenleaf",
            "Leaf-fall",
            "Leaf-bare",
            "rc_to_mc",
            "neg_platonic",
            "dislike"
        ],
        "death_text": "m_c was murdered by r_c in cold blood. r_c has made the death look accidental.",
        "history_text": {
            "reg_death": "m_c was secretly murdered by r_c, who made the death look accidental.",
            "reg_murder_unrevealed": "m_c was murdered by an unknown killer, who made the death look accidental."
        },
        "other_cat_skill": [
            "FIGHTER,2",
            "CLEVER,3"
        ],
        "cat_negate_skill": [
            "FIGHTER,2"
        ]
    },
    {
        "camp": "any",
        "tags": [
            "other_cat_med",
            "murder",
            "revealed",
            "Newleaf",
            "Greenleaf",
            "Leaf-fall",
            "Leaf-bare",
            "rc_to_mc",
            "neg_comfort",
            "dislike",
            "neg_platonic"
        ],
        "death_text": "r_c killed m_c by feeding {PRONOUN/m_c/object} deathberries.",
        "history_text": {
            "reg_death": "m_c was murdered by r_c, who fed {PRONOUN/m_c/object} deathberries.",
            "reg_murder_unrevealed": "m_c was murdered by an unknown killer with deathberries."
        },
        "cat_negate_skill": [
            "CLEVER,2"
        ]
    },
    {
        "camp": "any",
        "tags": [
            "other_cat_med",
            "murder",
            "revealed",
            "Newleaf",
            "Greenleaf",
            "Leaf-fall",
            "Leaf-bare",
            "rc_to_mc",
            "neg_comfort",
            "dislike",
            "neg_platonic"
        ],
        "death_text": "r_c killed m_c by feeding {PRONOUN/m_c/object} foxglove seeds.",
        "history_text": {
            "reg_death": "m_c was murdered by r_c, who fed {PRONOUN/m_c/object} foxglove seeds.",
            "reg_murder_unrevealed": "m_c was murdered by an unknown killer with foxglove seeds."
        },
        "cat_negate_skill": [
            "CLEVER,2"
        ]
    },
    {
        "camp": "any",
        "tags": [
            "other_cat_med",
            "murder",
            "revealed",
            "Newleaf",
            "Greenleaf",
            "Leaf-fall",
            "Leaf-bare",
            "rc_to_mc",
            "neg_comfort",
            "dislike",
            "neg_platonic"
        ],
        "death_text": "r_c killed m_c by feeding {PRONOUN/m_c/object} nightshade berries.",
        "history_text": {
            "reg_death": "m_c was murdered by r_c, who fed {PRONOUN/m_c/object} nightshade berries.",
            "reg_murder_unrevealed": "m_c was murdered by an unknown killer with nightshade berries."
        },
        "cat_negate_skill": [
            "CLEVER,2"
        ]
    },
    {
        "camp": "any",
        "tags": [
            "other_cat_med",
            "murder",
            "revealed",
            "Newleaf",
            "Greenleaf",
            "Leaf-fall",
            "Leaf-bare",
            "rc_to_mc",
            "neg_comfort",
            "dislike",
            "neg_platonic"
        ],
        "death_text": "r_c killed m_c by feeding {PRONOUN/m_c/object} water hemlock.",
        "history_text": {
            "reg_death": "m_c was murdered by r_c, who fed {PRONOUN/m_c/object} water hemlock.",
            "reg_murder_unrevealed": "m_c was murdered by an unknown killer with water hemlock."
        },
        "cat_negate_skill": [
            "CLEVER,2"
        ]
    },
    {
        "camp": "any",
        "tags": [
            "other_cat_med",
            "murder",
            "revealed",
            "Newleaf",
            "Greenleaf",
            "Leaf-fall",
            "Leaf-bare",
            "rc_to_mc",
            "neg_comfort",
            "dislike",
            "neg_platonic"
        ],
        "death_text": "r_c killed m_c by consciously giving {PRONOUN/m_c/object} the wrong herbs.",
        "history_text": {
            "reg_death": "m_c was murdered by r_c, who purposefully fed {PRONOUN/m_c/object} the wrong herbs.",
            "reg_murder_unrevealed": "m_c was murdered by an unknown killer, by being fed incorrect herbs."
        },
        "cat_negate_skill": [
            "CLEVER,2"
        ]
    },
    {
        "camp": "any",
        "tags": [
            "Newleaf",
            "Greenleaf",
            "Leaf-fall",
            "Leaf-bare"
        ],
        "death_text": "m_c was found dead near a fox den.",
        "history_text": {
            "reg_death": "m_c was killed by a fox."
        },
        "cat_trait": [
            "daring",
            "adventurous",
            "bold",
            "fierce",
            "loyal",
            "lonesome",
            "troublesome"
        ],
        "cat_negate_skill": [
            "FIGHTER,2"
        ]
    },
    {
        "camp": "any",
        "tags": [
            "Newleaf",
            "Greenleaf",
            "Leaf-fall",
            "Leaf-bare"
        ],
        "death_text": "m_c was bitten by a snake, and succumbed to the venom.",
        "history_text": {
            "reg_death": "m_c was killed by a snake."
        }
    },
    {
        "camp": "any",
        "tags": [
            "clan_kits",
            "Newleaf",
            "Greenleaf",
            "Leaf-fall",
            "Leaf-bare"
        ],
        "death_text": "m_c saved a kit from a snake, but was bitten in the process. The venom killed {PRONOUN/m_c/object}.",
        "history_text": {
            "reg_death": "m_c was killed by a snake, while saving a kit."
        },
        "cat_trait": [
            "altruistic",
            "bold",
            "ambitious",
            "compassionate",
            "daring",
            "confident",
            "fierce",
            "loyal",
            "loving",
            "empathetic",
            "responsible",
            "righteous",
            "vengeful"
        ]
    },
    {
        "camp": "any",
        "tags": [
            "Newleaf",
            "Greenleaf",
            "Leaf-fall",
            "Leaf-bare"
        ],
        "death_text": "m_c went missing, and was found dead out in the territory.",
        "history_text": {
            "reg_death": "m_c went missing, and was found dead."
        }
    },
    {
        "camp": "any",
        "tags": [
            "other_clan",
            "rel_down",
            "Newleaf",
            "Greenleaf",
            "Leaf-fall",
            "Leaf-bare"
        ],
        "death_text": "m_c was found dead near the o_c border.",
        "history_text": {
            "reg_death": "m_c was found dead near the o_c border."
        },
        "cat_negate_skill": [
            "FIGHTER,2"
        ]
    },
    {
        "camp": "any",
        "tags": [
            "Newleaf",
            "Greenleaf",
            "Leaf-fall",
            "Leaf-bare",
            "other_clan",
            "rel_down",
            "war",
            "other_cat",
            "multi_death"
        ],
        "death_text": "o_c attempted to break into the camp. m_c and r_c are left cold on the ground in the aftermath.",
        "history_text": {
            "reg_death": "This cat died when o_c tried to break into camp.",
            "lead_death": "tried to defend the Clan from o_c"
        }
    },
    {
        "camp": "any",
        "tags": [
            "Newleaf",
            "Greenleaf",
            "Leaf-fall",
            "Leaf-bare",
            "other_clan",
            "rel_down",
            "war",
            "other_cat",
            "other_cat_kit"
        ],
        "death_text": "o_c attempted to break into the camp. m_c died defending the nursery, r_c huddled beneath {PRONOUN/m_c/poss} cooling body.",
        "history_text": {
            "reg_death": "m_c died defending r_c from o_c warriors."
        },
        "cat_trait": [
            "vengeful",
            "bloodthirsty",
            "loving",
            "bold",
            "confident",
            "daring",
            "faithful",
            "fierce",
            "loyal",
            "responsible",
            "righteous"
        ]
    },
    {
        "camp": "any",
        "tags": [
            "other_cat",
            "Newleaf",
            "Greenleaf",
            "Leaf-fall",
            "Leaf-bare",
            "rc_to_mc",
            "platonic",
            "neg_dislike",
            "trust",
            "respect"
        ],
        "death_text": "m_c was burnt alive while trying to save r_c from a fire.",
        "history_text": {
            "reg_death": "m_c was killed in a fire while trying to save r_c."
        },
        "cat_trait": [
            "altruistic",
            "bold",
            "ambitious",
            "compassionate",
            "daring",
            "confident",
            "fierce",
            "loyal",
            "loving",
            "empathetic",
            "responsible"
        ]
    },
    {
        "camp": "any",
        "tags": [
            "classic",
            "Leaf-bare"
        ],
        "death_text": "m_c died after catching greencough.",
        "history_text": {
            "reg_death": "m_c died of greencough."
        }
    },
    {
        "camp": "any",
        "tags": [
            "classic",
            "Newleaf",
            "Greenleaf",
            "Leaf-fall",
            "Leaf-bare"
        ],
        "death_text": "m_c died from infected wounds.",
        "history_text": {
            "reg_death": "m_c died from infected wounds."
        }
    },
    {
        "camp": "any",
        "tags": [
            "multi_death",
            "classic",
            "other_cat",
            "Newleaf",
            "Greenleaf",
            "Leaf-fall",
            "Leaf-bare"
        ],
        "death_text": "m_c and r_c die from eating tainted prey.",
        "history_text": {
            "reg_death": "m_c died from eating tainted prey.",
            "lead_death": "ate tainted prey"
        }
    },
    {
        "camp": "any",
        "tags": [
            "multi_death",
            "other_cat",
            "other_cat_adult",
            "Newleaf",
            "Greenleaf",
            "Leaf-fall",
            "Leaf-bare"
        ],
        "death_text": "m_c fell into the river and r_c drowned alongside m_c while trying to rescue {PRONOUN/m_c/object}.",
        "history_text": {
            "reg_death": "m_c drowned alongside a Clanmate.",
            "lead_death": "drowned alongside a Clanmate"
        },
        "other_cat_trait": [
            "altruistic",
            "bold",
            "ambitious",
            "compassionate",
            "daring",
            "confident",
            "fierce",
            "loyal",
            "loving",
            "empathetic",
            "responsible"
        ]
    },
    {
        "camp": "any",
        "tags": [
            "multi_death",
            "other_cat_adult",
            "Newleaf",
            "Greenleaf",
            "Leaf-fall",
            "Leaf-bare"
        ],
        "death_text": "m_c and r_c are killed by a gang of rogues.",
        "history_text": {
            "reg_death": "m_c was killed by a gang of rogues.",
            "lead_death": "{VERB/m_c/were/was} killed by a gang of rogues"
        }
    },
    {
        "camp": "any",
        "tags": [
            "multi_death",
            "classic",
            "Newleaf",
            "Greenleaf",
            "Leaf-fall",
            "Leaf-bare"
        ],
        "death_text": "r_c and m_c die of greencough.",
        "history_text": {
            "reg_death": "m_c died of greencough.",
            "lead_death": "died of greencough"
        }
    },
    {
        "camp": "any",
        "tags": [
            "multi_death",
            "classic",
            "Newleaf",
            "Greenleaf",
            "Leaf-fall",
            "Leaf-bare"
        ],
        "death_text": "r_c and m_c die of yellowcough.",
        "history_text": {
            "reg_death": "m_c died of yellowcough.",
            "lead_death": "died of yellowcough"
        }
    },
    {
        "camp": "any",
        "tags": [
            "multi_death",
            "classic",
            "Newleaf",
            "Greenleaf",
            "Leaf-fall",
            "Leaf-bare"
        ],
        "death_text": "A bad case of greencough strikes the Clan, taking r_c and m_c's lives.",
        "history_text": {
            "reg_death": "m_c died of greencough.",
            "lead_death": "died of greencough"
        }
    },
    {
        "tags": [
            "other_cat",
            "Newleaf",
            "Greenleaf",
            "Leaf-fall",
            "Leaf-bare"
        ],
        "camp": "Any",
        "death_text": "m_c has always wondered where {PRONOUN/m_c/subject} came from. {PRONOUN/m_c/subject/CAP} {VERB/m_c/sneak/sneaks} out of camp, intending to find loners who might have some clues about {PRONOUN/m_c/poss} origins. Frantic with worry and confusion after finding m_c's empty nest in the morning, c_n launches a search. They find {PRONOUN/m_c/poss} cooling body after a long search and wonders why {PRONOUN/m_c/subject} decided to leave the safety of c_n, and what killed {PRONOUN/m_c/object}.",
        "history_text": {
            "reg_death": "Curiosity killed this cat.",
            "lead_death": "lost a life because of curiosity."
        },
        "backstory_constraint": [
            "abandoned1",
            "abandoned2",
            "abandoned3"
        ]
    },
    {
        "camp": "any",
        "tags": [
            "Newleaf",
            "Greenleaf",
            "Leaf-fall",
            "Leaf-bare",
            "war",
            "other_cat"
        ],
        "death_text": "m_c sacrificed {PRONOUN/m_c/self} for r_c in a battle with o_c.",
        "history_text": {
            "reg_death": "m_c sacrificed {PRONOUN/m_c/self} for r_c in battle.",
            "lead_death": "sacrificed {PRONOUN/m_c/self} for r_c in battle."
        }
    },
    {
        "camp": "any",
        "tags": [
            "Newleaf",
            "Greenleaf",
            "Leaf-fall",
            "Leaf-bare",
            "war",
            "other_cat"
        ],
        "death_text": "m_c threw {PRONOUN/m_c/self} in front of an oncoming attack meant for r_c, taking the deadly blow instead.",
        "history_text": {
            "reg_death": "m_c sacrificed {PRONOUN/m_c/self} for r_c in battle.",
            "lead_death": "sacrificed {PRONOUN/m_c/self} for r_c in battle."
        }
    },
    {
        "camp": "any",
        "tags": [
            "Newleaf",
            "Greenleaf",
            "Leaf-fall",
            "Leaf-bare",
            "war",
            "other_cat"
        ],
        "death_text": "m_c intentionally stayed behind and fought a losing battle to give r_c time to escape.",
        "history_text": {
            "reg_death": "m_c sacrificed {PRONOUN/m_c/self} for r_c in battle.",
            "lead_death": "sacrificed {PRONOUN/m_c/self} for r_c in battle."
        }
    },
    {
        "camp": "any",
        "tags": [
            "Newleaf",
            "Greenleaf",
            "Leaf-fall",
            "Leaf-bare",
            "war",
            "other_cat"
        ],
        "death_text": "When traveling together near the border of c_n territory, m_c used {PRONOUN/m_c/poss} own body to shield r_c from a surprise o_c ambush, even though it meant certain death.",
        "history_text": {
            "reg_death": "m_c sacrificed {PRONOUN/m_c/self} for r_c in an ambush.",
            "lead_death": "sacrificed {PRONOUN/m_c/self} for r_c in an ambush."
        }
    },
    {
        "camp": "any",
        "tags": [
            "Newleaf",
            "Greenleaf",
            "Leaf-fall",
            "Leaf-bare",
            "war"
        ],
        "death_text": "m_c sacrificed {PRONOUN/m_c/self} by taking on the role of a messenger, delivering important information that could save {PRONOUN/m_c/poss} Clan. {PRONOUN/m_c/subject/CAP} {VERB/m_c/were/was} killed while investigating enemy territory.",
        "history_text": {
            "reg_death": "m_c was killed investigating enemy territory.",
            "lead_death": "{VERB/m_c/were/was} killed investigating enemy territory."
        }
    },
    {
        "camp": "any",
        "tags": [
            "Newleaf",
            "Greenleaf",
            "Leaf-fall",
            "Leaf-bare",
            "war"
        ],
        "death_text": "m_c drowned in a river while trying to escape from a sudden o_c attack.",
        "history_text": {
            "reg_death": "m_c drowned in a river attempting to escape an enemy attack.",
            "lead_death": "drowned in a river attempting to escape an enemy attack."
        }
    },
    {
        "camp": "any",
        "tags": [
            "Newleaf",
            "Greenleaf",
            "Leaf-fall",
            "Leaf-bare",
            "war"
        ],
        "death_text": "m_c fell into a pit trap set by o_c's warriors.",
        "history_text": {
            "reg_death": "m_c fell into a pit trap set by an enemy Clan.",
            "lead_death": "fell into a pit trap set by an enemy Clan."
        }
    },
    {
        "camp": "any",
        "tags": [
            "Newleaf",
            "Greenleaf",
            "Leaf-fall",
            "Leaf-bare",
            "war"
        ],
        "death_text": "m_c was hit by a monster while escaping across a Thunderpath from o_c warriors.",
        "history_text": {
            "reg_death": "m_c was hit by a monster.",
            "lead_death": "{VERB/m_c/were/was} hit by a monster."
        }
    }
]