[
    {
        "camp": "any",
        "tags": [
            "Newleaf",
            "Greenleaf",
            "Leaf-fall",
            "Leaf-bare",
            "no_body"
        ],
        "death_text": "m_c was taken by a hawk, never to be seen again.",
        "history_text": {
            "reg_death": "m_c was taken by a hawk."
        },
        "cat_trait": null,
        "cat_skill": null,
        "other_cat_trait": null,
        "other_cat_skill": null
    },
    {
        "camp": "any",
        "tags": [
            "Newleaf",
            "Greenleaf",
            "Leaf-fall",
            "Leaf-bare"
        ],
        "death_text": "m_c grew weak as the days passed, and now walks the stars of Silverpelt.",
        "history_text": {
            "reg_death": "m_c failed to thrive."
        },
        "cat_trait": [
            "quiet"
        ],
        "cat_skill": null,
        "other_cat_trait": null,
        "other_cat_skill": null
    },
    {
        "camp": "any",
        "tags": [
            "Newleaf",
            "Greenleaf",
            "Leaf-fall",
            "Leaf-bare"
        ],
        "death_text": "m_c fell into the river and drowned.",
        "history_text": {
            "reg_death": "m_c fell into the river and drowned."
        },
        "cat_trait": [
            "daring",
            "impulsive"
        ],
        "cat_skill": null,
        "other_cat_trait": null,
        "other_cat_skill": null
    },
    {
        "camp": "any",
        "tags": [
            "Newleaf",
            "Greenleaf",
            "Leaf-fall",
            "Leaf-bare"
        ],
        "death_text": "m_c was killed when {PRONOUN/m_c/subject} snuck out of camp.",
        "history_text": {
            "reg_death": "m_c died when {PRONOUN/m_c/subject} snuck out of camp."
        },
        "cat_trait": [
            "troublesome",
            "daring",
            "impulsive",
            "attention-seeker"
        ],
        "cat_skill": null,
        "other_cat_trait": null,
        "other_cat_skill": null
    },
    {
        "camp": "any",
        "tags": [
            "Newleaf",
            "Greenleaf",
            "Leaf-fall",
            "Leaf-bare"
        ],
        "death_text": "m_c died after getting into the herb stores and accidentally eating deathberries.",
        "history_text": {
            "reg_death": "m_c died when {PRONOUN/m_c/subject} got into the herb stores and ate deathberries."
        },
        "cat_trait": [
            "troublesome",
            "impulsive",
            "attention-seeker",
            "inquisitive"
        ],
        "cat_skill": null,
        "other_cat_trait": null,
        "other_cat_skill": null
    },
    {
        "camp": "any",
        "tags": [
            "Newleaf",
            "Greenleaf",
            "Leaf-fall",
            "Leaf-bare"
        ],
        "death_text": "m_c was killed in {PRONOUN/m_c/poss} sleep by a snake that had snuck into camp.",
        "history_text": {
            "reg_death": "m_c was killed by a snake."
        },
        "cat_trait": null,
        "cat_skill": null,
        "other_cat_trait": null,
        "other_cat_skill": null
    },
    {
        "camp": "any",
        "tags": [
            "classic",
            "Leaf-fall",
            "Leaf-bare"
        ],
        "death_text": "m_c died of kittencough.",
        "history_text": {
            "reg_death": "m_c died of kittencough."
        },
        "cat_trait": null,
        "cat_skill": null,
        "other_cat_trait": null,
        "other_cat_skill": null
    },
    {
        "camp": "any",
        "tags": [
            "classic",
            "Leaf-fall",
            "Leaf-bare"
        ],
        "death_text": "m_c was too weak to fight off whitecough and died.",
        "history_text": {
            "reg_death": "m_c died of whitecough."
        },
        "cat_trait": null,
        "cat_skill": null,
        "other_cat_trait": null,
        "other_cat_skill": null
    },
    {
        "camp": "any",
        "tags": [
            "classic",
            "Leaf-fall",
            "Leaf-bare"
        ],
        "death_text": "m_c died of greencough.",
        "history_text": {
            "reg_death": "m_c died of greencough."
        },
        "cat_trait": null,
        "cat_skill": null,
        "other_cat_trait": null,
        "other_cat_skill": null
    },
    {
        "camp": "any",
        "tags": [
            "classic",
            "Leaf-fall",
            "Leaf-bare"
        ],
        "death_text": "m_c caught a cold, slowly fading until {PRONOUN/m_c/subject} eventually passed on.",
        "history_text": {
            "reg_death": "m_c was killed by sickness."
        },
        "cat_trait": null,
        "cat_skill": null,
        "other_cat_trait": null,
        "other_cat_skill": null
    },
    {
        "camp": "any",
        "tags": [
            "multi_death",
            "classic",
            "other_cat_kit",
            "Newleaf",
            "Greenleaf",
            "Leaf-fall",
            "Leaf-bare"
        ],
        "death_text": "r_c and m_c die from a bout of kittencough.",
        "history_text": {
            "reg_death": "m_c died of kittencough."
        },
        "cat_trait": null,
        "cat_skill": null,
        "other_cat_trait": null,
        "other_cat_skill": null
    },
    {
        "camp": "any",
        "tags": [
            "multi_death",
            "classic",
            "other_cat_kit",
            "Newleaf",
            "Greenleaf",
            "Leaf-fall",
            "Leaf-bare"
        ],
        "death_text": "r_c and m_c catch whitecough, and fade away quickly.",
        "history_text": {
            "reg_death": "m_c died of whitecough."
        },
        "cat_trait": null,
        "cat_skill": null,
        "other_cat_trait": null,
        "other_cat_skill": null
    },
    {
        "camp": "any",
        "tags": [
            "multi_death",
            "classic",
            "other_cat_kit",
            "Newleaf",
            "Greenleaf",
            "Leaf-fall",
            "Leaf-bare"
        ],
        "death_text": "Greencough reaches the nursery. r_c and m_c die.",
        "history_text": {
            "reg_death": "m_c died of greencough."
        },
        "cat_trait": null,
        "cat_skill": null,
        "other_cat_trait": null,
        "other_cat_skill": null
    }
]