[
	{
		"id": "platonic_de_low1",
		"intensity": "low",
		"interactions": [
			"m_c thinks r_c isn't very considerate of others."
		]
	},
	{
		"id": "platonic_de_low2",
		"intensity": "medium",
		"interactions": [
			"m_c and r_c have an argument about who should get a pretty feather, and end up destroying it in their fight.",
			"m_c has drawn the ire of r_c by deliberately taking the last of {PRONOUN/r_c/poss} favorite nesting materials for {PRONOUN/m_c/self}."
		],
		"reaction_random_cat": {
			"platonic": "decrease"
		}
	},
	{
		"id": "platonic_de_med1",
		"intensity": "high",
		"interactions": [
			"m_c caught r_c complaining about {PRONOUN/m_c/object} behind {PRONOUN/m_c/poss} back."
		]
	},
	{
		"id": "platonic_de_med2",
		"interactions": [
			"m_c is annoyed that {PRONOUN/m_c/subject} {VERB/m_c/have/has} to pull ticks off of r_c today."
		],
		"main_status_constraint": [
			"apprentice"
		],
		"random_status_constraint": [
			"elder"
		]
	},
	{
		"id": "platonic_de_med3",
		"interactions": [
			"r_c makes sure m_c is following the warrior code.",
			"r_c has a fight with m_c about what's right."
		],
		"random_trait_constraint": [
			"righteous"
		]
	},
	{
		"id": "platonic_de_med4",
		"interactions": [
			"r_c is not backing down in an argument with m_c."
		],
		"random_trait_constraint": [
			"fierce"
		]
	},
	{
		"id": "platonic_de_med5",
		"interactions": [
			"m_c scorns r_c for not catching enough prey."
		],
		"random_trait_constraint": [
			"strict"
		]
	},
	{
		"id": "platonic_de_high1",
		"intensity": "high",
		"interactions": [
			"m_c doesn't like how r_c has been talking about {PRONOUN/m_c/poss} mentor.",
			"m_c wishes {PRONOUN/m_c/subject} had r_c's mentor instead."
		],
		"main_status_constraint": [
			"apprentice",
			"mediator apprentice",
			"medicine cat apprentice"
		],
		"random_status_constraint": [
			"medicine cat apprentice",
			"apprentice",
			"mediator apprentice"
		]
	},
	{
		"id": "platonic_de_high2",
		"intensity": "high",
		"interactions": [
			"m_c mocks r_c for becoming a medicine cat apprentice instead of a warrior apprentice.",
			"m_c mocks r_c for smelling like gross herbs.",
			"m_c mocks r_c for smelling like mouse bile.",
			"m_c looks down on r_c, because there's no way {PRONOUN/r_c/subject} could ever be a useful medicine cat."
		],
		"main_status_constraint": [
			"apprentice"
		],
		"random_status_constraint": [
			"medicine cat apprentice"
		],
		"reaction_random_cat": {
			"platonic": "decrease"
		}
	},
	{
		"id": "platonic_de_high3",
		"intensity": "high",
		"interactions": [
			"m_c keeps leaving all of the boring apprentice tasks for r_c to do by {PRONOUN/r_c/self}.",
			"m_c tells r_c's mentor that {PRONOUN/r_c/subject}{VERB/r_c/'ve/'s} been sneaking out of camp without permission.",
			"m_c has a disagreement with r_c over who is the better hunter.",
			"m_c accuses r_c of cheating; there's no way {PRONOUN/r_c/subject} could win so many practice fights fairly."
		],
		"main_status_constraint": [
			"apprentice",
			"mediator apprentice",
			"medicine cat apprentice"
		],
		"random_status_constraint": [
			"medicine cat apprentice",
			"apprentice",
			"mediator apprentice"
		],
		"reaction_random_cat": {
			"dislike": "increase"
		}
	}
]