[
    {
        "patrol_id": "bch_train_elephantseal1",
        "biome": "beach",
        "season": "newleaf",
        "tags": [
            "adult_stat",
            "training",
            "apprentice",
            "two_apprentices",
            "platonic",
            "comfort",
            "respect",
            "warrior",
            "no_change_fail"
        ],
        "intro_text": "As the sun creeps over the horizon, p_l leads the patrol carefully towards a familiar beach, stopping the cats on the clifftop. Below them, the familiar sand is hidden under a mass of boulders, as long as twenty cats and as wide as ten.",
        "decline_text": "They return to camp to report the new beach layout.",
        "chance_of_success": 40,
        "exp": 20,
        "success_text": {
            "unscathed_common": "As the cats watch, the silence is broken as one of the massive boulders rears up and snorts. The apprentices jolt with fear, app1's fur standing on end while app2 looks seconds away from fleeing, but p_l flicks {PRONOUN/p_l/poss} tail encouragingly. These are nosy-seals, {PRONOUN/p_l/subject} {VERB/p_l/explain/explains}, as the beach full of 'boulders' suddenly seems far more intimidating.",
            "unscathed_rare": "app1 and app2's jaws drop, disbelieving, as p_l explains these are animals, not a rockslide. They stare as a nosy-seal wakes from his slumber and bellows a challenge to his neighbour, flinching as the monolithic animals crash towards each other. Each drips enough blood to fill the veins of an entire cat, crashing and careening off each other.",
            "stat_skill": "As the 'rocks' wake and reveal themselves to be the most massive animals app1 and app2 have ever seen, s_c reassures them - they may never have seen these frightening seals before, but c_n has. s_c spends the morning quizzing the apprentices until each is able to identify a male nosy-seal with his trunk vs the comparatively smaller females.",
            "stat_trait": "As the sun hits them and the massive boulders wake with grumbling snorts, app1 and app2 both look about to run. s_c quickly calms them, explaining that these massive yearly visitors to c_n are nosy-seals, and that if the cats don't bother them, they won't bother the cats."
        },
        "fail_text": {
            "unscathed_common": "When one of the boulders abruptly starts roaring, app1 shrieks and runs. It takes the rest of the patrol to find {PRONOUN/app1/object}, and the teaching moment is forgotten as the cats gather to comfort {PRONOUN/app1/object}."
        },
        "win_skills": [
            "TEACHER,1"
        ],
        "win_trait": [
            "altruistic",
            "compassionate",
            "empathetic",
            "faithful",
            "loving",
            "patient",
            "responsible",
            "thoughtful",
            "wise"
        ],
        "min_cats": 3,
        "max_cats": 6,
        "antagonize_text": null,
        "antagonize_fail_text": null
    },
    {
        "patrol_id": "bch_train_romantic_oceanswim2",
        "biome": "beach",
        "season": "newleaf",
        "tags": [
            "training",
            "warrior",
            "no_app",
            "romantic"
        ],
        "intro_text": "p_l suggests to r_c that it is the perfect weather to go for a swim in the ocean together.",
        "decline_text": "r_c isn't convinced, and suggests they should probably focus on the patrol instead.",
        "chance_of_success": 60,
        "exp": 5,
        "success_text": {
            "unscathed_common": "p_l flashes r_c a playful look and leaps smoothly into the water. When p_l emerges from the water, {PRONOUN/p_l/poss} slicked fur clinging to {PRONOUN/p_l/poss} muscles, r_c can't help but admire p_l for {PRONOUN/p_l/poss} strength. With the way r_c's heart is fluttering, it may not just be p_l's strength {PRONOUN/r_c/subject} {VERB/r_c/admire/admires}. {PRONOUN/r_c/subject/CAP} {VERB/r_c/brush/brushes} it aside and plunge in after {PRONOUN/p_l/object}.",
            "unscathed_rare": "Silence meets {PRONOUN/p_l/poss} question, and just as p_l is about to turn and ask again, r_c shoves {PRONOUN/p_l/object} bodily into the water. Spluttering from the cold saltwater, p_l finds it quite difficult to scowl as though {PRONOUN/p_l/subject} {VERB/p_l/mean/means} it, captivated by the sound of r_c's joyous laughter, the sunlight catching on {PRONOUN/p_l/poss} pelt in just the right way."
        },
        "fail_text": {
            "unscathed_common": "r_c dips one paw in the water and hisses, proclaiming that it's much too cold and urging p_l to come back to camp with {PRONOUN/r_c/object} instead.",
            "unscathed_stat": "s_c tries {PRONOUN/s_c/poss} best to show off {PRONOUN/s_c/poss} swimming skills, but {PRONOUN/s_c/poss} companion just isn't paying attention, too focused on {PRONOUN/s_c/poss} own swimming to notice. Eventually, s_c gives up for now, discouraged."
        },
        "fail_trait": [
            "ambitious",
            "childish",
            "insecure",
            "lonesome"
        ],
        "min_cats": 2,
        "max_cats": 2,
        "antagonize_text": null,
        "antagonize_fail_text": null
    }
]