[
    {
        "camp": "any",
        "tags": [
            "Newleaf",
            "Greenleaf",
            "Leaf-fall",
            "Leaf-bare",
            "death"
        ],
        "death_text": "m_c grows weaker and weaker. r_c saw m_c slowly have less and less energy, until {PRONOUN/m_c/subject} didn't wake up one morning.",
        "history_text": [
            "m_c died from starvation.",
            null
        ],
        "cat_trait": null,
        "cat_skill": null,
        "other_cat_trait": null,
        "other_cat_skill": null
    },
    {
        "camp": "any",
        "tags": [
            "Newleaf",
            "Greenleaf",
            "Leaf-fall",
            "Leaf-bare",
            "death"
        ],
        "death_text": "r_c noticed how thin m_c got. r_c wanted to give m_c some prey, but found {PRONOUN/m_c/object} cold in the nursery.",
        "history_text": [
            "m_c died from starvation.",
            null
        ],
        "cat_trait": null,
        "cat_skill": null,
        "other_cat_trait": [
            "empathetic",
            "loving",
            "responsible"
        ],
        "other_cat_skill": null
    },
    {
        "camp": "any",
        "tags": [
            "Newleaf",
            "Greenleaf",
            "Leaf-fall",
            "Leaf-bare",
            "death"
        ],
        "death_text": "m_c complains about how hungry {PRONOUN/m_c/subject} {VERB/m_c/are/is}. Soon after, {PRONOUN/m_c/subject} sadly {VERB/m_c/walk/walks} with {PRONOUN/m_c/poss} ancestors.",
        "history_text": [
            "m_c died from starvation.",
            null
        ],
        "cat_trait": [
            "bossy",
            "bouncy",
            "troublesome"
        ],
        "cat_skill": null,
        "other_cat_trait": null,
        "other_cat_skill": null
    },
    {
        "camp": "any",
        "tags": [
            "Newleaf",
            "Greenleaf",
            "Leaf-fall",
            "Leaf-bare",
            "death"
        ],
        "death_text": "m_c was found dead in the nursery, rolled-up to a tiny furball.",
        "history_text": [
            "m_c died from starvation.",
            null
        ],
        "cat_trait": null,
        "cat_skill": null,
        "other_cat_trait": null,
        "other_cat_skill": null
    },
    {
        "camp": "any",
        "tags": [
            "Newleaf",
            "Greenleaf",
            "Leaf-fall",
            "Leaf-bare",
            "starving"
        ],
        "death_text": "m_c asks r_c if there is prey left that {PRONOUN/m_c/subject} may have, because {PRONOUN/m_c/subject} {VERB/m_c/are/is} so hungry.",
        "history_text": [
            null,
            null
        ],
        "cat_trait": null,
        "cat_skill": null,
        "other_cat_trait": null,
        "other_cat_skill": null
    },
    {
        "camp": "any",
        "tags": [
            "Newleaf",
            "Greenleaf",
            "Leaf-fall",
            "Leaf-bare",
            "starving"
        ],
        "death_text": "m_c's stomach rumbles loudly, but {PRONOUN/m_c/subject} {VERB/m_c/try/tries} to hide the fact that {PRONOUN/m_c/subject} {VERB/m_c/are/is} starving.",
        "history_text": [
            null,
            null
        ],
        "cat_trait": [
            "quiet",
            "nervous",
            "insecure"
        ],
        "cat_skill": null,
        "other_cat_trait": null,
        "other_cat_skill": null
    },
    {
        "camp": "any",
        "tags": [
            "Newleaf",
            "Greenleaf",
            "Leaf-fall",
            "Leaf-bare",
            "starving"
        ],
        "death_text": "m_c demands that r_c bring {PRONOUN/m_c/object} prey, because {PRONOUN/m_c/subject} {VERB/m_c/are/is} really hungry.",
        "history_text": [
            null,
            null
        ],
        "cat_trait": [
            "bossy",
            "impulsive",
            "attention-seeker",
            "noisy"
        ],
        "cat_skill": null,
        "other_cat_trait": null,
        "other_cat_skill": null
    }
]