[
    {
        "camp": "any",
        "tags": [
            "Newleaf",
            "Greenleaf",
            "Leaf-fall",
            "Leaf-bare",
            "death"
        ],
        "death_text": "m_c feels that {PRONOUN/m_c/subject} {VERB/m_c/don't/doesn't} have enough energy to stand up and remain here.",
        "history_text": [
            null,
            "starved"
        ],
        "cat_trait": null,
        "cat_skill": null,
        "other_cat_trait": null,
        "other_cat_skill": null
    }
]