[
    {
	"id": "much_ado_about_nothing",
	"biome": ["Any"],
	"season": ["Any"],
	"intensity": "high",
	"cat_amount": 5,
	"interactions": [
		"m_c, r_c1, and r_c2 decide they're going to get r_c3 and r_c4 together. They talk about how much r_c3 loves r_c4 in front of r_c4, and, to their pleasure, find the two talking later."
	],
	"status_constraint": {
		"m_c": ["warrior", "elder", "mediator"],
		"r_c1": ["warrior", "elder", "mediator"],
		"r_c2": ["warrior", "elder", "mediator"]
	},
	"relationship_constraint": {
		"m_c_to_r_c3": ["platonic_40"],
        "m_c_to_r_c4": ["platonic_40"],
        "r_c1_to_r_c3": ["platonic_40"],
        "r_c1_to_r_c4": ["platonic_40"],
        "r_c2_to_r_c3": ["platonic_40"],
        "r_c2_to_r_c4": ["platonic_40"]
	},
	"specific_reaction": {
	
		"r_c3_to_r_c4": {
			"romantic": "increase",
			"dislike": "decrease",
			"comfortable": "increase",
			"trust": "increase"
		},
        	"r_c4_to_r_c3": {
			"romantic": "increase",
			"dislike": "decrease",
			"admiration": "increase",
			"comfortable": "increase",
			"jealousy": "neutral",
			"trust": "increase"
		},
        "m_c_to_r_c1": {
			"comfortable": "increase",
			"trust": "increase"
		},
        "m_c_to_r_c2": {
			"comfortable": "increase",
			"trust": "increase"
		},
		"r_c1_to_r_c2": {
			"comfortable": "increase",
			"trust": "increase"
		},
        "r_c1_to_m_c": {
			"comfortable": "increase",
			"trust": "increase"
		},
        "r_c2_to_m_c": {
			"comfortable": "increase",
			"trust": "increase"
		},
        "r_c2_to_r_c1": {
			"comfortable": "increase",
			"trust": "increase"
		}
        
	}
}
]