[
    {
        "patrol_id": "bch_med_soloripples1",
        "biome": "beach",
        "season": "Any",
        "tags": [
            "herb_gathering",
            "comfort",
            "respect",
            "trust",
            "clan_to_p_l",
            "no_change_fail",
            "med_only"
        ],
        "intro_text": "While gathering fresh water, p_l sees strange ripples on the surface of a puddle.",
        "decline_text": "p_l is in too much of a hurry, not sparing the rippling water a second glance.",
        "chance_of_success": 45,
        "exp": 10,
        "success_text": {
            "unscathed_common": "As p_l looks into the puddle, {PRONOUN/p_l/subject}'re greeted by an intense vision. {PRONOUN/p_l/subject/CAP} {VERB/p_l/drop/drops} what {PRONOUN/p_l/subject}{VERB/p_l/'re/'s} doing and race back to the camp to consult with the leader - water can wait, this is far too important.",
            "unscathed_rare": "p_l is greeted with the vision of a cat {PRONOUN/p_l/subject} had failed to save, content and happy in StarClan. The cat gives them a gentle smile, softly telling p_l that {PRONOUN/p_l/subject} {VERB/p_l/were/was} never at fault for their death. p_l feels {PRONOUN/p_l/poss} shoulders sag with the weight of {PRONOUN/p_l/poss} relief, feeling the burden of the death lift from over {PRONOUN/p_l/poss} head."
        },
        "fail_text": {
            "unscathed_common": "{PRONOUN/p_l/subject/CAP} {VERB/p_l/gaze/gazes} eagerly into the puddle, only to see the weird ripples were caused by a small frog. p_l sighs in disappointment - {PRONOUN/p_l/subject} really could have used some guidance from StarClan."
        },
        "win_skills": [],
        "min_cats": 1,
        "max_cats": 1,
        "constraints": {
            "skill": [
                "PROPHET,1"
            ]
        }
    },
    {
        "patrol_id": "bch_med_clair1",
        "biome": "beach",
        "season": "Any",
        "tags": [
            "herb_gathering",
            "random_herbs"
        ],
        "intro_text": "While on a trip to gather herbs, p_l slows to a stop. The random patch of beach {PRONOUN/p_l/subject} {VERB/p_l/linger/lingers} on doesn't look important, but {PRONOUN/p_l/subject}{VERB/p_l/'re/'s} suddenly overcome by an otherworldly feeling of clair_list_emotional. What could this mean?",
        "decline_text": "p_l is in too much of a hurry, {PRONOUN/p_l/subject} {VERB/p_l/shake/shakes} the feeling off and {VERB/p_l/resolve/resolves} to forget the disconcerting experience.",
        "chance_of_success": 45,
        "exp": 10,
        "success_text": {
            "unscathed_common": "{PRONOUN/p_l/subject/CAP} {VERB/p_l/stop/stops} and {VERB/p_l/consider/considers} the feeling for a moment, allowing {PRONOUN/p_l/self} to linger. This might be important for the future, or it could simply be the left-over feelings of an event long past... either way, p_l doesn't stay too long before returning to herb collecting.",
            "unscathed_rare": "These feelings could prove important, they have in the past, at least. p_l makes {PRONOUN/p_l/self} comfortable on the beach, letting the feelings wash over {PRONOUN/p_l/object} and carry {PRONOUN/p_l/object} away. Eventually {PRONOUN/p_l/subject} {VERB/p_l/return/returns} to herb collecting, content in the new knowledge and understanding {PRONOUN/p_l/subject}{VERB/p_l/'ve/'s} gained."
        },
        "fail_text": {
            "unscathed_common": "This is nothing short of disconcerting. p_l does {PRONOUN/p_l/poss} best to shake off the feeling and hurry away from the area. Even so, {PRONOUN/p_l/subject} {VERB/p_l/find/finds} {PRONOUN/p_l/poss} mind occupied with the memory and can't manage to concentrate on herb gathering."
        },
        "win_trait": [
            "wise"
        ],
        "min_cats": 1,
        "max_cats": 1,
        "constraints": {
            "skill": [
                "CLAIRVOYANT,1"
            ]
        }
    },
    {
        "patrol_id": "bch_med_herblocation1",
        "biome": "beach",
        "season": "Any",
        "tags": [
            "herb_gathering",
            "med_cat",
            "apprentice",
            "trust",
            "respect",
            "med_only",
            "random_herbs"
        ],
        "intro_text": "p_l looks at the calm, cloudless sky, and decides it's a good opportunity to show app1 where some of the most commonly needed herbs are located in {PRONOUN/p_l/poss} territory, as well as where and when to burrow into the sand to find the more potent roots {PRONOUN/p_l/subject} {VERB/p_l/tend/tends} to use.",
        "decline_text": "As {PRONOUN/p_l/subject} {VERB/p_l/look/looks} at app1's absent-minded gaze, {PRONOUN/p_l/subject} {VERB/p_l/hesitate/hesitates} and change {PRONOUN/p_l/poss} mind. Maybe another day would be best, when app1 is more focused... and less liable to get sand everywhere, or damage the herbs.",
        "chance_of_success": 65,
        "exp": 10,
        "success_text": {
            "unscathed_common": "app1 is focused and attentive, giving p_l confidence that next time there is an emergency, app1 will be able to find the herbs they need both in and out of the sand.",
            "unscathed_rare": "As p_l is explaining why and where the herbs are growing, app1 lets out a shout and bolts ahead. To p_l's surprise, {PRONOUN/app1/subject} {VERB/app1/have/has} found a previously unknown patch of an uncommon herb! Stunned, but filled with pride that {PRONOUN/app1/subject} found and recognized the herb, p_l promises them the first pick of fresh-kill as soon as they return to camp."
        },
        "fail_text": {
            "unscathed_common": "app1 is constantly distracted, running ahead at every little noise or interesting sight, much to the frustration of p_l. Evidently, no new knowledge will be gained that day."
        },
        "min_cats": 2,
        "max_cats": 2
    },
    {
        "patrol_id": "bch_med_herblocation2",
        "biome": "beach",
        "season": "Any",
        "tags": [
            "herb_gathering",
            "apprentice",
            "med_only",
            "random_herbs"
        ],
        "intro_text": "app1 has been sent out onto the beaches to try to find some specific herbs alone.",
        "decline_text": "Nervous and sneezing due to the salty air, they decide to go back to camp and try again another day. {PRONOUN/app1/poss/CAP} mentor won't be very pleased, but {PRONOUN/app1/subject} rationalize that it's better to go with confidence than nerves.",
        "chance_of_success": 65,
        "exp": 10,
        "success_text": {
            "unscathed_common": "app1 is focused, determined to prove {PRONOUN/app1/poss} independence. {PRONOUN/app1/subject/CAP} {VERB/app1/find/finds} the herbs easily and bring them back to camp with {PRONOUN/app1/poss} head held up high - no sweat, no stress, no fuss.",
            "unscathed_rare": "app1 goes to an herb patch {PRONOUN/app1/subject}{VERB/app1/'re/'s} sure {PRONOUN/app1/subject} {VERB/app1/know/knows}, only to find the plants withered and dead. {PRONOUN/app1/subject/CAP} {VERB/app1/refuse/refuses} to give up, however, tenaciously searching the area until {PRONOUN/app1/subject} {VERB/app1/come/comes} across a smaller, overlooked patch that still has some leaves hanging on."
        },
        "fail_text": {
            "unscathed_common": "app1 goes to an herb patch {PRONOUN/app1/subject}{VERB/app1/'re/'s} sure {PRONOUN/app1/subject} {VERB/app1/know/knows}, only to find the plants withered and dead. {PRONOUN/app1/subject/CAP} {VERB/app1/give/gives} up and return to camp, {PRONOUN/app1/poss} tail dragging miserably along the ground."
        },
        "min_cats": 1,
        "max_cats": 1
    },
    {
        "patrol_id": "bch_med_herbsdandy1",
        "biome": "beach",
        "season": "Any",
        "tags": [
            "herb_gathering",
            "med_cat",
            "apprentice",
            "med_only",
            "herb",
            "dandelion",
            "many_herbs1"
        ],
        "intro_text": "p_l and app1 are going out to gather dandelions. app1 asks {PRONOUN/app1/poss} mentor what they'll do if the rabbits have eaten all of it, and p_l responds that they'll cross that river when they get to it.",
        "decline_text": "A cat grabs p_l's attention before {PRONOUN/p_l/subject} can leave.",
        "chance_of_success": 60,
        "exp": 20,
        "success_text": {
            "unscathed_common": "The two medicine cats find the plants in good shape, and are able to collect plenty.",
            "unscathed_rare": "The dandelions are so plentiful, it seems there's enough for cats and rabbits alike to take what they need."
        },
        "fail_text": {
            "unscathed_common": "app1 reaches the patch first, but p_l can tell by {PRONOUN/app1/poss} drooping ears that there must not be enough left to collect."
        },
        "min_cats": 2,
        "max_cats": 2
    },
    {
        "patrol_id": "bch_med_appfirstsign1",
        "biome": "beach",
        "season": "Any",
        "tags": [
            "herb_gathering",
            "apprentice",
            "med_only",
            "herb",
            "rosemary"
        ],
        "intro_text": "app1 pads out of camp, ready to gather some herbs at the behest of {PRONOUN/app1/poss} mentor. The wind gently rustles through the beach grass as {PRONOUN/app1/subject} {VERB/app1/pad/pads} along.",
        "decline_text": "Before {PRONOUN/app1/subject} {VERB/app1/get/gets} more than a few pawsteps away, their mentor calls {PRONOUN/app1/object} back. Apparently, something more pressing has come up.",
        "chance_of_success": 50,
        "exp": 20,
        "success_text": {
            "unscathed_common": "p_l is plucking some rosemary when {PRONOUN/p_l/poss} attention is suddenly grabbed by a a_sign. The fur on {PRONOUN/p_l/poss} back begins to prickle slightly, the sound of {PRONOUN/p_l/poss} heartbeat like thunder in {PRONOUN/p_l/poss} ears. {PRONOUN/p_l/subject/CAP} {VERB/p_l/turn/turns} and hare back to camp, herbs forgotten. {PRONOUN/p_l/subject/CAP} {VERB/p_l/need/needs} to tell {PRONOUN/p_l/poss} mentor about this as soon as possible!"
        },
        "fail_text": {
            "unscathed_common": "app1 feels a pit of dread beginning to form in {PRONOUN/app1/poss} belly - {PRONOUN/app1/subject}{VERB/app1/'ve/'s} forgotten where to find the herb {PRONOUN/app1/poss} mentor wanted. {PRONOUN/app1/subject/CAP} {VERB/app1/taste/tastes} the air, hoping desperately for some hint of its tell-tale scent, but it's a useless effort. {PRONOUN/app1/subject/CAP}'ll have to swallow {PRONOUN/app1/poss} pride and return to ask for directions."
        },
        "min_cats": 1,
        "max_cats": 1
    },
    {
        "patrol_id": "bch_med_rainygathering1",
        "biome": "beach",
        "season": "Any",
        "tags": [
            "herb_gathering",
            "random_herbs",
            "many_herbs2",
            "big_change",
            "dislike",
            "respect"
        ],
        "intro_text": "p_l leads a patrol out to explore c_n's territory and bring back any herbs {PRONOUN/p_l/subject} can spot. {PRONOUN/p_l/poss/CAP} whiskers want to twitch with every raindrop that hits {PRONOUN/p_l/object}, but the Clan doesn't have the luxury to sit inside away from the weather.",
        "decline_text": "Someone calls p_l back, and the patrol is forgotten as {PRONOUN/p_l/subject} {VERB/p_l/help/helps} a Clanmate.",
        "chance_of_success": 30,
        "exp": 10,
        "success_text": {
            "unscathed_common": "It's absolutely miserable weather to gather in, and p_l wishes {PRONOUN/r_c/subject} didn't have to. But, even though r_c falls over at one point, and they all end up drenched, {PRONOUN/r_c/subject} {VERB/r_c/do/does} bring back some herbs.",
            "unscathed_rare": "The keen eyed s_c spots herbs quickly, and the cats harvest them and retreat back to the camp, where it's nice and dry. No point in lingering for a second more than {PRONOUN/s_c/subject} {VERB/s_c/need/needs} to with the weather like this!",
            "stat_skill": "The keen eyed s_c spots herbs quickly, and the cats harvest them and retreat back to the camp, where it's nice and dry. No point in lingering for a second more than {PRONOUN/s_c/subject} {VERB/s_c/need/needs} to with the weather like this!"
        },
        "fail_text": {
            "unscathed_common": "p_l <i>knows</i> the conditions are miserable, but this group is somehow more insufferable! Not only {VERB/r_c/do/does} {PRONOUN/p_l/subject} {VERB/p_l/have/has} to put up with these cats for an entire afternoon, there's also nothing to show for it at the end of the day."
        },
        "win_skills": [
            "SENSE,2"
        ],
        "min_cats": 3,
        "max_cats": 6
    },
    {
        "patrol_id": "bch_med_gatheringcobwebs1",
        "biome": "beach",
        "season": "Any",
        "tags": [
            "herb_gathering",
            "med_only",
            "herb",
            "cobwebs",
            "many_herbs1"
        ],
        "intro_text": "p_l heads out into the territory to stock up on cobwebs, something the Clan never seems to have enough of.",
        "decline_text": "{PRONOUN/p_l/subject/CAP} {VERB/p_l/have/has} second thoughts about leaving their patients behind, and decide to go another day.",
        "chance_of_success": 80,
        "exp": 20,
        "success_text": {
            "unscathed_common": "p_l finds plenty of cobwebs, gently collecting them on the ends of sticks. No cat will have the chance to bleed out - not now, with so many cobwebs to staunch their wounds!",
            "unscathed_rare": "p_l visits a few of {PRONOUN/p_l/poss} favourite places to gather cobwebs. When {PRONOUN/p_l/subject} {VERB/p_l/get/gets} back to camp, {PRONOUN/p_l/subject} {VERB/p_l/end/ends} up startling several cats on {PRONOUN/p_l/poss} way back to {PRONOUN/p_l/poss} den - p_l is practically a walking cobweb, impossible to see beneath the sheer mass {PRONOUN/p_l/subject} {VERB/p_l/have/has} gathered."
        },
        "fail_text": {
            "unscathed_common": "Over-tired from caring for {PRONOUN/p_l/poss} patients all day and night, the only cobwebs p_l manages to 'collect' are the ones {PRONOUN/p_l/subject} accidentally walked into."
        },
        "min_cats": 1,
        "max_cats": 1
    },
    {
        "patrol_id": "bch_med_cobweblesson1",
        "biome": "beach",
        "season": "Any",
        "tags": [
            "herb_gathering",
            "med_only",
            "med_cat",
            "respect",
            "trust",
            "apprentice",
            "herb",
            "cobwebs",
            "many_herbs1"
        ],
        "intro_text": "p_l heads out into the territory with app1, both to stock up on cobwebs and to teach the apprentice how to gather one of the Clan's most vital medical tools.",
        "decline_text": "{PRONOUN/p_l/subject/CAP} have second thoughts leaving {PRONOUN/p_l/poss} patients behind, especially with {PRONOUN/p_l/subject} also bringing {PRONOUN/p_l/poss} apprentice, and decide to go another day.",
        "chance_of_success": 80,
        "exp": 20,
        "success_text": {
            "unscathed_common": "p_l finds plenty of cobwebs, gently collecting them on the ends of sticks. app1 works hard alongside {PRONOUN/p_l/self} to gather as many as they can, {PRONOUN/p_l/poss} eyes glittering with joy and pride as {PRONOUN/app1/subject} {VERB/p_l/work/works}.",
            "unscathed_rare": "p_l takes app1 to a few of {PRONOUN/p_l/poss} favourite places to gather cobwebs. When they get back to camp, they end up startling several cats on their way back to their den - p_l and app1 are practically walking cobwebs, impossible to see beneath the sheer mass they have gathered."
        },
        "fail_text": {
            "unscathed_common": "app1 doesn't seem to be able to focus today, and p_l isn't much better off, tired from teaching {PRONOUN/p_l/poss} apprentice and caring for {PRONOUN/p_l/poss} patients. After app1 accidentally ruins a cobweb while playing with it, p_l decides to call the whole thing off and try again another day."
        },
        "min_cats": 2,
        "max_cats": 2
    },
    {
        "patrol_id": "bch_med_cobwebhelp1",
        "biome": "beach",
        "season": "Any",
        "tags": [
            "herb_gathering",
            "warrior",
            "herb",
            "cobwebs",
            "many_herbs1",
            "many_herbs2",
            "big_change",
            "platonic",
            "dislike",
            "respect"
        ],
        "intro_text": "c_n can never have enough cobwebs, p_l instructs {PRONOUN/p_l/poss} team, leading them out to search for them.",
        "decline_text": "{PRONOUN/p_l/subject/CAP}'re stopped before {PRONOUN/p_l/subject} {VERB/p_l/leave/leaves} camp - these warriors are needed elsewhere. p_l's expedition will have to wait.",
        "chance_of_success": 30,
        "exp": 20,
        "success_text": {
            "unscathed_common": "p_l mrrps with laughter, watching r_c parade around with such a big bundle of cobwebs that {PRONOUN/r_c/subject} {VERB/r_c/keep/keeps} colliding with things in {PRONOUN/r_c/poss} path {PRONOUN/r_c/subject} can't see. The entire patrol has gotten a wonderful haul, and it's a very pleased medicine cat that leads them back to camp.",
            "unscathed_rare": "The patrol brings back a truly massive haul, and return in good humour, laughing as {PRONOUN/p_l/subject} set down {PRONOUN/p_l/poss} sticks of spun-up webbing in the medicine cat den. p_l joins everyone as they sit down to share tongues, ridding their pelts of dust and the odd spider as the cats catch up with each other and enjoy the day.",
            "stat_skill": "s_c's keen eyes have a knack for spotting the gossamer-thin strands of cobwebs, and with the patrol there to follow {PRONOUN/s_c/poss} lead, it's a very successful gathering mission."
        },
        "fail_text": {
            "unscathed_common": "Can warriors not pay attention, even to something as simple as cobwebs?! p_l holds {PRONOUN/p_l/poss} breath and counts to ten before {PRONOUN/p_l/subject} {VERB/p_l/dismiss/dismisses} the patrol, every found cobweb ruined, what little {PRONOUN/p_l/subject} did manage to find."
        },
        "win_skills": [
            "SENSE,2"
        ],
        "min_cats": 3,
        "max_cats": 6
    },
    {
        "patrol_id": "bch_med_gatheringhorsetail1",
        "biome": "beach",
        "season": "Any",
        "tags": [
            "herb_gathering",
            "med_only",
            "herb",
            "horsetail",
            "many_herbs1",
            "many_herbs2"
        ],
        "intro_text": "p_l heads out on an herb-gathering patrol, searching for the ever-green, ever-reliable horsetail to harvest for the herb stores.",
        "decline_text": "{PRONOUN/p_l/subject/CAP} have second thoughts about leaving their patients behind, and decide to go another day.",
        "chance_of_success": 70,
        "exp": 10,
        "success_text": {
            "unscathed_common": "Snapping off the thick horsetail stem near the base of the plant allows p_l to drag an entire big, long shoot back to camp, where {PRONOUN/p_l/subject} diligently process it down further into smaller stem sections that are easily stored.",
            "unscathed_rare": "s_c deftly picks out an entire horsetail shoot, bringing back quite the impressive addition to the Clan's herb stores.",
            "stat_skill": "s_c deftly picks out an entire horsetail shoot, bringing back quite the impressive addition to the Clan's herb stores."
        },
        "fail_text": {
            "unscathed_common": "p_l is distracted today, and it affects {PRONOUN/p_l/poss} work. The patrol is unsuccessful."
        },
        "win_skills": [
            "SENSE,2"
        ],
        "min_cats": 1,
        "max_cats": 1
    },
    {
        "patrol_id": "bch_med_horsetaillesson1",
        "biome": "beach",
        "season": "Any",
        "tags": [
            "herb_gathering",
            "adult_stat",
            "med_only",
            "herb",
            "horsetail",
            "many_herbs1",
            "many_herbs2",
            "big_change",
            "platonic",
            "dislike",
            "comfort",
            "respect",
            "trust",
            "apprentice"
        ],
        "intro_text": "p_l heads out on an herb-gathering patrol, searching for the ever-green, ever-reliable horsetail to harvest for the herb stores. app1 trots after {PRONOUN/p_l/object}, asking {PRONOUN/p_l/object} why horsetail grows so weirdly without leaves.",
        "decline_text": "{PRONOUN/p_l/subject/CAP} have second thoughts leaving their patients behind, especially with them also bringing their apprentice, and decide to go another day.",
        "chance_of_success": 70,
        "exp": 20,
        "success_text": {
            "unscathed_common": "p_l doesn't know why horsetail plants lack leaves, but {PRONOUN/p_l/subject} {VERB/p_l/encourage/encourages} app1's interest in the topic. As a plant that grows without losing any of its green in leaf-bare, while <i>also</i> having a crucial herbal use in stopping blood-loss, horsetail is a welcome sight in any well-stocked medicine cat den.",
            "unscathed_rare": "Snapping off the thick horsetail stem near the base of the plant allows p_l to drag an entire big, long shoot back to camp, where app1 processes it down further into small stem sections that are easily stored, making a neat pile in the medicine cat den with {PRONOUN/p_l/self}.",
            "stat_skill": "s_c deftly picks out an entire horsetail shoot, bringing back quite the impressive addition to the Clan's herb stores as {PRONOUN/s_c/subject} {VERB/s_c/describe/describes} the plant's uses to app1."
        },
        "fail_text": {
            "unscathed_common": "p_l is distracted today, and it affects {PRONOUN/p_l/poss} work. The patrol is unsuccessful, and app1 looks up at {PRONOUN/p_l/object} with disappointment."
        },
        "win_skills": [
            "SENSE,2"
        ],
        "min_cats": 2,
        "max_cats": 2
    },
    {
        "patrol_id": "bch_med_horsetailhelp1",
        "biome": "beach",
        "season": "Any",
        "tags": [
            "herb_gathering",
            "med_cat",
            "warrior",
            "herb",
            "horsetail",
            "many_herbs1",
            "many_herbs2",
            "big_change",
            "platonic",
            "dislike",
            "respect"
        ],
        "intro_text": "Bringing a motley assortment of Clanmates along with {PRONOUN/p_l/object}, p_l heads out on an herb-gathering patrol, searching for the ever-green, ever-reliable horsetail to harvest for the herb stores.",
        "decline_text": "{PRONOUN/p_l/subject/CAP}'re stopped before {PRONOUN/p_l/subject} {VERB/p_l/leave/leaves} camp - these warriors are needed elsewhere. p_l's expedition will have to wait.",
        "chance_of_success": 30,
        "exp": 10,
        "success_text": {
            "unscathed_common": "Snapping off the thick horsetail stem near the base of the plant allows p_l to drag an entire shoot back to camp. The patrol helps pull along the massive bush, causing several cats in camp to fluff up in alarm when the patrol drags it through camp, where {PRONOUN/p_l/subject} diligently process it down further into smaller stem sections that are easily stored.",
            "unscathed_rare": "s_c deftly picks out an entire horsetail shoot, bringing back quite the impressive addition to the Clan's herb stores with the help of the warriors.",
            "stat_skill": "s_c deftly picks out an entire horsetail shoot, bringing back quite the impressive addition to the Clan's herb stores with the help of the warriors."
        },
        "fail_text": {
            "unscathed_common": "p_l is distracted today, and it affects {PRONOUN/p_l/poss} work. The patrol is unsuccessful, and the cats snappy with each other."
        },
        "win_skills": [
            "SENSE,2"
        ],
        "min_cats": 3,
        "max_cats": 6
    },
    {
        "patrol_id": "bch_med_gatheringmoss1",
        "biome": "beach",
        "season": "Any",
        "tags": [
            "herb_gathering",
            "med_cat",
            "moss",
            "herb"
        ],
        "intro_text": "p_l notices that the moss in the medicine den is getting old. {PRONOUN/p_l/subject/CAP} {VERB/p_l/need/needs} to go and gather some more.",
        "decline_text": "A cat requires their attention just as {PRONOUN/p_l/subject} go to leave. Moss will have to wait.",
        "chance_of_success": 80,
        "exp": 10,
        "success_text": {
            "unscathed_common": "p_l quickly makes {PRONOUN/p_l/poss} way to the best moss patch {PRONOUN/p_l/subject} {VERB/p_l/know/knows}. {PRONOUN/p_l/subject/CAP} {VERB/p_l/spend/spends} a bit of time slicing bits off with {PRONOUN/p_l/poss} claws, careful not to get any roots or dirt in the pile - once {PRONOUN/p_l/subject}{VERB/p_l/'re/'s} satisfied, {PRONOUN/p_l/subject} {VERB/p_l/take/takes} a moment to wrap {PRONOUN/p_l/poss} jaws around the heap, then make {PRONOUN/p_l/poss} way back to camp."
        },
        "fail_text": {
            "unscathed_common": "Mouse-dung! When p_l gets to the best moss-gathering spot, {PRONOUN/p_l/subject} {VERB/p_l/find/finds} that some animal has dug up most of the moss. {PRONOUN/p_l/subject/CAP}'ll have to leave the rest to repopulate before gathering from this spot again."
        },
        "min_cats": 1,
        "max_cats": 1
    },
    {
        "patrol_id": "bch_med_gatheringmoss2",
        "biome": "beach",
        "season": "Any",
        "tags": [
            "herb_gathering",
            "med_cat",
            "apprentice",
            "med_only",
            "herb",
            "moss",
            "big_change",
            "platonic",
            "dislike"
        ],
        "intro_text": "p_l notices that the moss in the medicine den is getting old. {PRONOUN/p_l/subject/CAP} {VERB/p_l/need/needs} to go and gather some more.",
        "decline_text": "A cat requires their attention just as they go to leave. Moss will have to wait.",
        "chance_of_success": 80,
        "exp": 10,
        "success_text": {
            "unscathed_common": "p_l leads the way to the best moss patch {PRONOUN/p_l/subject} {VERB/p_l/know/knows}, with app1 following close behind. The two cats begin cutting off bits of moss and making their respective piles - once the piles turn into mouthfuls, they pick up the bundles of new bedding and start back towards camp."
        },
        "fail_text": {
            "unscathed_common": "Mouse-dung! When the two cats arrive at the best moss-gathering spot, they find that some animal has dug up most of the moss. They'll have to leave the rest to repopulate before gathering from this spot again."
        },
        "min_cats": 2,
        "max_cats": 2
    },
    {
        "patrol_id": "bch_med_gatheringmoss3",
        "biome": "beach",
        "season": "Any",
        "tags": [
            "herb_gathering",
            "med_cat",
            "warrior",
            "herb",
            "moss",
            "big_change",
            "platonic",
            "dislike"
        ],
        "intro_text": "p_l notices that the moss in the medicine den is getting old. {PRONOUN/p_l/subject/CAP} {VERB/p_l/need/needs} to go and gather some more.",
        "decline_text": "A cat requires their attention just as they go to leave. Moss will have to wait.",
        "chance_of_success": 80,
        "exp": 10,
        "success_text": {
            "unscathed_common": "p_l leads the way to the best moss patch {PRONOUN/r_c/subject} {VERB/r_c/know/knows}, with r_c following close behind. The two cats begin cutting off bits of moss and making their respective piles - once the piles turn into mouthfuls, they pick up the bundles of new bedding and start back towards camp."
        },
        "fail_text": {
            "unscathed_common": "Mouse-dung! When the two cats arrive at the best moss-gathering spot, they find that some animal has dug up most of the moss. They'll have to leave the rest to repopulate before gathering from this spot again."
        },
        "min_cats": 2,
        "max_cats": 2
    },
    {
        "patrol_id": "bch_med_gatheringmoss4",
        "biome": "beach",
        "season": "Any",
        "tags": [
            "herb_gathering",
            "med_cat",
            "warrior",
            "herb",
            "moss",
            "big_change",
            "platonic"
        ],
        "intro_text": "p_l notices that the moss in the medicine den is getting old. {PRONOUN/p_l/subject/CAP} {VERB/p_l/need/needs} to go and gather some more.",
        "decline_text": "A cat requires their attention just as they go to leave. Moss will have to wait.",
        "chance_of_success": 30,
        "exp": 10,
        "success_text": {
            "unscathed_common": "p_l leads the way to the best moss patch {PRONOUN/p_l/subject} {VERB/p_l/know/knows}, with {PRONOUN/p_l/poss} entourage following close behind. The cats begin cutting off bits of moss and making their respective piles - once the piles turn into mouthfuls, they pick up the bundles of new bedding and start back towards camp."
        },
        "fail_text": {
            "unscathed_common": "Mouse-dung! When the cats arrive at the best moss-gathering spot, they find that some animal has dug up most of the moss. They'll have to leave the rest to repopulate before gathering from this spot again."
        },
        "min_cats": 3,
        "max_cats": 6
    },
    {
        "patrol_id": "bch_med_gatheringrosemary1",
        "biome": "beach",
        "season": "Any",
        "tags": [
            "herb_gathering",
            "med_cat",
            "apprentice",
            "herb",
            "rosemary",
            "comfort",
            "trust",
            "no_change_fail",
            "injury",
            "small cut",
            "med_only"
        ],
        "intro_text": "p_l has to attend to one of {PRONOUN/p_l/poss} grimmer jobs as a medicine cat - the grounds where c_n goes to mourn their dead need to be tended to. {PRONOUN/p_l/subject/CAP}{VERB/p_l/'re/'s} bringing along app1 as {PRONOUN/p_l/poss} assistant for this trip, and the two cats head out in relative silence.",
        "decline_text": "Just before the two can leave, a cat calls for their attention.",
        "chance_of_success": 60,
        "exp": 10,
        "success_text": {
            "unscathed_common": "Even though there's nothing different about this place, other than the serenity it was chosen for, p_l always feels that the grief and love {PRONOUN/p_l/poss} Clanmates express here has seeped into every corner. {PRONOUN/p_l/subject/CAP} {VERB/p_l/tidy/tidies} the grounds, collecting rosemary as {PRONOUN/p_l/subject} {VERB/p_l/work/works}. It feels appropriate for the plant to grow here, when its herbs are used to hide the scent of death."
        },
        "fail_text": {
            "unscathed_common": "There's a sharp yowl of pain, followed by a string of muttered curses, and p_l turns to see app1 holding one of {PRONOUN/app1/poss} paws off the ground. It seems that the apprentice stepped on a thorn. Ouch! {PRONOUN/app1/subject/CAP}'ll have to go back to camp and fix that up.",
            "unscathed_stat": "There's a sharp yowl of pain, followed by a string of muttered curses, and p_l turns to see app1 holding one of {PRONOUN/app1/poss} paws off the ground. It seems that the apprentice stepped on a thorn. Ouch! {PRONOUN/app1/subject/CAP}'ll have to go back to camp and fix that up.",
            "death": "There's a sharp yowl of pain, followed by a string of muttered curses, and p_l turns to see app1 holding one of {PRONOUN/app1/poss} paws off the ground. It seems that the apprentice stepped on a thorn. Ouch! {PRONOUN/app1/subject/CAP}'ll have to go back to camp and fix that up.",
            "injury": "There's a sharp yowl of pain, followed by a string of muttered curses, and p_l turns to see app1 holding one of {PRONOUN/app1/poss} paws off the ground. It seems that the apprentice stepped on a thorn. Ouch! {PRONOUN/app1/subject/CAP}'ll have to go back to camp and fix that up."
        },
        "min_cats": 2,
        "max_cats": 2
    },
    {
        "patrol_id": "bch_med_gatheringrosemary2",
        "biome": "beach",
        "season": "Any",
        "tags": [
            "herb_gathering",
            "med_cat",
            "warrior",
            "herb",
            "rosemary",
            "comfort",
            "trust",
            "no_change_fail",
            "injury",
            "small cut"
        ],
        "intro_text": "p_l has to attend to one of {PRONOUN/p_l/poss} grimmer jobs as a medicine cat - the grounds where c_n goes to mourn their dead need to be tended to. {PRONOUN/p_l/subject/CAP}{VERB/p_l/'re/'s} bringing along r_c as {PRONOUN/p_l/poss} assistant for this trip, and the two cats head out in relative silence.",
        "decline_text": "Just before the two can leave, a cat calls for their attention.",
        "chance_of_success": 60,
        "exp": 10,
        "success_text": {
            "unscathed_common": "Even though there's nothing different about this place, other than the serenity it was chosen for, p_l always feels that the grief and love their Clanmates express here has seeped into every corner. {PRONOUN/p_l/subject/CAP} {VERB/p_l/tidy/tidies} the grounds, collecting rosemary as {PRONOUN/p_l/subject} {VERB/p_l/work/works}. It feels appropriate for the plant to grow here, when its herbs are used to hide the scent of death."
        },
        "fail_text": {
            "unscathed_common": "There's a sharp yowl of pain, followed by a string of muttered curses, and p_l turns to see r_c holding one of {PRONOUN/r_c/poss} paws off the ground. It seems that the other cat stepped on a thorn. Ouch! {PRONOUN/r_c/subject/CAP}'ll have to go back to camp and fix that up.",
            "unscathed_stat": "There's a sharp yowl of pain, followed by a string of muttered curses, and p_l turns to see r_c holding one of {PRONOUN/r_c/poss} paws off the ground. It seems that the other cat stepped on a thorn. Ouch! {PRONOUN/r_c/subject/CAP}'ll have to go back to camp and fix that up.",
            "death": "There's a sharp yowl of pain, followed by a string of muttered curses, and p_l turns to see r_c holding one of {PRONOUN/r_c/poss} paws off the ground. It seems that the other cat stepped on a thorn. Ouch! {PRONOUN/r_c/subject/CAP}'ll have to go back to camp and fix that up.",
            "injury": "There's a sharp yowl of pain, followed by a string of muttered curses, and p_l turns to see r_c holding one of {PRONOUN/r_c/poss} paws off the ground. It seems that the other cat stepped on a thorn. Ouch! {PRONOUN/r_c/subject/CAP}'ll have to go back to camp and fix that up."
        },
        "history_text": {
            "scar": "m_c was scarred after stepping on a thorn."
        },
        "min_cats": 2,
        "max_cats": 2
    },
    {
        "patrol_id": "bch_med_discussion1",
        "biome": "beach",
        "season": "Any",
        "tags": [
            "med_cat",
            "random_herbs",
            "respect",
            "trust",
            "platonic",
            "med_only",
            "no_app"
        ],
        "intro_text": "p_l and r_c head inland to look for herbs, discussing the latest news.",
        "decline_text": "It seems like some mischievous cat has gotten into the herb storage and they have to sort it all over again.",
        "chance_of_success": 50,
        "exp": 10,
        "success_text": {
            "unscathed_common": "They have a good discussion while foraging among the dunes and manage to come up with several ideas to discuss with c_n's leadership.",
            "unscathed_rare": "Carefully plucking some herbs, they discuss the latest signs from StarClan and ponder what to do about them. They manage to think up some tentative plans and return to camp to discuss them with the leader and deputy."
        },
        "fail_text": {
            "unscathed_common": "They fail to interpret any signs, and are too irritated with each other to discuss any other news. Furthermore, neither cat manages to gather anything, the trip cut short by the ominous looking clouds springing up over the ocean."
        },
        "min_cats": 2,
        "max_cats": 2
    },
    {
        "patrol_id": "bch_med_dwindleherbsgathering1",
        "biome": "beach",
        "season": "Any",
        "tags": [
            "random_herbs",
            "med_cat",
            "med_only",
            "platonic",
            "dislike",
            "respect"
        ],
        "intro_text": "p_l and r_c take a look at their supply of herbs and decide to combine their efforts into searching for more. Two sets of trained eyes are better than one!",
        "decline_text": "Unfortunately they are interrupted by a cat claiming they have an emergency. Runny dirt is not an emergency. Ugh.",
        "chance_of_success": 50,
        "exp": 10,
        "success_text": {
            "unscathed_common": "p_l and r_c decide to search near the Twoleg beach dens. As the sun sinks towards the horizon, they return with their mouths stuffed full of herbs taken from the weirdly bountiful Twoleg territories.",
            "unscathed_rare": "p_l and r_c decide on a little friendly competition - one medicine cat to another, like all those silly bets the warriors make about hunting prey. They reunite when the sun is going down and walk into camp purring and playfully shoving each other with both their mouths full of herbs."
        },
        "fail_text": {
            "unscathed_common": "Both p_l and r_c are tense and it shows. Even though it should not be this hard to find any herbs they fail to find even a single one. They return to camp frustrated and irritated with each other.",
            "unscathed_stat": "Even though there should be many herbs they fail to find anything. p_l blames r_c for distracting {PRONOUN/p_l/object} and they get into a huge argument."
        },
        "min_cats": 2,
        "max_cats": 2
    },
    {
        "patrol_id": "bch_med_cobwebapps1",
        "biome": "beach",
        "season": "Any",
        "tags": [
            "herb_gathering",
            "herb",
            "cobwebs",
            "apprentice",
            "two_apprentices",
            "many_herbs1",
            "p_l_to_r_c",
            "big_change",
            "platonic",
            "dislike",
            "respect",
            "romantic"
        ],
        "intro_text": "As the apprentices head out to collect cobwebs, app2 screws up {PRONOUN/app2/poss} face into a stupid expression around the stick {PRONOUN/app2/subject} {VERB/app2/hold/holds} in {PRONOUN/app2/poss} mouth.",
        "decline_text": "They're called back to camp, needed for other chores.",
        "chance_of_success": 70,
        "exp": 20,
        "success_text": {
            "unscathed_common": "It makes app1 laugh, muffled through {PRONOUN/app1/poss} own cobweb gathering stick. It's good to have a friend around for the boring bits of the day, app2 seems to lighten up every situation.",
            "unscathed_rare": "<i>Murrp</i>ing with laughter, app1 clacks the stick {PRONOUN/app1/subject} {VERB/app1/hold/holds} in {PRONOUN/app1/poss} own mouth against app2's. The stick bashing continues as they collect cobwebs, and the afternoon is filled with the apprentices muffled purrs and laughs."
        },
        "fail_text": {
            "unscathed_common": "The apprentices spend the entire patrol messing around with their sticks, even when there's cobwebs spun around the ends of them, and they end up completely ruining what they've gathered.."
        },
        "min_cats": 2,
        "max_cats": 2
    },
    {
        "patrol_id": "bch_med_cobwebapps2",
        "biome": "beach",
        "season": "Any",
        "tags": [
            "herb_gathering",
            "herb",
            "cobwebs",
            "apprentice",
            "three_apprentices",
            "many_herbs1",
            "p_l_to_r_c",
            "big_change",
            "platonic",
            "dislike",
            "respect",
            "romantic"
        ],
        "intro_text": "As the apprentices head out to collect cobwebs, app2 screws up {PRONOUN/app2/poss} face into a stupid expression around the stick {PRONOUN/app2/subject} {VERB/app2/hold/holds} in {PRONOUN/app2/poss} mouth.",
        "decline_text": "They're called back to camp, needed for other chores.",
        "chance_of_success": 30,
        "exp": 20,
        "success_text": {
            "unscathed_common": "app3 ignores it, but it makes app1 laugh, muffled through {PRONOUN/app1/poss} own cobweb gathering stick. It's good to have a friend around for the boring bits of the day, app2 seems to lighten up every situation.",
            "unscathed_rare": "<i>Murrp</i>ing with laughter, app1 clacks the stick {PRONOUN/app1/subject} {VERB/app1/hold/holds} in {PRONOUN/app1/poss} own mouth against app2's. The stick bashing continues as they collect cobwebs, and the afternoon is filled with the apprentices muffled purrs and laughs, even though app3 seems solely focused on the chore, content to let the others muck about so long as everything gets done."
        },
        "fail_text": {
            "unscathed_common": "The apprentices spend the entire patrol messing around with their sticks, even when there's cobwebs spun around the ends of them, and they end up completely ruining what they've gathered.."
        },
        "min_cats": 3,
        "max_cats": 3
    },
    {
        "patrol_id": "bch_med_cobwebapps3",
        "biome": "beach",
        "season": "Any",
        "tags": [
            "herb_gathering",
            "herb",
            "cobwebs",
            "apprentice",
            "four_apprentices",
            "many_herbs1",
            "p_l_to_r_c",
            "big_change",
            "platonic",
            "dislike",
            "respect",
            "romantic"
        ],
        "intro_text": "As the apprentices head out to collect cobwebs, app2 screws up {PRONOUN/app2/poss} face into a stupid expression around the stick {PRONOUN/app2/subject} {VERB/app2/hold/holds} in {PRONOUN/app2/poss} mouth.",
        "decline_text": "They're called back to camp, needed for other chores.",
        "chance_of_success": 40,
        "exp": 20,
        "success_text": {
            "unscathed_common": "The other apprentices ignore it, but it makes app1 laugh, muffled through {PRONOUN/app1/poss} own cobweb gathering stick. It's good to have a friend around for the boring bits of the day, and app2 seems to lighten up every situation.",
            "unscathed_rare": "<i>Murrp</i>ing with laughter, app1 clacks the stick {PRONOUN/app1/subject} {VERB/app1/hold/holds} in {PRONOUN/app1/poss} own mouth against app2's. The stick bashing continues as {PRONOUN/app1/subject} {VERB/app1/collect/collects} cobwebs, and the afternoon is filled with the two's muffled purrs and laughs, even though the other apprentices seem solely focused on the chore, content to let the others muck about so long as everything gets done."
        },
        "fail_text": {
            "unscathed_common": "The apprentices spend the entire patrol messing around with their sticks, even when there's cobwebs spun around the ends of them, and they end up completely ruining what they've gathered.."
        },
        "min_cats": 4,
        "max_cats": 4
    },
    {
        "patrol_id": "bch_med_cobwebapps4",
        "biome": "beach",
        "season": "Any",
        "tags": [
            "herb_gathering",
            "herb",
            "cobwebs",
            "apprentice",
            "five_apprentices",
            "many_herbs1",
            "p_l_to_r_c",
            "big_change",
            "platonic",
            "dislike",
            "respect",
            "romantic"
        ],
        "intro_text": "As the apprentices head out to collect cobwebs, app2 screws up {PRONOUN/app2/poss} face into a stupid expression around the stick {PRONOUN/app2/subject} {VERB/app2/hold/holds} in {PRONOUN/app2/poss} mouth.",
        "decline_text": "They're called back to camp, needed for other chores.",
        "chance_of_success": 40,
        "exp": 20,
        "success_text": {
            "unscathed_common": "The other apprentices ignore it, but it makes app1 laugh, muffled through {PRONOUN/app1/poss} own cobweb gathering stick. It's good to have a friend around for the boring bits of the day, app2 seems to lighten up every situation.",
            "unscathed_rare": "<i>Murrp</i>ing with laughter, app1 clacks the stick {PRONOUN/app1/subject} {VERB/app1/hold/holds} in {PRONOUN/app1/poss} own mouth against app2's. The stick bashing continues as they collect cobwebs, and the afternoon is filled with the two's muffled purrs and laughs, even though the other apprentices seem solely focused on the chore, content to let the others muck about so long as everything gets done."
        },
        "fail_text": {
            "unscathed_common": "The apprentices spend the entire patrol messing around with their sticks, even when there's cobwebs spun around the ends of them, and they end up completely ruining what they've gathered.."
        },
        "min_cats": 5,
        "max_cats": 5
    },
    {
        "patrol_id": "bch_med_cobwebapps5",
        "biome": "beach",
        "season": "Any",
        "tags": [
            "herb_gathering",
            "herb",
            "cobwebs",
            "apprentice",
            "six_apprentices",
            "many_herbs1",
            "p_l_to_r_c",
            "big_change",
            "platonic",
            "dislike",
            "respect",
            "romantic"
        ],
        "intro_text": "As the apprentices head out to collect cobwebs, app2 screws up {PRONOUN/app2/poss} face into a stupid expression around the stick {PRONOUN/app2/subject} {VERB/app2/hold/holds} in {PRONOUN/app2/poss} mouth.",
        "decline_text": "They're called back to camp, needed for other chores.",
        "chance_of_success": 40,
        "exp": 20,
        "success_text": {
            "unscathed_common": "The other apprentices ignore it, but it makes app1 laugh, muffled through {PRONOUN/app1/poss} own cobweb gathering stick. It's good to have a friend around for the boring bits of the day, app2 seems to lighten up every situation.",
            "unscathed_rare": "<i>Murrp</i>ing with laughter, app1 clacks the stick {PRONOUN/app1/subject} {VERB/app1/hold/holds} in {PRONOUN/app1/poss} own mouth against app2's. The stick bashing continues as they collect cobwebs, and the afternoon is filled with the two's muffled purrs and laughs, even though the other apprentices seem solely focused on the chore, content to let the others muck about so long as everything gets done."
        },
        "fail_text": {
            "unscathed_common": "The apprentices spend the entire patrol messing around with their sticks, even when there's cobwebs spun around the ends of them, and they end up completely ruining what they've gathered.."
        },
        "min_cats": 6,
        "max_cats": 6
    },
    {
        "patrol_id": "bch_med_cobwebapps6",
        "biome": "beach",
        "season": "Any",
        "tags": [
            "herb_gathering",
            "herb",
            "cobwebs",
            "apprentice",
            "warrior_app",
            "three_apprentices",
            "many_herbs1",
            "big_change",
            "platonic",
            "dislike",
            "respect"
        ],
        "intro_text": "The apprentices head out into the territory, following p_l a little dubiously. Gathering things can't possibly be as hard as hunting them - plants don't run away!",
        "decline_text": "They're called back to camp, needed for other chores.",
        "chance_of_success": 30,
        "exp": 20,
        "success_text": {
            "unscathed_common": "It's a long, weird, hard day. <i>Yes,</i> they cobwebs. <i>Yes,</i> they bring them back to camp - but by StarClan, none of the warrior apprentices were expecting something as simple as cobweb gathering to be so hard, not when it feels like they run into one every other hunt! They definitely end up with a new appreciation for p_l's skills.",
            "unscathed_rare": "... However, once out of camp, the apprentices realise they're out of their depth, and turn to p_l for help. p_l, to {PRONOUN/p_l/poss} credit, is very gracious about it, not making anyone feel stupid, and by the time the patrol returns with a successful haul there's a new feeling of rapport between everyone, regardless of their role."
        },
        "fail_text": {
            "unscathed_common": "p_l is disgusted with the general disdain {PRONOUN/p_l/subject} {VERB/p_l/feel/feels} from the other apprentices, and how hypocritical it is to tell them herb gathering is easy when the patrol hasn't found <i>any</i> cobwebs! {PRONOUN/p_l/subject/CAP} {VERB/p_l/stalk/stalks} back to the medicine cat den in a huff, unable to bear being near the other apprentices for any longer than {PRONOUN/p_l/subject} {VERB/p_l/have/has} been."
        },
        "min_cats": 3,
        "max_cats": 3
    },
    {
        "patrol_id": "bch_med_cobwebapps7",
        "biome": "beach",
        "season": "Any",
        "tags": [
            "herb_gathering",
            "herb",
            "cobwebs",
            "apprentice",
            "warrior_app",
            "four_apprentices",
            "many_herbs1",
            "big_change",
            "platonic",
            "dislike",
            "respect"
        ],
        "intro_text": "The apprentices head out into the territory, following p_l a little dubiously. Gathering things can't possibly be as hard as hunting them - plants don't run away!",
        "decline_text": "They're called back to camp, needed for other chores.",
        "chance_of_success": 40,
        "exp": 20,
        "success_text": {
            "unscathed_common": "It's a long, weird, hard day. <i>Yes,</i> they find cobwebs. <i>Yes,</i> they bring them back to camp - but by StarClan, none of the warrior apprentices were expecting something as simple as cobweb gathering to be so hard, not when it feels like they run into one every other hunt! They definitely end up with a new appreciation for p_l's skills.",
            "unscathed_rare": "... However, once out of camp, the apprentices realise they're out of their depth, and turn to p_l for help. p_l, to {PRONOUN/p_l/poss} credit, is very gracious about it, not making anyone feel stupid, and by the time the patrol returns with a successful haul there's a new feeling of rapport between everyone, regardless of their role."
        },
        "fail_text": {
            "unscathed_common": "p_l is disgusted with the general disdain {PRONOUN/p_l/subject} {VERB/p_l/feel/feels} from the other apprentices, and how hypocritical it is to tell them herb gathering is easy when the patrol hasn't found <i>any</i> cobwebs! {PRONOUN/p_l/subject/CAP} {VERB/p_l/stalk/stalks} back to the medicine cat den in a huff, unable to bear being near the other apprentices for any longer than {PRONOUN/p_l/subject} {VERB/p_l/have/has} been."
        },
        "min_cats": 4,
        "max_cats": 4
    },
    {
        "patrol_id": "bch_med_cobwebapps8",
        "biome": "beach",
        "season": "Any",
        "tags": [
            "herb_gathering",
            "herb",
            "cobwebs",
            "apprentice",
            "warrior_app",
            "five_apprentices",
            "many_herbs1",
            "big_change",
            "platonic",
            "dislike",
            "respect"
        ],
        "intro_text": "The apprentices head out into the territory, following p_l a little dubiously. Gathering things can't possibly be as hard as hunting them - plants don't run away!",
        "decline_text": "They're called back to camp, needed for other chores.",
        "chance_of_success": 40,
        "exp": 20,
        "success_text": {
            "unscathed_common": "It's a long, weird, hard day. <i>Yes,</i> they find cobwebs. <i>Yes,</i> they bring them back to camp - but by StarClan, none of the warrior apprentices were expecting something as simple as cobweb gathering to be so hard, not when it feels like they run into one every other hunt! They definitely end up with a new appreciation for p_l's skills.",
            "unscathed_rare": "... However, once out of camp, the apprentices realize they're out of {PRONOUN/p_l/poss} depth, and turn to p_l for help. p_l, to {PRONOUN/p_l/poss} credit, is very gracious about it, not making anyone feel stupid, and by the time the patrol returns with a successful haul there's a new feeling of rapport between everyone, regardless of their role."
        },
        "fail_text": {
            "unscathed_common": "p_l is disgusted with the general disdain {PRONOUN/p_l/subject} {VERB/p_l/feel/feels} from the other apprentices, and how hypocritical it is to tell them herb gathering is easy when the patrol hasn't found <i>any</i> cobwebs! {PRONOUN/p_l/subject/CAP} {VERB/p_l/stalk/stalks} back to the medicine cat den in a huff, unable to bear being near the other apprentices for any longer than {PRONOUN/p_l/subject} {VERB/p_l/have/has} been."
        },
        "min_cats": 5,
        "max_cats": 5
    },
    {
        "patrol_id": "bch_med_cobwebapps9",
        "biome": "beach",
        "season": "Any",
        "tags": [
            "herb_gathering",
            "med_cat",
            "herb",
            "cobwebs",
            "apprentice",
            "warrior_app",
            "six_apprentices",
            "many_herbs1",
            "big_change",
            "platonic",
            "dislike",
            "respect"
        ],
        "intro_text": "The apprentices head out into the territory, following p_l a little dubiously. Gathering things can't possibly be as hard as hunting them, plants don't run away!",
        "decline_text": "They're called back to camp, needed for other chores.",
        "chance_of_success": 40,
        "exp": 20,
        "success_text": {
            "unscathed_common": "It's a long, weird, hard day. <i>Yes,</i> they find cobwebs. <i>Yes,</i> they bring them back to camp - but by StarClan, none of the warrior apprentices were expecting something as simple as cobweb gathering to be so hard, not when it feels like they run into one every other hunt! {PRONOUN/p_l/subject/CAP} definitely end up with a new appreciation for p_l's skills.",
            "unscathed_rare": "... However, once out of camp, the apprentices realise {PRONOUN/p_l/subject}{VERB/p_l/'re/'s} out of {PRONOUN/p_l/poss} depth, and turn to p_l for help. p_l, to {PRONOUN/p_l/poss} credit, is very gracious about it, not making anyone feel stupid, and by the time the patrol returns with a successful haul there's a new feeling of rapport between everyone, regardless of their role."
        },
        "fail_text": {
            "unscathed_common": "p_l is disgusted with the general disdain {PRONOUN/p_l/subject} {VERB/p_l/feel/feels} from the other apprentices, and how hypocritical it is to tell them herb gathering is easy when the patrol hasn't found <i>any</i> cobwebs! {PRONOUN/p_l/subject/CAP} {VERB/p_l/stalk/stalks} back to the medicine cat den in a huff, unable to bear being near the other apprentices for any longer than {PRONOUN/p_l/subject} {VERB/p_l/have/has} been."
        },
        "min_cats": 6,
        "max_cats": 6
    },
    {
        "patrol_id": "bch_med_mossapps1",
        "biome": "beach",
        "season": "Any",
        "tags": [
            "herb_gathering",
            "warrior_app",
            "herb",
            "moss",
            "apprentice",
            "two_apprentices",
            "many_herbs1",
            "p_l_to_r_c",
            "big_change",
            "platonic",
            "dislike",
            "respect",
            "romantic"
        ],
        "intro_text": "p_l comes up to meet app2, quietly apologising about app2 being sent to help p_l collect moss.",
        "decline_text": "They're called back to camp, needed for other chores.",
        "chance_of_success": 70,
        "exp": 20,
        "success_text": {
            "unscathed_common": "There's nothing to apologize for! app2 bumps p_l's shoulder affectionately, brushing past {PRONOUN/p_l/self} with a smile as {PRONOUN/p_l/subject} {VERB/p_l/leave/leaves} camp. It's a fine way to spent the afternoon, and a cool cat to spend it with!",
            "unscathed_rare": "app2 seems somewhat irritated at first, but as p_l keeps chatting to {PRONOUN/p_l/self}, {PRONOUN/p_l/subject} {VERB/p_l/start/starts} to warm up, and both apprentices feel much more comfortable with each other by the time they bring their mossy loot back to camp."
        },
        "fail_text": {
            "unscathed_common": "app2 shrugs, tailtip twitching with irritation. It's fine, it's totally not like {PRONOUN/app2/subject}'d prefer to be hunting, doing something actually useful... That attitude, unfortunately, is present through the entire patrol, and each apprentice is too snappy and standoffish to manage gathering anything other than negative thoughts."
        },
        "min_cats": 2,
        "max_cats": 2
    },
    {
        "patrol_id": "bch_med_mossapps2",
        "biome": "beach",
        "season": "Any",
        "tags": [
            "herb_gathering",
            "warrior_app",
            "herb",
            "moss",
            "apprentice",
            "three_apprentices",
            "many_herbs1",
            "p_l_to_r_c",
            "big_change",
            "platonic",
            "dislike",
            "respect",
            "romantic"
        ],
        "intro_text": "As the apprentices head out to collect moss, app2 screws up {PRONOUN/app2/poss} face into a stupid expression at the menial nature of the task.",
        "decline_text": "They're called back to camp, needed for other chores.",
        "chance_of_success": 30,
        "exp": 20,
        "success_text": {
            "unscathed_common": "Though the other cat of their group doesn't look thrilled, app2 insists there's nothing to apologize for. app2 bumps p_l's shoulder affectionately, brushing past {PRONOUN/p_l/object} with a smile as {PRONOUN/p_l/subject} {VERB/p_l/leave/leaves} camp. It's a fine way to spent the afternoon, and a cool cat to spend it with!",
            "unscathed_rare": "Out of the cats in the group, app2 is the one that seems irritated about it at first. As p_l keeps chatting to {PRONOUN/app2/self}, however, {PRONOUN/app2/subject} {VERB/app2/start/starts} to warm up, and both apprentices feel much more comfortable with each other by the time they bring their mossy loot back to camp."
        },
        "fail_text": {
            "unscathed_common": "The other apprentices exchange a glance, tailtips twitching with irritation. It's fine, it's totally not like they'd prefer to be hunting, doing something actually useful... That attitude, unfortunately, is present through the entire patrol, and each apprentice is too snappy and standoffish to manage gathering anything other than negative thoughts."
        },
        "min_cats": 3,
        "max_cats": 3
    },
    {
        "patrol_id": "bch_med_mossapps3",
        "biome": "beach",
        "season": "Any",
        "tags": [
            "herb_gathering",
            "warrior_app",
            "herb",
            "moss",
            "apprentice",
            "four_apprentices",
            "many_herbs1",
            "p_l_to_r_c",
            "big_change",
            "platonic",
            "dislike",
            "respect",
            "romantic"
        ],
        "intro_text": "As the apprentices head out to collect moss, app2 screws up {PRONOUN/app2/poss} face into a stupid expression at the menial nature of the task.",
        "decline_text": "They're called back to camp, needed for other chores.",
        "chance_of_success": 10,
        "exp": 20,
        "success_text": {
            "unscathed_common": "Though the others of {PRONOUN/p_l/poss} group don't look thrilled, app2 insists there's nothing to apologize for. app2 bumps p_l's shoulder affectionately, brushing past {PRONOUN/p_l/self} with a smile as {PRONOUN/p_l/subject} {VERB/p_l/leave/leaves} camp. It's a fine way to spent the afternoon, and a cool cat to spend it with!",
            "unscathed_rare": "Out of the cats in the group, app2 is the one that seems irritated about it at first. As p_l keeps chatting to {PRONOUN/app2/self}, however, {PRONOUN/app2/subject} {VERB/app2/start/starts} to warm up, and both apprentices feel much more comfortable with each other by the time they bring their mossy loot back to camp."
        },
        "fail_text": {
            "unscathed_common": "The other apprentices exchange a glance, tailtips twitching with irritation. It's fine, it's totally not like they'd prefer to be hunting, doing something actually useful... That attitude, unfortunately, is present through the entire patrol, and each apprentice is too snappy and standoffish to manage gathering anything other than negative thoughts."
        },
        "min_cats": 4,
        "max_cats": 4
    },
    {
        "patrol_id": "bch_med_mossapps4",
        "biome": "beach",
        "season": "Any",
        "tags": [
            "herb_gathering",
            "warrior_app",
            "herb",
            "moss",
            "apprentice",
            "three_apprentices",
            "many_herbs1",
            "big_change",
            "platonic",
            "dislike",
            "respect"
        ],
        "intro_text": "The apprentices are sent off into the territory to gather moss for the medicine cat den.",
        "decline_text": "They're called back to camp, needed for other chores.",
        "chance_of_success": 30,
        "exp": 20,
        "success_text": {
            "unscathed_common": "p_l is determined to prove themself to the other apprentices, and fortunately {PRONOUN/p_l/subject} {VERB/p_l/do/does}n't push it too far. Despite {PRONOUN/p_l/poss} enthusiasm, {PRONOUN/p_l/subject} {VERB/p_l/avoid/avoids} bossing everyone around, instead encouraging the patrol in their duties. {VERB/p_l/are/is/CAP} {PRONOUN/p_l/subject} a bit stiff? Sure, but {PRONOUN/p_l/subject}{VERB/p_l/'re/'s} not unlikeable!",
            "unscathed_rare": "p_l is determined to prove themself to the other apprentices, and fortunately {PRONOUN/p_l/subject} {VERB/p_l/do/does}n't push it too far. Despite {PRONOUN/p_l/poss} enthusiasm, {PRONOUN/p_l/subject} {VERB/p_l/avoid/avoids} bossing everyone around, instead encouraging the patrol in their duties. {VERB/p_l/are/is/CAP} {PRONOUN/p_l/subject} a bit stiff? Sure, but {PRONOUN/p_l/subject}{VERB/p_l/'re/'s} not unlikeable!"
        },
        "fail_text": {
            "unscathed_common": "app1 and app2 start to argue, ruining everyone's day."
        },
        "min_cats": 3,
        "max_cats": 3
    },
    {
        "patrol_id": "bch_med_mossapps5",
        "biome": "beach",
        "season": "Any",
        "tags": [
            "herb_gathering",
            "warrior_app",
            "herb",
            "moss",
            "apprentice",
            "four_apprentices",
            "many_herbs1",
            "big_change",
            "platonic",
            "dislike",
            "respect"
        ],
        "intro_text": "The apprentices head out into the territory, following p_l a little dubiously. Gathering things can't possibly be as hard as hunting them - plants don't run away!",
        "decline_text": "They're called back to camp, needed for other chores.",
        "chance_of_success": 10,
        "exp": 20,
        "success_text": {
            "unscathed_common": "p_l is determined to prove themself to the other apprentices, and fortunately {PRONOUN/p_l/subject} {VERB/p_l/do/does}n't push it too far. Despite {PRONOUN/p_l/poss} enthusiasm, {PRONOUN/p_l/subject} {VERB/p_l/avoid/avoids} bossing everyone around, instead encouraging the patrol in their duties. {VERB/p_l/are/is/CAP} {PRONOUN/p_l/subject} a bit stiff? Sure, but {PRONOUN/p_l/subject}{VERB/p_l/'re/'s} not unlikeable!",
            "unscathed_rare": "p_l is determined to prove themself to the other apprentices, and fortunately {PRONOUN/p_l/subject} {VERB/p_l/do/does}n't push it too far. Despite {PRONOUN/p_l/poss} enthusiasm, {PRONOUN/p_l/subject} {VERB/p_l/avoid/avoids} bossing everyone around, instead encouraging the patrol in their duties. {VERB/p_l/are/is/CAP} {PRONOUN/p_l/subject} a bit stiff? Sure, but {PRONOUN/p_l/subject}{VERB/p_l/'re/'s} not unlikeable!"
        },
        "fail_text": {
            "unscathed_common": "app1 and app2 start to argue, ruining everyone's day."
        },
        "min_cats": 4,
        "max_cats": 4
    },
    {
        "patrol_id": "bch_med_mossapps6",
        "biome": "beach",
        "season": "Any",
        "tags": [
            "herb_gathering",
            "warrior_app",
            "herb",
            "moss",
            "apprentice",
            "five_apprentices",
            "many_herbs1",
            "p_l_to_r_c",
            "big_change",
            "platonic",
            "dislike",
            "respect",
            "romantic"
        ],
        "intro_text": "As the apprentices head out to collect moss, app2 screws up {PRONOUN/app2/poss} face into a stupid expression at the menial nature of the task.",
        "decline_text": "They're called back to camp, needed for other chores.",
        "chance_of_success": 10,
        "exp": 20,
        "success_text": {
            "unscathed_common": "Though the others of {PRONOUN/p_l/poss} group don't look thrilled, app2 insists there's nothing to apologize for. app2 bumps p_l's shoulder affectionately, brushing past {PRONOUN/p_l/self} with a smile as {PRONOUN/p_l/subject} {VERB/p_l/leave/leaves} camp. It's a fine way to spent the afternoon, and a cool cat to spend it with!",
            "unscathed_rare": "Out of the cats in the group, app2 is the one that seems irritated about it at first. As p_l keeps chatting to {PRONOUN/p_l/self}, however, {PRONOUN/p_l/subject} {VERB/p_l/start/starts} to warm up, and both apprentices feel much more comfortable with each other by the time they bring their mossy loot back to camp."
        },
        "fail_text": {
            "unscathed_common": "The other apprentices exchange a glance, tailtips twitching with irritation. It's fine, it's totally not like they'd prefer to be hunting, doing something actually useful... That attitude, unfortunately, is present through the entire patrol, and each apprentice is too snappy and standoffish to manage gathering anything other than negative thoughts."
        },
        "min_cats": 5,
        "max_cats": 5
    },
    {
        "patrol_id": "bch_med_mossapps7",
        "biome": "beach",
        "season": "Any",
        "tags": [
            "herb_gathering",
            "warrior_app",
            "herb",
            "moss",
            "apprentice",
            "five_apprentices",
            "many_herbs1",
            "big_change",
            "platonic",
            "dislike",
            "respect"
        ],
        "intro_text": "The apprentices head out into the territory, following p_l a little dubiously. Gathering things can't possibly be as hard as hunting them - plants don't run away!",
        "decline_text": "They're called back to camp, needed for other chores.",
        "chance_of_success": 10,
        "exp": 20,
        "success_text": {
            "unscathed_common": "p_l is determined to prove themself to the other apprentices, and fortunately {PRONOUN/p_l/subject} {VERB/p_l/do/does}n't push it too far. Despite {PRONOUN/p_l/poss} enthusiasm, {PRONOUN/p_l/subject} {VERB/p_l/avoid/avoids} bossing everyone around, instead encouraging the patrol in their duties. {VERB/p_l/are/is/CAP} {PRONOUN/p_l/subject} a bit stiff? Sure, but {PRONOUN/p_l/subject}{VERB/p_l/'re/'s} not unlikeable!",
            "unscathed_rare": "p_l is determined to prove themself to the other apprentices, and fortunately {PRONOUN/p_l/subject} {VERB/p_l/do/does}n't push it too far. Despite {PRONOUN/p_l/poss} enthusiasm, {PRONOUN/p_l/subject} {VERB/p_l/avoid/avoids} bossing everyone around, instead encouraging the patrol in their duties. {VERB/p_l/are/is/CAP} {PRONOUN/p_l/subject} a bit stiff? Sure, but {PRONOUN/p_l/subject}{VERB/p_l/'re/'s} not unlikeable!"
        },
        "fail_text": {
            "unscathed_common": "app1 and app2 start to argue, ruining everyone's day."
        },
        "min_cats": 5,
        "max_cats": 5
    },
    {
        "patrol_id": "bch_med_mossapps8",
        "biome": "beach",
        "season": "Any",
        "tags": [
            "herb_gathering",
            "warrior_app",
            "herb",
            "moss",
            "apprentice",
            "six_apprentices",
            "many_herbs1",
            "p_l_to_r_c",
            "big_change",
            "platonic",
            "dislike",
            "respect",
            "romantic"
        ],
        "intro_text": "As the apprentices head out to collect moss, app2 screws up {PRONOUN/app2/poss} face into a stupid expression at the menial nature of the task.",
        "decline_text": "They're called back to camp, needed for other chores.",
        "chance_of_success": 10,
        "exp": 20,
        "success_text": {
            "unscathed_common": "Though the others of {PRONOUN/p_l/poss} group don't look thrilled, app2 insists there's nothing to apologize for. app2 bumps p_l's shoulder affectionately, brushing past {PRONOUN/p_l/self} with a smile as {PRONOUN/p_l/subject} {VERB/p_l/leave/leaves} camp. It's a fine way to spent the afternoon, and a cool cat to spend it with!",
            "unscathed_rare": "Out of the cats in the group, app2 is the one that seems irritated about it at first. As p_l keeps chatting to {PRONOUN/p_l/self}, however, {PRONOUN/p_l/subject} {VERB/p_l/start/starts} to warm up, and both apprentices feel much more comfortable with each other by the time they bring their mossy loot back to camp."
        },
        "fail_text": {
            "unscathed_common": "The other apprentices exchange a glance, tailtips twitching with irritation. It's fine, it's totally not like they'd prefer to be hunting, doing something actually useful... That attitude, unfortunately, is present through the entire patrol, and each apprentice is too snappy and standoffish to manage gathering anything other than negative thoughts."
        },
        "min_cats": 6,
        "max_cats": 6
    },
    {
        "patrol_id": "bch_med_mossapps9",
        "biome": "beach",
        "season": "Any",
        "tags": [
            "herb_gathering",
            "warrior_app",
            "herb",
            "moss",
            "apprentice",
            "six_apprentices",
            "many_herbs1",
            "big_change",
            "platonic",
            "dislike",
            "respect"
        ],
        "intro_text": "The apprentices head out into the territory, following p_l a little dubiously. Gathering things can't possibly be as hard as hunting them - plants don't run away!",
        "decline_text": "They're called back to camp, needed for other chores.",
        "chance_of_success": 10,
        "exp": 20,
        "success_text": {
            "unscathed_common": "p_l is determined to prove themself to the other apprentices, and fortunately {PRONOUN/p_l/subject} {VERB/p_l/do/does}n't push it too far. Despite {PRONOUN/p_l/poss} enthusiasm, {PRONOUN/p_l/subject} {VERB/p_l/avoid/avoids} bossing everyone around, instead encouraging the patrol in their duties. {VERB/p_l/are/is/CAP} {PRONOUN/p_l/subject} a bit stiff? Sure, but {PRONOUN/p_l/subject}{VERB/p_l/'re/'s} not unlikeable!",
            "unscathed_rare": "p_l is determined to prove themself to the other apprentices, and fortunately {PRONOUN/p_l/subject} {VERB/p_l/do/does}n't push it too far. Despite {PRONOUN/p_l/poss} enthusiasm, {PRONOUN/p_l/subject} {VERB/p_l/avoid/avoids} bossing everyone around, instead encouraging the patrol in their duties. {VERB/p_l/are/is/CAP} {PRONOUN/p_l/subject} a bit stiff? Sure, but {PRONOUN/p_l/subject}{VERB/p_l/'re/'s} not unlikeable!"
        },
        "fail_text": {
            "unscathed_common": "app1 and app2 start to argue, ruining everyone's day."
        },
        "min_cats": 6,
        "max_cats": 6
    }
]