[
    {
        "injury": "sprain",
        "tags": [
            "Newleaf",
            "Greenleaf",
            "Leaf-fall",
            "Leaf-bare"
        ],
        "event_text": "m_c was running around excitedly on patrol, when {PRONOUN/m_c/poss} paw landed right in a rabbit hole, twisting uncomfortably. {PRONOUN/m_c/subject/CAP} limped the whole way home.",
        "cat_trait": [
            "adventurous",
            "bold",
            "daring",
            "playful",
            "childish"
        ],
        "cat_skill": null,
        "other_cat_trait": null,
        "other_cat_skill": null
    }
]