[
    {
        "patrol_id": "bch_bord_rogue1",
        "biome": "beach",
        "season": "Any",
        "tags": [
            "border",
            "fighting",
            "scar",
            "CATBITE",
            "battle_injury",
            "reputation",
            "multi_deaths",
            "respect",
            "trust",
            "platonic",
            "no_change_fail"
        ],
        "intro_text": "As the patrol is marking the border lines, a gang of rogues bursts from the beach grass! An ambush!",
        "decline_text": "The patrol turns tail and races away! The borders are left open for the rogues to muddy.",
        "chance_of_success": 10,
        "exp": 30,
        "success_text": {
            "unscathed_common": "The patrol descends into battle without a second thought, eventually driving the rogues away.",
            "stat_skill": "s_c immediately leaps to protect {PRONOUN/s_c/poss} Clanmates, {PRONOUN/s_c/poss} ferocity in battle quickly terrifying the rogues. Realizing that they've sorely underestimated the Clan cats, the rogues turn tail and run.",
            "stat_trait": "s_c revels in the battle, leaping into the fray with {PRONOUN/s_c/poss} teeth bared and claws ready. The rogues are quickly driven away by the patrol."
        },
        "fail_text": {
            "death": "The rogues are terrifyingly coordinated and are quick to use the patrol's shock and confusion against them. The patrol cats are picked off one by one, with only a couple managing to escape the slaughter.",
            "injury": "Taken by surprise, the patrol scatters and loses cohesion. The rogues are quick to take advantage of the confusion, and r_c is badly wounded, forcing the patrol to retreat."
        },
        "win_skills": [
            "FIGHTER,3"
        ],
        "win_trait": [
            "bloodthirsty",
            "fierce",
            "vengeful"
        ],
        "min_cats": 4,
        "max_cats": 6,
        "antagonize_text": null,
        "antagonize_fail_text": null,
        "history_text": {
            "scar": "m_c was badly scarred when rogues ambushed {PRONOUN/m_c/poss} patrol.",
            "reg_death": "This cat was killed when rogues ambushed {PRONOUN/m_c/poss} patrol.",
            "lead_death": "killed in a rogue ambush"
        }
    },
    {
        "patrol_id": "bch_bord_rogue2",
        "biome": "beach",
        "season": "Any",
        "tags": [
            "border",
            "fighting",
            "death",
            "reputation",
            "sacrificial",
            "trust"
        ],
        "intro_text": "As the patrol is marking the border lines, a gang of rogues bursts from the beach grass! An ambush!",
        "decline_text": "r_c turns tail and races away! The rogues have {PRONOUN/r_c/object} far outnumbered; warning the Clan is more important than playing the hero.",
        "chance_of_success": 10,
        "exp": 30,
        "success_text": {
            "unscathed_common": "Stunned for a moment, r_c is nearly caught in the teeth of the first rogue, but {PRONOUN/r_c/subject} {VERB/r_c/manage/manages} to dodge and weave through the onslaught of attacks, eventually escaping the fray and pelting towards camp with yowls of warning bursting from {PRONOUN/r_c/poss} lungs.",
            "stat_skill": "s_c snarls at the rogues, outnumbered but not cowed. {PRONOUN/s_c/subject/CAP} {VERB/s_c/throw/throws} {PRONOUN/s_c/self} at the intruders with such ferocity and fury that the rogues are taken aback. Alarmed by the lack of fear and self-preservation from the Clan cat, the rogues freeze. s_c sees {PRONOUN/s_c/poss} opportunity to run and takes it, racing back to the camp to gather more warriors and return."
        },
        "fail_text": {
            "unscathed_stat": "s_c snarls at the rogues, outnumbered but not cowed. {PRONOUN/s_c/subject/CAP} {VERB/s_c/throw/throws} {PRONOUN/s_c/self} at the intruders with such ferocity and fury that the rogues are taken aback. The shock only lasts a moment before they descend upon the warrior once more. Eventually, s_c has no choice but to escape before {PRONOUN/s_c/subject}{VERB/s_c/'re/'s} killed.",
            "death": "The rogues greatly outnumber r_c and have no trouble killing the lone cat. {PRONOUN/r_c/poss/CAP} body is discovered the next day, covered in wounds and cold."
        },
        "win_skills": [
            "FIGHTER,3"
        ],
        "fail_trait": [
            "bloodthirsty",
            "fierce",
            "vengeful"
        ],
        "min_cats": 1,
        "max_cats": 1,
        "antagonize_text": null,
        "antagonize_fail_text": null,
        "history_text": {
            "reg_death": "This cat was killed when rogues ambushed {PRONOUN/m_c/object} while on a solo patrol.",
            "lead_death": "killed in a rogue ambush"
        }
    },
    {
        "patrol_id": "bch_bord_rogue3",
        "biome": "beach",
        "season": "Any",
        "tags": [
            "border",
            "fighting",
            "scar",
            "CATBITE",
            "battle_injury",
            "reputation",
            "respect",
            "trust",
            "multi_deaths"
        ],
        "intro_text": "As the patrol is marking the border lines, a gang of rogues stalks out of the beach grass to confront the Clan cats!",
        "decline_text": "The patrol turns tail and races away! The borders are left open for the rogues to muddy.",
        "chance_of_success": 10,
        "exp": 30,
        "success_text": {
            "unscathed_common": "The rogues posture and jeer, eventually provoking a battle. The Clan cats are strong, however, and the rogues seem to be weakened by hunger. The patrol easily drives the intruders away.",
            "unscathed_rare": "The rogues posture and jeer, eventually provoking a battle. The Clan cats are strong, however, and after a short fight, the rogues are forced to retreat.",
            "stat_skill": "s_c takes the lead, confronting the gang with confidence. Eventually the rogues admit that they've been struggling to find enough prey and were looking to steal richer territory from the Clan. Tensions are eased when s_c informs the rogues of a prey-rich forest outside of c_n territory.",
            "stat_trait": "s_c takes the lead, confronting the gang with confidence. Eventually the rogues admit that they've been struggling to find enough prey and were looking to steal richer territory from the Clan. Tensions are eased when s_c informs the rogues of a prey-rich forest outside of c_n territory."
        },
        "fail_text": {
            "death": "The rogues are terrifyingly coordinated and are quick to use the patrol's momentary surprise to their advantage. The patrol cats are picked off one by one, with only a couple managing to escape the slaughter.",
            "injury": "The rogues posture and jeer, eventually provoking a battle. They prove to be strong fighters, and r_c is badly injured, forcing the patrol to retreat."
        },
        "win_skills": [
            "SPEAKER,1"
        ],
        "win_trait": [
            "bold",
            "confident",
            "charming"
        ],
        "min_cats": 4,
        "max_cats": 6,
        "antagonize_text": "The patrol descends into battle without a second thought, eventually driving the rogues away.",
        "antagonize_fail_text": "The patrol descends into battle without a second thought, but the rogues are stronger than expected and eventually the patrol is forced to retreat.",
        "history_text": {
            "scar": "m_c was badly scarred when rogues attacked {PRONOUN/m_c/poss} patrol.",
            "reg_death": "This cat was killed when rogues attacked {PRONOUN/m_c/poss} patrol.",
            "lead_death": "killed in a rogue ambush"
        }
    },
    {
        "patrol_id": "bch_bord_flashflood1",
        "biome": "beach",
        "season": "Any",
        "tags": [
            "border",
            "multi_deaths",
            "respect",
            "trust",
            "no_change_fail",
            "no_body"
        ],
        "intro_text": "There are dark clouds on the horizon, and p_l wonders if the patrol should continue.",
        "decline_text": "Your patrol decides to head back early.",
        "chance_of_success": 40,
        "exp": 20,
        "success_text": {
            "unscathed_common": "While it's pretty gray up there, the promised rain never comes.",
            "unscathed_rare": "The cats become wet from the rain, but otherwise the patrol is successful.",
            "stat_skill": "s_c makes a careful judgment, and the patrol keeps going. They stick to the clifftops, avoiding the low beaches as the rain begins to pour around them.",
            "stat_trait": "It's not worth the risk - s_c convinces the patrol to head for home."
        },
        "fail_text": {
            "death": "There is a downpour and a sudden flood from the overflowing river sweeps all of the cats in the patrol away. Some manage to ride the waves, paddling for their lives, but many are lost forever."
        },
        "win_skills": [
            "CLEVER,2"
        ],
        "win_trait": [
            "careful",
            "insecure",
            "nervous"
        ],
        "min_cats": 2,
        "max_cats": 6,
        "antagonize_text": null,
        "antagonize_fail_text": null,
        "history_text": {
            "reg_death": "This cat was drowned by floodwaters.",
            "lead_death": "drowned in floodwaters"
        }
    },
    {
        "patrol_id": "bch_bord_flashflood2",
        "biome": "beach",
        "season": "Any",
        "tags": [
            "border",
            "death",
            "respect",
            "trust",
            "no_change_fail",
            "no_body"
        ],
        "intro_text": "There are dark clouds on the horizon, and p_l wonders if the patrol should continue.",
        "decline_text": "Your patrol decides to head back early.",
        "chance_of_success": 40,
        "exp": 20,
        "success_text": {
            "unscathed_common": "While it's pretty gray up there, the promised rain never comes.",
            "unscathed_rare": "The cats become wet from the rain, but otherwise the patrol is successful.",
            "stat_skill": "s_c makes a careful judgment, and the patrol keeps going. They stick to the clifftops, avoiding the low beaches as the rain begins to pour around them.",
            "stat_trait": "It's not worth the risk - s_c convinces the patrol to head for home."
        },
        "fail_text": {
            "death": "There is a downpour and a sudden flood from the overflowing river sweeps all of the cats in the patrol away. p_l yowls out a warning, and most of the patrol is able to react quickly, striking out strongly for passing pieces of driftwood, but r_c doesn't make it, sinking beneath the water."
        },
        "win_skills": [
            "CLEVER,2"
        ],
        "win_trait": [
            "careful",
            "insecure",
            "nervous"
        ],
        "min_cats": 2,
        "max_cats": 6,
        "antagonize_text": null,
        "antagonize_fail_text": null,
        "history_text": {
            "reg_death": "m_c was drowned by floodwaters.",
            "lead_death": "drowned in floodwaters"
        }
    },
    {
        "patrol_id": "bch_bord_flashflood3",
        "biome": "beach",
        "season": "Any",
        "tags": [
            "border",
            "death",
            "blunt_force_injury",
            "water in their lungs",
            "injury",
            "no_body"
        ],
        "intro_text": "There are dark clouds on the horizon, and r_c wonders if {PRONOUN/r_c/subject} should continue.",
        "decline_text": "r_c decides to head back early.",
        "chance_of_success": 40,
        "exp": 20,
        "success_text": {
            "unscathed_common": "While it's pretty gray up there, the promised rain never comes.",
            "unscathed_rare": "r_c becomes wet from the rain, but otherwise the patrol is successful.",
            "stat_skill": "s_c makes a careful judgment, and keeps going. {PRONOUN/s_c/subject/CAP} {VERB/s_c/stick/sticks} to the clifftops, avoiding the low beaches as the rain begins to pour around {PRONOUN/s_c/object}.",
            "stat_trait": "It's not worth the risk - s_c heads for home."
        },
        "fail_text": {
            "death": "There is a downpour, and a sudden flood from the overflowing river sweeps r_c away.",
            "injury": "There is a downpour, and a sudden flood from the overflowing river sweeps r_c away. Injured, gasping for air and paddling desperately, r_c is able to remember enough of {PRONOUN/r_c/poss} training to keep an eye out for driftwood, and sinks {PRONOUN/r_c/poss} claws into the first piece that's swept past {PRONOUN/r_c/object}. It saves {PRONOUN/r_c/poss} life."
        },
        "win_skills": [
            "CLEVER,2"
        ],
        "win_trait": [
            "careful",
            "insecure",
            "nervous"
        ],
        "min_cats": 1,
        "max_cats": 1,
        "antagonize_text": null,
        "antagonize_fail_text": null,
        "history_text": {
            "scar": "m_c was injured in a flood.",
            "reg_death": "m_c was drowned by floodwaters.",
            "lead_death": "drowned in floodwaters"
        }
    },
    {
        "patrol_id": "bch_bord_flashflood4",
        "biome": "beach",
        "season": "Any",
        "tags": [
            "border",
            "blunt_force_injury",
            "water in their lungs",
            "injury"
        ],
        "intro_text": "There are dark clouds on the horizon and r_c wonders if {PRONOUN/r_c/subject} should continue.",
        "decline_text": "Your patrol decides to head back early.",
        "chance_of_success": 40,
        "exp": 20,
        "success_text": {
            "unscathed_common": "While it's pretty gray up there, the promised rain never comes.",
            "unscathed_rare": "r_c becomes wet from the rain, but otherwise the patrol is successful.",
            "stat_skill": "s_c makes a careful judgment, and keeps going. {PRONOUN/s_c/subject/CAP} {VERB/s_c/stick/sticks} to the clifftops, avoiding the low beaches as the rain begins to pour around {PRONOUN/s_c/object}.",
            "stat_trait": "It's not worth the risk - s_c heads for home."
        },
        "fail_text": {
            "injury": "There is a downpour, and a sudden flood from the overflowing river sweeps r_c away. With the little warning {PRONOUN/r_c/subject} {VERB/r_c/have/has}, {PRONOUN/r_c/subject} {VERB/r_c/spot/spots} a branch being carried by the water, and strike out strongly for it. Hurt and shivering from both exhaustion and the cold, {PRONOUN/r_c/subject} nevertheless {VERB/r_c/cling/clings} to safety as the floodwaters run their course."
        },
        "win_skills": [
            "CLEVER,2"
        ],
        "win_trait": [
            "careful",
            "insecure",
            "nervous"
        ],
        "min_cats": 1,
        "max_cats": 1,
        "antagonize_text": null,
        "antagonize_fail_text": null,
        "history_text": {
            "scar": "m_c was injured in a flood."
        }
    },
    {
        "patrol_id": "bch_bord_trackrogue1",
        "biome": "beach",
        "season": "Any",
        "tags": [
            "fighting",
            "battle_injury",
            "scar",
            "BRIDGE",
            "border",
            "death",
            "clan_to_patrol",
            "respect",
            "trust"
        ],
        "intro_text": "While on patrol, r_c notices some suspicious pawprints in the wet sand on the beach.",
        "decline_text": "{PRONOUN/r_c/subject/CAP} {VERB/r_c/decide/decides} not to investigate.",
        "chance_of_success": 40,
        "exp": 10,
        "success_text": {
            "unscathed_common": "The pawprints lead to a trespassing rogue. r_c quickly hides {PRONOUN/r_c/self} in the grass on the sand dunes and sets up an ambush that sends the rogue fleeing off c_n territory.",
            "unscathed_rare": "r_c soon realizes that the pawprints smell of c_n. Someone must have wandered through this section of the border recently, but it's not a threat.",
            "stat_skill": "The pawprints lead to a trespassing rogue. s_c throws {PRONOUN/s_c/self} at the rogue, hissing furiously, and drives {PRONOUN/r_c/object} off c_n territory.",
            "stat_trait": "Boldy, s_c follows the pawprints to a trespassing rogue and confronts them. Fur puffed up and scowling, {PRONOUN/s_c/subject} {VERB/s_c/demand/demands} the rogue leaves c_n territory. Intimidated by {PRONOUN/s_c/poss} confidence, the rogue gives in and leaves without a fight."
        },
        "fail_text": {
            "unscathed_common": "It turns out they were r_c's own pawprints... r_c huffs with embarrassment, suddenly grateful {PRONOUN/r_c/subject}{VERB/r_c/'re/'s} alone.",
            "unscathed_stat": "The pawprints lead to a trespassing rogue. s_c tries to set up a trap by using the tides to cut off the rogue's escape path, but {PRONOUN/s_c/subject} {VERB/s_c/aren't/isn't} as smart as {PRONOUN/s_c/subject} {VERB/s_c/think/thinks} {PRONOUN/s_c/subject} {VERB/s_c/are/is}. The trap fails, and the rogue wanders on.",
            "death": "Nose to the ground following the trail, r_c doesn't see the blow that kills {PRONOUN/r_c/object}.",
            "injury": "Nose to the ground following the trail, r_c doesn't see the blow coming. {PRONOUN/r_c/subject/CAP} {VERB/r_c/haul/hauls} {PRONOUN/r_c/self} to {PRONOUN/r_c/poss} feet, spitting with outrage, but the rogue that did it has already turned and run."
        },
        "win_skills": [
            "FIGHTER,1"
        ],
        "win_trait": [
            "ambitious",
            "bloodthirsty",
            "cold",
            "fierce",
            "shameless",
            "strict",
            "troublesome",
            "vengeful",
            "adventurous",
            "bold",
            "charismatic",
            "childish",
            "confident",
            "daring",
            "playful",
            "righteous"
        ],
        "fail_skills": [
            "CLEVER,1"
        ],
        "min_cats": 1,
        "max_cats": 1,
        "antagonize_text": null,
        "antagonize_fail_text": null,
        "history_text": {
            "scar": "m_c was scarred by an invading rogue.",
            "reg_death": "m_c was killed by an invading rogue.",
            "lead_death": "{VERB/m_c/were/was} killed by an invading rogue"
        }
    },
    {
        "patrol_id": "bch_bord_trackrogue2",
        "biome": "beach",
        "season": "Any",
        "tags": [
            "fighting",
            "battle_injury",
            "scar",
            "BRIDGE",
            "border",
            "death",
            "clan_to_patrol",
            "respect",
            "trust"
        ],
        "intro_text": "While on patrol, r_c notices some suspicious pawprints in the wet sand on the beach.",
        "decline_text": "{PRONOUN/r_c/subject/CAP} {PRONOUN/r_c/decide/decides} not to investigate.",
        "chance_of_success": 40,
        "exp": 10,
        "success_text": {
            "unscathed_common": "The pawprints lead to a trespassing rogue. r_c quickly hides {PRONOUN/r_c/self} in the grass on the sand dunes and sets up an ambush that sends the rogue fleeing off c_n territory.",
            "unscathed_rare": "r_c soon realizes that the pawprints smell of c_n. Someone must have wandered through this section of the border recently, but it's not a threat.",
            "stat_skill": "The pawprints lead to a trespassing rogue. s_c sets up a trap by using the tides to cut off the rogue's escape path. It makes the startled intruder cower to realize they've been caught and trapped by c_n, and they're escorted to the border with the lesson firmly learnt.",
            "stat_trait": "Boldy, s_c follows the pawprints to a trespassing rogue and confronts them. Fur puffed up and scowling, {PRONOUN/s_c/subject} {VERB/s_c/demand/demands} the rogue leaves c_n territory. Intimidated by {PRONOUN/s_c/poss} confidence, the rogue gives in and leaves without a fight."
        },
        "fail_text": {
            "unscathed_common": "It turns out they were r_c's own pawprints... r_c huffs with embarrassment, suddenly grateful {PRONOUN/r_c/subject}{VERB/r_c/'re/'s} alone.",
            "unscathed_stat": "The pawprints lead to a trespassing rogue. s_c throws {PRONOUN/s_c/self} at the rogue, hissing furiously, but this is one battle hardened trespasser, and s_c isn't as good of a fighter as {PRONOUN/s_c/subject}'d like to think. The rogue manages to escape {PRONOUN/s_c/poss} grasp and run off further into c_n territory.",
            "death": "Nose to the ground following the trail, r_c doesn't see the blow that kills {PRONOUN/r_c/object}.",
            "injury": "Nose to the ground following the trail, r_c doesn't see the blow coming. {PRONOUN/s_c/subject/CAP} {VERB/s_c/haul/hauls} {PRONOUN/s_c/self} to {PRONOUN/s_c/poss} feet, spitting with outrage, but the rogue that did it has already turned and run."
        },
        "win_skills": [
            "CLEVER,1"
        ],
        "win_trait": [
            "ambitious",
            "bloodthirsty",
            "cold",
            "fierce",
            "shameless",
            "strict",
            "troublesome",
            "vengeful",
            "adventurous",
            "bold",
            "charismatic",
            "childish",
            "confident",
            "daring",
            "playful",
            "righteous"
        ],
        "fail_skills": [
            "FIGHTER,1"
        ],
        "min_cats": 1,
        "max_cats": 1,
        "antagonize_text": null,
        "antagonize_fail_text": null,
        "history_text": {
            "scar": "m_c was scarred by an invading rogue.",
            "reg_death": "m_c was killed by an invading rogue.",
            "lead_death": "{VERB/m_c/were/was} killed by an invading rogue"
        }
    },
    {
        "patrol_id": "bch_bord_trackrogue3",
        "biome": "beach",
        "season": "Any",
        "tags": [
            "app_stat",
            "fighting",
            "battle_injury",
            "scar",
            "BRIDGE",
            "border",
            "apprentice",
            "death"
        ],
        "intro_text": "While on patrol, app1 notices some suspicious pawprints in the wet sand on the beach.",
        "decline_text": "{PRONOUN/app1/subject} {VERB/app1/decide/decides} not to investigate.",
        "chance_of_success": 40,
        "exp": 10,
        "success_text": {
            "unscathed_common": "The pawprints lead to a trespassing rogue. app1 quickly hides {PRONOUN/app1/self} in the grass on the sand dunes, and sets up an ambush that lets {PRONOUN/app1/object} pretend to be a far bigger and more impressive fighter, sending the rogue fleeing off c_n territory.",
            "unscathed_rare": "app1 soon realizes that the pawprints smell of c_n. Someone must have wandered through this section of the border recently, but it's not a threat. In fact... {PRONOUN/app1/subject}{VERB/app1/'re/'s} pretty sure this is {PRONOUN/app1/poss} mentor's scent. And {PRONOUN/app1/poss} mentor has been hinting there'll be a test soon."
        },
        "fail_text": {
            "unscathed_common": "It turns out they were app1's own pawprints... app1 huffs with embarrassment, suddenly grateful {PRONOUN/app1/subject}{VERB/app1/'re/'s} alone. {PRONOUN/app1/subject/CAP} {VERB/app1/don't/doesn't} want to look dumb in front of other cats.",
            "unscathed_stat": "Boldy, s_c follows the pawprints to a trespassing rogue and confronts them. Fur puffed up and scowling, {PRONOUN/app1/subject} {VERB/app1/demand/demands} the rogue leaves c_n territory. The rogue is not impressed by this teenager, and ignores {PRONOUN/app1/object} completely.",
            "death": "Nose to the ground following the trail, app1 doesn't see the blow that kills {PRONOUN/app1/object}.",
            "injury": "Nose to the ground following the trail, app1 doesn't see the blow coming. {PRONOUN/app1/subject/CAP} {VERB/app1/haul/hauls} {PRONOUN/app1/self} to {PRONOUN/app1/poss} feet, squealing with pain, and run for home."
        },
        "fail_trait": [
            "ambitious",
            "bloodthirsty",
            "cold",
            "fierce",
            "shameless",
            "strict",
            "troublesome",
            "vengeful",
            "adventurous",
            "bold",
            "charismatic",
            "childish",
            "confident",
            "daring",
            "playful",
            "righteous"
        ],
        "min_cats": 1,
        "max_cats": 1,
        "antagonize_text": null,
        "antagonize_fail_text": null,
        "history_text": {
            "scar": "m_c was scarred by an invading rogue.",
            "reg_death": "m_c was killed by an invading rogue.",
            "lead_death": "{VERB/m_c/were/was} killed by an invading rogue"
        }
    },
    {
        "patrol_id": "bch_bord_trackrogue4",
        "biome": "beach",
        "season": "Any",
        "tags": [
            "fighting",
            "battle_injury",
            "scar",
            "BRIDGE",
            "border",
            "respect",
            "trust"
        ],
        "intro_text": "While on patrol, r_c notices some suspicious pawprints in the wet sand on the beach.",
        "decline_text": "{PRONOUN/r_c/subject} {VERB/r_c/decide/decides} not to investigate.",
        "chance_of_success": 40,
        "exp": 10,
        "success_text": {
            "unscathed_common": "The pawprints lead to a trespassing rogue. The patrol quickly hides themselves in the grass on the sand dunes and sets up an ambush, sending the rogue fleeing off c_n territory.",
            "unscathed_rare": "r_c soon realizes that the pawprints smell of c_n. Someone must have wandered through this section of the border recently, but it's not a threat.",
            "stat_skill": "The pawprints lead to a trespassing rogue. s_c throws {PRONOUN/s_c/self} at the rogue, hissing furiously, and together with r_c drives them off c_n territory.",
            "stat_trait": "Boldy, s_c follows the pawprints to a trespassing rogue and confronts them. Fur puffed up and scowling, s_c and r_c demand the rogue leaves c_n territory. Intimidated by {PRONOUN/s_c/poss} confidence, the rogue gives in and leaves without a fight."
        },
        "fail_text": {
            "unscathed_common": "It turns out they were r_c's own pawprints... r_c huffs with embarrassment, suddenly grateful that {PRONOUN/r_c/poss} patrol is so small. Less eyes watching that embarrassing moment.",
            "unscathed_stat": "The pawprints lead to a trespassing rogue. s_c tries to set up a trap by using the tides to cut off the rogue's escape path, but {PRONOUN/s_c/subject} {VERB/s_c/aren't/isn't} as smart as {PRONOUN/s_c/subject} {VERB/s_c/think/thinks} {PRONOUN/s_c/subject} {VERB/s_c/are/is}. The trap fails, and the rogue wanders on.",
            "injury": "Nose to the ground following the trail, r_c doesn't see the blow coming. {PRONOUN/r_c/subject/CAP} {VERB/r_c/haul/hauls} {PRONOUN/r_c/self} to {PRONOUN/r_c/poss} feet, spitting with outrage, but the rogue that did it has already turned and run from the patrol."
        },
        "win_skills": [
            "FIGHTER,1"
        ],
        "win_trait": [
            "ambitious",
            "bloodthirsty",
            "cold",
            "fierce",
            "shameless",
            "strict",
            "troublesome",
            "vengeful",
            "adventurous",
            "bold",
            "charismatic",
            "childish",
            "confident",
            "daring",
            "playful",
            "righteous"
        ],
        "fail_skills": [
            "CLEVER,1"
        ],
        "min_cats": 2,
        "max_cats": 2,
        "antagonize_text": null,
        "antagonize_fail_text": null,
        "history_text": {
            "scar": "m_c was scarred by an invading rogue."
        }
    },
    {
        "patrol_id": "bch_bord_trackrogue5",
        "biome": "beach",
        "season": "Any",
        "tags": [
            "fighting",
            "battle_injury",
            "scar",
            "BRIDGE",
            "border",
            "respect",
            "trust"
        ],
        "intro_text": "While on patrol, r_c notices some suspicious pawprints in the wet sand on the beach.",
        "decline_text": "{PRONOUN/r_c/subject} {VERB/r_c/decide/decides} not to investigate.",
        "chance_of_success": 40,
        "exp": 10,
        "success_text": {
            "unscathed_common": "The pawprints lead to a trespassing rogue. The patrol quickly hides themselves in the grass on the sand dunes and sets up an ambush, sending the rogue fleeing off c_n territory.",
            "unscathed_rare": "r_c soon realizes that the pawprints smell of c_n. Someone must have wandered through this section of the border recently, but it's not a threat.",
            "stat_skill": "The pawprints lead to a trespassing rogue. s_c sets up a trap by using the tides to cut off the rogue's escape path. It makes the startled intruder cower to realize they've been caught and trapped by c_n, and they're escorted to the border with the lesson firmly learnt.",
            "stat_trait": "Boldy, s_c follows the pawprints to a trespassing rogue and confronts them. Fur puffed up and scowling, s_c and r_c demand the rogue leaves c_n territory. Intimidated by their confidence, the rogue gives in and leaves without a fight."
        },
        "fail_text": {
            "unscathed_common": "It turns out they were r_c's own pawprints... r_c huffs with embarrassment, suddenly grateful {PRONOUN/r_c/poss} patrol is so small. Less eyes watching that embarrassing moment.",
            "unscathed_stat": "The pawprints lead to a trespassing rogue. s_c throws {PRONOUN/s_c/self} at the rogue, hissing furiously, but this is one battle hardened trespasser, and s_c isn't as good of a fighter as {PRONOUN/s_c/subject}'d like to think. The rogue manages to escape {PRONOUN/s_c/poss} grasp and run off further into c_n territory.",
            "injury": "Nose to the ground following the trail, r_c doesn't see the blow coming. {PRONOUN/r_c/subject/CAP} {VERB/r_c/haul/hauls} {PRONOUN/r_c/self} to {PRONOUN/r_c/poss} feet, spitting with outrage, but the rogue that did it has already turned and run."
        },
        "win_skills": [
            "CLEVER,1"
        ],
        "win_trait": [
            "ambitious",
            "bloodthirsty",
            "cold",
            "fierce",
            "shameless",
            "strict",
            "troublesome",
            "vengeful",
            "adventurous",
            "bold",
            "charismatic",
            "childish",
            "confident",
            "daring",
            "playful",
            "righteous"
        ],
        "fail_skills": [
            "FIGHTER,1"
        ],
        "min_cats": 2,
        "max_cats": 2,
        "antagonize_text": null,
        "antagonize_fail_text": null,
        "history_text": {
            "scar": "m_c was scarred by an invading rogue."
        }
    },
    {
        "patrol_id": "bch_bord_trackrogue6",
        "biome": "beach",
        "season": "Any",
        "tags": [
            "app_stat",
            "fighting",
            "battle_injury",
            "scar",
            "BRIDGE",
            "border",
            "apprentice"
        ],
        "intro_text": "While on patrol, app1 notices some suspicious pawprints in the wet sand on the beach.",
        "decline_text": "{PRONOUN/app1/subject} {VERB/app1/decide/decides} not to investigate.",
        "chance_of_success": 40,
        "exp": 10,
        "success_text": {
            "unscathed_common": "The pawprints lead to a trespassing rogue. The patrol quickly hides themselves in the grass on the sand dunes and sets up an ambush, sending the rogue fleeing off c_n territory.",
            "unscathed_rare": "app1 soon realizes that the pawprints smell of c_n. Someone must have wandered through this section of the border recently, but it's not a threat. In fact. . . {PRONOUN/app1/subject}{VERB/app1/'re/'s} pretty sure this is {PRONOUN/app1/poss} mentor's scent. And {PRONOUN/app1/poss} mentor has been hinting there'll be a test soon."
        },
        "fail_text": {
            "unscathed_common": "It turns out they were app1's own pawprints... app1 huffs with embarrassment, suddenly grateful that {PRONOUN/app1/poss} patrol is so small. Fewer eyes watching that embarrassing moment. {PRONOUN/app1/subject/CAP} {VERB/app1/don't/doesn't} want to look dumb in front of other cats.",
            "unscathed_stat": "Boldy, s_c follows the pawprints to a trespassing rogue and confronts them. Fur puffed up and scowling, {PRONOUN/app1/subject} {VERB/app1/demand/demands} the rogue leaves c_n territory. The rogue is not impressed by the teenager, but reluctantly leaves c_n territory.",
            "injury": "Nose to the ground following the trail, app1 doesn't see the blow coming. {PRONOUN/app1/subject/CAP} {VERB/app1/haul/hauls} {PRONOUN/app1/self} to {PRONOUN/app1/poss} feet, squealing with pain, and run for home."
        },
        "fail_trait": [
            "ambitious",
            "bloodthirsty",
            "cold",
            "fierce",
            "shameless",
            "strict",
            "troublesome",
            "vengeful",
            "adventurous",
            "bold",
            "charismatic",
            "childish",
            "confident",
            "daring",
            "playful",
            "righteous"
        ],
        "min_cats": 2,
        "max_cats": 2,
        "antagonize_text": null,
        "antagonize_fail_text": null,
        "history_text": {
            "scar": "m_c was scarred by an invading rogue."
        }
    },
    {
        "patrol_id": "bch_bord_trackrogue7",
        "biome": "beach",
        "season": "Any",
        "tags": [
            "fighting",
            "border",
            "respect",
            "trust"
        ],
        "intro_text": "While on patrol, r_c notices some suspicious pawprints in the wet sand on the beach.",
        "decline_text": "{PRONOUN/r_c/subject} {VERB/r_c/decide/decides} not to investigate.",
        "chance_of_success": 30,
        "exp": 10,
        "success_text": {
            "unscathed_common": "The pawprints lead to a trespassing rogue. The patrol quickly hides themselves in the grass on the sand dunes and sets up an ambush, sending the rogue fleeing off c_n territory.",
            "unscathed_rare": "r_c soon realizes that the pawprints smell of c_n. Someone must have wandered through this section of the border recently, but it's not a threat.",
            "stat_skill": "The pawprints lead to a trespassing rogue. s_c throws themselves at the rogue, hissing furiously, and together with r_c drives them off c_n territory.",
            "stat_trait": "Boldy, s_c follows the pawprints to a trespassing rogue and confronts them. Fur puffed up and scowling, the patrol demands the rogue leave c_n territory. Intimidated by s_c's confidence and the number of cats, the rogue gives in and leaves without a fight."
        },
        "fail_text": {
            "unscathed_common": "It turns out they were r_c's own pawprints... r_c huffs with embarrassment, and can't meet the eyes of the rest of the patrol.",
            "unscathed_stat": "The pawprints lead to a trespassing rogue. s_c tries to set up a trap by using the tides to cut off the rogue's escape path, but {PRONOUN/s_c/subject} {VERB/s_c/aren't/isn't} as smart as {PRONOUN/s_c/subject} {VERB/s_c/think/thinks} {PRONOUN/s_c/subject} {VERB/s_c/are/is}. The trap fails, and the rogue wanders on."
        },
        "win_skills": [
            "FIGHTER,1"
        ],
        "win_trait": [
            "ambitious",
            "bloodthirsty",
            "cold",
            "fierce",
            "shameless",
            "strict",
            "troublesome",
            "vengeful",
            "adventurous",
            "bold",
            "charismatic",
            "childish",
            "confident",
            "daring",
            "playful",
            "righteous"
        ],
        "fail_skills": [
            "CLEVER,1"
        ],
        "min_cats": 3,
        "max_cats": 6,
        "antagonize_text": null,
        "antagonize_fail_text": null
    },
    {
        "patrol_id": "bch_bord_trackrogue8",
        "biome": "beach",
        "season": "Any",
        "tags": [
            "fighting",
            "scar",
            "BRIDGE",
            "border",
            "respect",
            "trust"
        ],
        "intro_text": "While on patrol, r_c notices some suspicious pawprints in the wet sand on the beach.",
        "decline_text": "{PRONOUN/r_c/subject} {VERB/r_c/decide/decides} not to investigate.",
        "chance_of_success": 30,
        "exp": 10,
        "success_text": {
            "unscathed_common": "The pawprints lead to a trespassing rogue. The patrol quickly hides themselves in the grass on the sand dunes and sets up an ambush, sending the rogue fleeing off c_n territory.",
            "unscathed_rare": "r_c soon realizes that the pawprints smell of c_n. Someone must have wandered through this section of the border recently, but it's not a threat.",
            "stat_skill": "The pawprints lead to a trespassing rogue. s_c sets up a trap by using the tides to cut off the rogue's escape path. It makes the startled intruder cower to realize they've been caught and trapped by c_n, and they're escorted to the border with the lesson firmly learnt.",
            "stat_trait": "Boldy, s_c follows the pawprints to a trespassing rogue and confronts them. Fur puffed up and scowling, the patrol demands the rogue leave c_n territory. Intimidated by their confidence and the number of cats, the rogue gives in and leaves without a fight."
        },
        "fail_text": {
            "unscathed_common": "It turns out they were r_c's own pawprints... r_c huffs with embarrassment, and can't meet the eyes of the rest of the patrol.",
            "unscathed_stat": "The pawprints lead to a trespassing rogue. s_c throws themselves at the rogue, hissing furiously, but this is one battle hardened trespasser, and s_c isn't as good of a fighter as {PRONOUN/s_c/subject}'d like to think. The rogue manages to escape their grasp and run off further into c_n territory."
        },
        "win_skills": [
            "CLEVER,1"
        ],
        "win_trait": [
            "ambitious",
            "bloodthirsty",
            "cold",
            "fierce",
            "shameless",
            "strict",
            "troublesome",
            "vengeful",
            "adventurous",
            "bold",
            "charismatic",
            "childish",
            "confident",
            "daring",
            "playful",
            "righteous"
        ],
        "fail_skills": [
            "FIGHTER,1"
        ],
        "min_cats": 3,
        "max_cats": 6,
        "antagonize_text": null,
        "antagonize_fail_text": null,
        "history_text": {
            "scar": "m_c was scarred by an invading rogue."
        }
    },
    {
        "patrol_id": "bch_bord_trackrogue9",
        "biome": "beach",
        "season": "Any",
        "tags": [
            "app_stat",
            "fighting",
            "border",
            "apprentice"
        ],
        "intro_text": "While on patrol, app1 notices some suspicious pawprints in the wet sand on the beach.",
        "decline_text": "{PRONOUN/app1/subject} {VERB/app1/decide/decides} not to investigate.",
        "chance_of_success": 30,
        "exp": 10,
        "success_text": {
            "unscathed_common": "The pawprints lead to a trespassing rogue. The patrol quickly hides themselves in the grass on the sand dunes and sets up an ambush, sending the rogue fleeing off c_n territory.",
            "unscathed_rare": "app1 soon realizes that the pawprints smell of c_n. Someone must have wandered through this section of the border recently, but it's not a threat. In fact. . . {PRONOUN/app1/subject}{VERB/app1/'re/'s} pretty sure this is {PRONOUN/app1/poss} mentor's scent. And {PRONOUN/app1/poss} mentor has been hinting there'll be a test soon."
        },
        "fail_text": {
            "unscathed_common": "It turns out they were app1's own pawprints... app1 huffs with embarrassment, and can't meet the eyes of the rest of the patrol. {PRONOUN/app1/subject/CAP} {VERB/app1/don't/doesn't} want to look dumb in front of other cats.",
            "unscathed_stat": "Boldy, s_c follows the pawprints to a trespassing rogue and confronts them. Fur puffed up and scowling, {PRONOUN/s_c/subject} {VERB/s_c/demand/demands} the rogue leaves c_n territory. The rogue is not impressed by the teenager, but with the full patrol backing {PRONOUN/s_c/object} up, leaves c_n territory."
        },
        "fail_trait": [
            "ambitious",
            "bloodthirsty",
            "cold",
            "fierce",
            "shameless",
            "strict",
            "troublesome",
            "vengeful",
            "adventurous",
            "bold",
            "charismatic",
            "childish",
            "confident",
            "daring",
            "playful",
            "righteous"
        ],
        "min_cats": 3,
        "max_cats": 6,
        "antagonize_text": null,
        "antagonize_fail_text": null
    }
]