[
    {
        "injury": "broken bone",
        "tags": [
            "Newleaf",
            "Greenleaf",
            "Leaf-fall",
            "Leaf-bare",
            "scar",
            "TWO"
        ],
        "event_text": "m_c was grabbed and dropped by an eagle, but {PRONOUN/m_c/subject} somehow survived.",
        "history_text": {
            "scar": "m_c was scarred when an eagle grabbed {PRONOUN/m_c/subject}.",
            "reg_death": "m_c died from {PRONOUN/m_c/poss} wounds after an eagle grabbed {PRONOUN/m_c/subject}."
        },
        "cat_trait": null,
        "cat_skill": null,
        "other_cat_trait": null,
        "other_cat_skill": null
    },
    {
        "injury": "bruises",
        "tags": [
            "Newleaf",
            "Greenleaf",
            "Leaf-fall",
            "Leaf-bare"
        ],
        "event_text": "m_c was running over the hills, when {PRONOUN/m_c/subject} tripped over {PRONOUN/m_c/poss} own legs and hit the ground hard.",
        "cat_trait": null,
        "cat_skill": null,
        "other_cat_trait": null,
        "other_cat_skill": null
    },
    {
        "injury": "sprain",
        "tags": [
            "Newleaf",
            "Leaf-fall"
        ],
        "event_text": "The ground inside the camp has turned into a muddy mess from the rain. m_c sprains {PRONOUN/m_c/poss} paw while trying to walk through the muck.",
        "cat_trait": null,
        "cat_skill": null,
        "other_cat_trait": null,
        "other_cat_skill": null
    },
    {
        "injury": "sprain",
        "tags": [
            "Newleaf",
            "Greenleaf",
            "Leaf-fall",
            "Leaf-bare"
        ],
        "event_text": "m_c trips over an unseen rabbit hole, spraining {PRONOUN/m_c/poss} paw.",
        "cat_trait": null,
        "cat_skill": null,
        "other_cat_trait": null,
        "other_cat_skill": null
    },
    {
        "injury": "sprain",
        "tags": [
            "Newleaf",
            "Greenleaf",
            "Leaf-fall",
            "Leaf-bare"
        ],
        "event_text": "m_c was running over the hills, when they tripped over {PRONOUN/m_c/poss} own legs and hit the ground hard.",
        "cat_trait": null,
        "cat_skill": null,
        "other_cat_trait": null,
        "other_cat_skill": null
    },
    {
        "injury": "sore",
        "tags": [
            "Newleaf",
            "Greenleaf",
            "Leaf-fall",
            "Leaf-bare"
        ],
        "event_text": "m_c is feeling extremely sore from the long distances {PRONOUN/m_c/subject}{VERB/m_c/'ve/'s} run lately.",
        "cat_trait": null,
        "cat_skill": null,
        "other_cat_trait": null,
        "other_cat_skill": null
    },
    {
        "injury": "claw-wound",
        "tags": [
            "Newleaf",
            "Greenleaf",
            "Leaf-fall",
            "Leaf-bare",
            "scar",
            "ONE"
        ],
        "event_text": "m_c survived a vicious eagle attack - with the claw marks to prove it!",
        "history_text": {
            "scar": "m_c was scarred by an eagle.",
            "reg_death": "m_c died from {PRONOUN/m_c/poss} wounds after fighting an eagle."
        },
        "cat_trait": null,
        "cat_skill": null,
        "other_cat_trait": null,
        "other_cat_skill": null
    },
    {
        "injury": "frostbite",
        "tags": [
            "Leaf-fall",
            "Leaf-bare",
            "scar",
            "FROSTTAIL"
        ],
        "event_text": "m_c was out wandering the territory for a bit too long and came back with frostbite.",
        "history_text": {
            "scar": "m_c was scarred by frostbite.",
            "reg_death": "m_c died after {PRONOUN/m_c/subject} got frostbite."
        },
        "cat_trait": null,
        "cat_skill": null,
        "other_cat_trait": null,
        "other_cat_skill": null
    },
    {
        "injury": "water in their lungs",
        "tags": [
            "Newleaf",
            "Greenleaf",
            "Leaf-fall"
        ],
        "event_text": "m_c fell into a river, and inhaled a lot of water before managing to get out. {PRONOUN/m_c/subject/CAP}{VERB/m_c/'ve/'s} been hacking and sputtering ever since.",
        "history_text": {
            "reg_death": "m_c died from water-inhalation after falling in the river."
        },
        "cat_trait": null,
        "cat_skill": null,
        "other_cat_trait": null,
        "other_cat_skill": null
    }
]