[
    {
        "camp": "any",
        "tags": [
            "Newleaf",
            "Greenleaf",
            "Leaf-fall",
            "Leaf-bare"
        ],
        "death_text": "m_c lost a life when {PRONOUN/m_c/subject} fell from the top branches of a tree.",
        "history_text": {
            "lead_death": "fell from a tall tree"
        },
        "cat_trait": null,
        "cat_skill": null,
        "other_cat_trait": null,
        "other_cat_skill": null
    },
    {
        "camp": "any",
        "tags": [
            "all_lives",
            "Newleaf",
            "Greenleaf",
            "Leaf-fall",
            "Leaf-bare",
            "no_body"
        ],
        "death_text": "m_c was washed out to sea, never to be seen again.",
        "history_text": {
            "lead_death": "{VERB/m_c/were/was} washed out to sea"
        },
        "cat_trait": null,
        "cat_skill": null,
        "other_cat_trait": null,
        "other_cat_skill": null
    },
    {
        "camp": "any",
        "tags": [
            "all_lives",
            "other_cat",
            "other_cat_injure",
            "water in their lungs",
            "shock",
            "Newleaf",
            "Greenleaf",
            "Leaf-fall",
            "Leaf-bare",
            "no_body",
            "rc_to_mc",
            "platonic",
            "neg_dislike",
            "respect",
            "trust"
        ],
        "death_text": "m_c was lost to the sea while trying to save r_c from drowning.",
        "history_text": {
            "lead_death": "{VERB/m_c/were/was} lost to the sea while trying to save r_c"
        },
        "cat_trait": [
            "altruistic",
            "bold",
            "ambitious",
            "compassionate",
            "daring",
            "confident",
            "fierce",
            "loyal",
            "loving",
            "empathetic",
            "responsible"
        ],
        "cat_skill": null,
        "other_cat_trait": null,
        "other_cat_skill": null
    },
    {
        "camp": "any",
        "tags": [
            "all_lives",
            "murder",
            "revealed",
            "other_cat",
            "other_cat_adult",
            "Newleaf",
            "Greenleaf",
            "Leaf-fall",
            "Leaf-bare",
            "no_body"
        ],
        "death_text": "m_c was pushed off a cliff into the rock-filled waves below. r_c stood at the edge, eyes narrowed and unblinking till the body slid beneath the waves.",
        "history_text": {
            "lead_death": "{VERB/m_c/were/was} shoved off a cliff by r_c",
            "lead_murder_unrevealed": "were shoved off a cliff by an unknown killer"
        },
        "cat_trait": [
            "adventurous",
            "daring",
            "bold",
            "childish",
            "confident",
            "playful"
        ],
        "cat_skill": null,
        "other_cat_trait": [
            "bloodthirsty",
            "ambitious",
            "bold",
            "careful",
            "calm",
            "cold",
            "fierce",
            "insecure",
            "nervous",
            "responsible",
            "sneaky",
            "strict",
            "vengeful",
            "wise"
        ],
        "other_cat_skill": [
            "HUNTER,2",
            "CLEVER,2",
            "SENSE,2",
            "INSIGHTFUL,1"
        ],
        "negate_cat_trait": [
            "careful",
            "nervous",
            "responsible"
        ],
        "negate_cat_skill": [
            "very smart",
            "extremely smart",
            "clairvoyant",
            "prophet",
            "omen sight"
        ]
    },
    {
        "camp": "any",
        "tags": [
            "all_lives",
            "murder",
            "revealed",
            "other_cat",
            "other_cat_adult",
            "Newleaf",
            "Greenleaf",
            "Leaf-fall",
            "Leaf-bare",
            "no_body"
        ],
        "death_text": "m_c was pushed off a cliff into the rock-filled waves below. r_c insists it was an accident, that m_c slipped on loose shale.",
        "history_text": {
            "lead_death": "{VERB/m_c/were/was} shoved off a cliff by r_c",
            "lead_murder_unrevealed": "were shoved off a cliff by an unknown killer"
        },
        "cat_trait": [
            "adventurous",
            "daring",
            "bold",
            "childish",
            "confident",
            "playful"
        ],
        "cat_skill": null,
        "other_cat_trait": [
            "bloodthirsty",
            "ambitious",
            "bold",
            "careful",
            "calm",
            "cold",
            "fierce",
            "insecure",
            "nervous",
            "responsible",
            "sneaky",
            "strict",
            "vengeful",
            "wise"
        ],
        "other_cat_skill": [
            "HUNTER,2",
            "CLEVER,2",
            "SENSE,2",
            "INSIGHTFUL,1"
        ],
        "negate_cat_trait": [
            "careful",
            "nervous",
            "responsible"
        ],
        "negate_cat_skill": [
            "very smart",
            "extremely smart",
            "clairvoyant",
            "prophet",
            "omen sight"
        ]
    },
    {
        "camp": "any",
        "tags": [
            "all_lives",
            "murder",
            "revealed",
            "other_cat",
            "other_cat_dep",
            "Newleaf",
            "Greenleaf",
            "Leaf-fall",
            "Leaf-bare",
            "no_body"
        ],
        "death_text": "Usually m_c is well aware of when the high tide will come in, but today {PRONOUN/m_c/subject}{VERB/m_c/'re/'s} distracted and run ragged with Clan business. Trapped against the cliffs with treacherous waves pulling at {PRONOUN/m_c/poss} paws, the last thing {PRONOUN/m_c/subject} {VERB/m_c/see/sees} is the smug grin of r_c sat high above on the rocks.",
        "history_text": {
            "lead_death": "{VERB/m_c/were/was} trapped in the tides by r_c",
            "lead_murder_unrevealed": "{VERB/m_c/were/was} trapped by high tides"
        },
        "cat_trait": [
            "responsible",
            "loyal",
            "lonesome"
        ],
        "other_cat_trait": [
            "ambitious",
            "bold",
            "careful",
            "calm",
            "cold",
            "confident",
            "daring",
            "lonesome",
            "shameless",
            "sneaky",
            "strange",
            "vengeful",
            "wise"
        ],
        "other_cat_skill": [
            "HUNTER,2",
            "CLEVER,2",
            "SENSE,2",
            "SPEAKER,2"
        ],
        "negate_cat_trait": [
            "careful",
            "wise"
        ],
        "negate_cat_skill": [
            "very smart",
            "extremely smart",
            "clairvoyant",
            "prophet",
            "omen sight"
        ]
    },
    {
        "camp": "any",
        "tags": [
            "clan_kits",
            "kit_manipulated",
            "murder",
            "revealed",
            "other_cat",
            "other_cat",
            "Newleaf",
            "Greenleaf",
            "Leaf-fall",
            "Leaf-bare"
        ],
        "death_text": "m_c saves one of the Clan's kits from drowning, but loses a life in the process. The kit is well scolded for straying into the water, but is even more subdued than expected afterwards; sending nervous glances at r_c that no one else seems to catch.",
        "history_text": {
            "lead_death": "saved a drowning kit that was set up by r_c",
            "lead_murder_unrevealed": "saved a drowning kit"
        },
        "cat_trait": [
            "ambitious",
            "bold",
            "compassionate",
            "confident",
            "daring",
            "fierce",
            "loving",
            "loyal",
            "responsible",
            "righteous",
            "thoughtful",
            "vengeful"
        ],
        "other_cat_trait": [
            "ambitious",
            "careful",
            "calm",
            "cold",
            "confident",
            "daring",
            "shameless",
            "sneaky",
            "strange",
            "vengeful",
            "wise"
        ],
        "other_cat_skill": [
            "CLEVER,2",
            "SPEAKER,2"
        ]
    }
]