{
    "adventurous": [
        "fearlessness",
        "valiance",
        "daring",
        "bravery",
        "adaptability",
        "courage",
        "valor",
        "spirit",
        "intrigue",
        "observance",
        "boldness",
        "spunk",
        "gallantry",
        "versatility",
        "energy",
        "risk-taking"
    ],
    "ambitious": [
        "initiative",
        "loyalty",
        "determination",
        "bravery",
        "passion",
        "dedication",
        "commitment",
        "drive",
        "responsibility",
        "leadership",
        "decisiveness",
        "enthusiasm",
        "spirit",
        "stamina",
        "intensity",
        "strength"
    ],
    "altruistic": [
        "selflessness",
        "kindness",
        "compassion",
        "generosity",
        "thoughtfulness",
        "sincerity",
        "benevolence",
        "heart of gold",
        "exemplar",
        "justice",
        "consideration",
        "good nature",
        "dedication",
        "patience",
        "spirit",
        "grace"
    ],
    "bloodthirsty": [
        "ferocity",
        "strength",
        "skill",
        "courage",
        "vigor",
        "boldness",
        "drive",
        "determination",
        "dignity",
        "cunning",
        "justice",
        "power",
        "strong will",
        "fortitude",
        "responsibility",
        "valor"
    ],
    "bold": [
        "boldness",
        "fearlessness",
        "valiance",
        "daring",
        "bravery",
        "decisiveness",
        "leadership",
        "dauntlessness",
        "strong will",
        "integrity",
        "morals",
        "dignity",
        "vulnerability",
        "honesty",
        "exemplar",
        "justice"
    ],
    "calm": [
        "serenity",
        "tranquility",
        "forethought",
        "patience",
        "level-headedness",
        "insight",
        "thoughtfulness",
        "reliability",
        "calmness",
        "composure",
        "emotional maturity",
        "observance",
        "dedication",
        "poise",
        "equanimity",
        "diligence",
        "endurance",
        "perspective"
    ],
    "careful": [
        "mindfulness",
        "intelligence",
        "initiative",
        "thoughtfulness",
        "insight",
        "forethought",
        "stealth",
        "pragmatism",
        "wit",
        "observance",
        "judgment",
        "caution",
        "perspective",
        "composure",
        "prudence",
        "wisdom"
    ],
    "charismatic": [
        "warmth",
        "compassion",
        "kindness",
        "energy",
        "gregariousness",
        "sociability",
        "affection",
        "openness",
        "exemplar",
        "wit",
        "amity",
        "charisma",
        "passion",
        "spirit",
        "good nature",
        "friendliness"
    ],
    "childish": [
        "energy",
        "resilience",
        "spirit",
        "enthusiasm",
        "zeal",
        "humor",
        "self-respect",
        "compassion",
        "intrigue",
        "skill",
        "courage",
        "audacity",
        "adaptability",
        "fearlessness",
        "determination",
        "tenacity"
    ],
    "cold": [
        "honesty",
        "cleverness",
        "skill",
        "intelligence",
        "candor",
        "pragmatism",
        "level-headedness",
        "dignity",
        "calmness",
        "composure",
        "wit",
        "observance",
        "caution",
        "independence",
        "steadfastness",
        "assurance",
        "evenness",
        "fortitude"
    ],
    "compassionate": [
        "compassion",
        "kindness",
        "warmth",
        "generosity",
        "altruism",
        "empathy",
        "selflessness",
        "vulnerability",
        "exemplar",
        "emotional maturity",
        "justice",
        "observance",
        "heart",
        "benevolence",
        "understanding",
        "gentleness"
    ],
    "confident": [
        "confidence",
        "resilience",
        "boldness",
        "initiative",
        "exemplar",
        "adaptability",
        "dignity",
        "independence",
        "morale",
        "spirit",
        "drive",
        "determination",
        "strong will",
        "daring"
    ],
    "daring": [
        "boldness",
        "fearlessness",
        "valiance",
        "daring",
        "bravery",
        "vigor",
        "selflessness",
        "intrigue",
        "wit",
        "valor",
        "spirit",
        "energy",
        "courage",
        "fortitude",
        "risk-taking",
        "decisiveness"
    ],
    "empathetic": [
        "compassion",
        "kindness",
        "spirit",
        "generosity",
        "benevolence",
        "insight",
        "thoughtfulness",
        "emotional maturity",
        "observance",
        "understanding",
        "good nature",
        "tenderness",
        "heart",
        "consideration",
        "warmth",
        "sensitivity"
    ],
    "faithful": [
        "spirit",
        "wisdom",
        "dedication",
        "forethought",
        "faithfulness",
        "loyalty",
        "honesty",
        "transparency",
        "reliability",
        "obedience",
        "dutifulness",
        "justice",
        "observance",
        "commitment",
        "sincerity",
        "honor"
    ],
    "fierce": [
        "bravery",
        "courage",
        "commitment",
        "skill",
        "passion",
        "devotion",
        "pragmatism",
        "dignity",
        "wit",
        "cunning",
        "boldness",
        "justice",
        "valor",
        "ferocity",
        "dedication",
        "fortitude"
    ],
    "insecure": [
        "loyalty",
        "dedication",
        "forethought",
        "strategy",
        "tranquility",
        "insight",
        "stealth",
        "unpredictability",
        "composure",
        "guardedness",
        "determination",
        "observance",
        "pragmatism",
        "planning",
        "vigilance",
        "wisdom"
    ],
    "lonesome": [
        "independence",
        "wisdom",
        "patience",
        "intelligence",
        "serenity",
        "composure",
        "honesty",
        "cunning",
        "tranquility",
        "insight",
        "observance",
        "caution",
        "intelligence",
        "dignity",
        "integrity",
        "dependability"
    ],
    "loving": [
        "compassion",
        "kindness",
        "spirit",
        "generosity",
        "affection",
        "devotion",
        "warmth",
        "support",
        "nurturing presence",
        "cherish",
        "appreciation",
        "loyalty",
        "commitment",
        "tenderness",
        "amity",
        "care"
    ],
    "loyal": [
        "loyalty",
        "dedication",
        "enterprise",
        "intelligence",
        "commitment",
        "appreciation",
        "wit",
        "generosity",
        "spirit",
        "ambition",
        "dependability",
        "reliability",
        "devotion",
        "honor",
        "sincerity",
        "support"
    ],
    "nervous": [
        "loyalty",
        "dedication",
        "forethought",
        "strategy",
        "adaptability",
        "pragmatism",
        "realism",
        "observance",
        "insight",
        "judgment",
        "efficiency",
        "logic",
        "reliability",
        "vigilance",
        "prudence",
        "attention"
    ],
    "patient": [
        "patience",
        "forethought",
        "serenity",
        "tranquility",
        "pragmatism",
        "composure",
        "emotional maturity",
        "observance",
        "adaptability",
        "insight",
        "understanding",
        "kindness",
        "diligence",
        "humility",
        "endurance",
        "perspective"
    ],
    "playful": [
        "enthusiasm",
        "spirit",
        "energy",
        "determination",
        "humor",
        "heart of gold",
        "kindness",
        "friendliness",
        "liveliness",
        "tenacity",
        "good nature",
        "passion",
        "openness",
        "empathy",
        "zeal",
        "perseverance"
    ],
    "responsible": [
        "strength",
        "dedication",
        "initiative",
        "loyalty",
        "levelheadedness",
        "composure",
        "responsibility",
        "devotion",
        "wit",
        "pragmatism",
        "realism",
        "logic",
        "dignity",
        "steadfastness",
        "maturity"
    ],
    "righteous": [
        "loyalty",
        "commitment",
        "enterprise",
        "thoughtfulness",
        "insight",
        "boldness",
        "wit",
        "dignity",
        "devotion",
        "compassion",
        "justice",
        "responsibility",
        "consideration",
        "integrity",
        "grace",
        "poise"
    ],
    "shameless": [
        "enthusiasm",
        "spirit",
        "energy",
        "vitality",
        "boldness",
        "dignity",
        "wit",
        "cunning",
        "justice",
        "skill",
        "strategy",
        "pragmatism",
        "dedication",
        "intensity",
        "adaptability",
        "foolhardiness"
    ],
    "sneaky": [
        "skill",
        "strategy",
        "intelligence",
        "determination",
        "stealth",
        "logic",
        "wit",
        "cunning",
        "observance",
        "realism",
        "swiftness",
        "foresight",
        "courage",
        "consideration",
        "shrewdness",
        "sensitivity"
    ],
    "strange": [
        "enthusiasm",
        "spirit",
        "energy",
        "honesty",
        "bluntness",
        "dignity",
        "character",
        "individuality",
        "independence",
        "perspective",
        "insight",
        "dedication",
        "self-respect",
        "candor",
        "integrity",
        "intelligence"
    ],
    "strict": [
        "loyalty",
        "commitment",
        "enterprise",
        "thoughtfulness",
        "dedication",
        "composure",
        "responsibility",
        "insight",
        "perspective",
        "exemplar",
        "dignity",
        "leadership",
        "guidance",
        "fortitude",
        "dependability",
        "equanimity"
    ],
    "thoughtful": [
        "compassion",
        "dedication",
        "initiative",
        "loyalty",
        "insight",
        "wisdom",
        "consideration",
        "wit",
        "cunning",
        "observance",
        "empathy",
        "understanding",
        "commitment",
        "wisdom",
        "honor",
        "amity"
    ],
    "troublesome": [
        "energy",
        "resilience",
        "spirit",
        "enthusiasm",
        "humor",
        "wit",
        "cunning",
        "boldness",
        "dignity",
        "dedication",
        "zeal",
        "zest",
        "determination",
        "intensity",
        "gallantry",
        "flexibility"
    ],
    "vengeful": [
        "honesty",
        "cleverness",
        "skill",
        "intelligence",
        "wit",
        "cunning",
        "justice",
        "dignity",
        "spirit",
        "boldness",
        "observance",
        "drive",
        "strategy",
        "resolve",
        "strong will",
        "intensity"
    ],
    "wise": [
        "wisdom",
        "intelligence",
        "serenity",
        "patience",
        "understanding",
        "composure",
        "dignity",
        "kindness",
        "insight",
        "tranquility",
        "observance",
        "thoughtfulness",
        "steadfastness",
        "prudence",
        "judgment",
        "foresight"
    ]
}
