[
    {
        "injury": "bruises",
        "tags": [
            "Newleaf",
            "Greenleaf",
            "Leaf-fall",
            "Leaf-bare"
        ],
        "event_text": "m_c tried to sneak out of the camp, but fell and got a bruise before {PRONOUN/m_c/subject} even left the safety of the camp walls.",
        "cat_trait": [
            "daring",
            "impulsive",
            "inquisitive",
            "troublesome"
        ],
        "cat_skill": null,
        "other_cat_trait": null,
        "other_cat_skill": null
    },
    {
        "injury": "bruises",
        "tags": [
            "Newleaf",
            "Greenleaf",
            "Leaf-fall",
            "Leaf-bare"
        ],
        "event_text": "m_c snuck out of camp and returned a bit bruised, but brimming with pride despite the scolding {PRONOUN/m_c/subject} {VERB/m_c/were/was} given.",
        "cat_trait": [
            "daring",
            "impulsive",
            "inquisitive",
            "troublesome"
        ],
        "cat_skill": null,
        "other_cat_trait": null,
        "other_cat_skill": null
    },
    {
        "injury": "bruises",
        "tags": [
            "Newleaf",
            "Greenleaf",
            "Leaf-fall",
            "Leaf-bare"
        ],
        "event_text": "m_c play-fought a bit too hard and got a little bruised.",
        "cat_trait": [
            "daring",
            "bouncy",
            "bullying",
            "impulsive",
            "noisy",
            "troublesome"
        ],
        "cat_skill": null,
        "other_cat_trait": null,
        "other_cat_skill": null
    },
    {
        "injury": "scrapes",
        "tags": [
            "Newleaf",
            "Greenleaf",
            "Leaf-fall",
            "Leaf-bare"
        ],
        "event_text": "m_c tried to sneak out of the camp, but fell and scraped {PRONOUN/m_c/poss} paw before {PRONOUN/m_c/subject} even left the safety of the camp walls.",
        "cat_trait": [
            "daring",
            "impulsive",
            "inquisitive",
            "troublesome"
        ],
        "cat_skill": null,
        "other_cat_trait": null,
        "other_cat_skill": null
    },
    {
        "injury": "scrapes",
        "tags": [
            "Newleaf",
            "Greenleaf",
            "Leaf-fall",
            "Leaf-bare"
        ],
        "event_text": "m_c snuck out of camp and returned scraped up, but brimming with pride despite the scolding {PRONOUN/m_c/subject} {VERB/m_c/were/was} given.",
        "cat_trait": [
            "daring",
            "impulsive",
            "inquisitive",
            "troublesome"
        ],
        "cat_skill": null,
        "other_cat_trait": null,
        "other_cat_skill": null
    },
    {
        "injury": "scrapes",
        "tags": [
            "Newleaf",
            "Greenleaf",
            "Leaf-fall",
            "Leaf-bare"
        ],
        "event_text": "m_c play-fought a bit too hard and scraped {PRONOUN/m_c/self} up.",
        "cat_trait": [
            "daring",
            "bouncy",
            "bullying",
            "impulsive",
            "noisy",
            "troublesome"
        ],
        "cat_skill": null,
        "other_cat_trait": null,
        "other_cat_skill": null
    },
    {
        "injury": "headache",
        "camp": "any",
        "tags": [
            "Newleaf",
            "Greenleaf",
            "Leaf-fall",
            "Leaf-bare"
        ],
        "event_text": "m_c woke up with a mild headache, but got up to play anyways, trying to ignore the nagging pain.",
        "history_text": null,
        "cat_trait": null,
        "cat_skill": null,
        "other_cat_trait": null,
        "other_cat_skill": null
    },
    {
        "injury": "severe headache",
        "camp": "any",
        "tags": [
            "Newleaf",
            "Greenleaf",
            "Leaf-fall",
            "Leaf-bare"
        ],
        "event_text": "m_c woke up with a splitting headache, and couldn't get out of {PRONOUN/m_c/poss} nest. {PRONOUN/m_c/subject/CAP} spent the entire day curled up in the nursery, trying to avoid light and noise so that the throbbing pain could subside.",
        "history_text": null,
        "cat_trait": null,
        "cat_skill": null,
        "other_cat_trait": null,
        "other_cat_skill": null
    }
]