{
  "virtues": {
    "comment": "THIS DICT DOES NOTHING - it's purely here for quick reference of some possible virtues, you are not constrained to using these nor should you use these lists",
    "queen_virtues": ["affection", "compassion", "empathy", "duty", "protection", "pride"],
    "warrior_virtues": ["acceptance", "bravery", "certainty", "clear judgement", "confidence", "courage",
      "determination", "endurance", "sympathy", "farsightedness", "friendship", "instincts", "mercy", "strength",
      "unity"],
    "kit_virtues": ["adventure", "curiosity", "forgiveness", "hope", "perspective", "protection"],
    "app_virtues": ["happiness", "honesty", "humor", "justice", "mentoring", "trust"],
    "elder_virtues": ["empathy", "grace", "humility", "integrity", "persistence", "resilience"],
    "med_cat_virtues": ["clear sight", "devotion", "faith", "healing", "patience", "selflessness", "wisdom"],
    "prev_lead_virtues": ["endurance in the face of hardship", "knowing when to fight and when to choose peace",
      "leadership through the darkest times", "loyalty to their Clan", "the strength to overcome their fears",
      "tireless energy"]
  },


  "intros": {
    "default": {
      "tags": [],
      "lead_trait": [],
      "text": [
        "m_c leaves to speak with the Dark Forest. {PRONOUN/m_c/subject/CAP} {VERB/m_c/shut/shuts} {PRONOUN/m_c/poss} eyes and {VERB/m_c/are/is} immediately surrounded by {PRONOUN/m_c/poss} loved ones, friends, and Clanmates who have passed on. Murk and shadows cling to their pelts like frost, and their eyes gleam dangerously as they greet the new leader."

      ]
    },
    "new_clan": {
      "tags": ["new_clan"],
      "lead_trait": [],
      "text": [
        "As m_c dreams that night, {PRONOUN/m_c/subject} {VERB/m_c/find/finds} {PRONOUN/m_c/self} walking through darkness, mud and muck sticking to {PRONOUN/m_c/poss} paws. The world around {PRONOUN/m_c/object} is devoid of light, and bare branches claw at the empty sky above. A single, foreboding cat sits within a clearing."
      ]
    },
    "bloodthirsty": {
      "tags": [],
      "lead_trait": ["bloodthirsty"],
      "text": [
            "m_c leaves to speak with the Dark Forest. {PRONOUN/m_c/subject/CAP} {VERB/r_c/shut/shuts} {PRONOUN/m_c/poss} eyes and {VERB/m_c/awaken/awakens} under an oppressing darkness, devoid of the stars {PRONOUN/m_c/subject} left behind. {PRONOUN/m_c/subject/CAP} {VERB/m_c/turn/turns} around to see a shadowy group of cats approaching, triumph in their eyes."
      ]

    }
  },

  "default_life": {
          "text": "r_c stalks forward, eyes flashing. \"With this life, I grant you [virtue].\" {PRONOUN/r_c/subject} {VERB/r_c/meow/meows}, before disappearing back into the darkness.",
          "virtue": ["energy", "strength", "determination"]
        },

  "lives": {
    "only_guide": {
      "tags": ["new_clan", "guide"],
      "lead_trait": [],
      "star_trait": [],
      "rank": [],
      "life_giving": [
        {
          "text": "The cat stands and stalks towards m_c, circling {PRONOUN/m_c/object} as though a hunter appraising their next meal. \"You come here, ignorant to the lands you walk, expecting a gift? A boon? You'll all wallow here in the darkness with me one day,\" the cat's eyes pierce into m_c's pelt, \"You'll remember me as r_c, and you'll remember that I've granted you a life for [virtue]. And one day, we'll speak again.\"",
          "virtue": ["strength unending", "ruthless efficiency", "never-ending ambition", "righteous anger", "brutality in the face of opposition"]
        }
      ]
    },

    "unknown_ghosts": {
      "tags": ["unknown_blessing"],
      "lead_trait": [],
      "star_trait": [],
      "rank": [],
      "life_giving": [
        {
          "text": "From the muck and mire the distorted shadows of long dead cats rise and loom. Red eyes pierce the haze and a choking hiss grates across the clearing, \"Kindly spirit's eyes have left you, so we come to grant your remaining lives. Do with them what you will,\" before the shadows are gone as quickly as they appeared.",
          "virtue": []
        }
      ]
    },

    "benevolent_adult": {
      "tags": [],
      "lead_trait": [],
      "star_trait": ["faithful", "loving", "responsible", "thoughtful", "wise", "charismatic"],
      "rank": ["warrior", "elder", "medicine cat", "mediator", "apprentice", "deputy", "medicine cat apprentice", "mediator apprentice"],
      "life_giving": [
        {
          "text": "Despite looking quite out of place among the battle-hardened shadows, r_c still places {PRONOUN/r_c/poss} muzzle harshly against the new leader's head. {PRONOUN/r_c/subject/CAP} {VERB/r_c/give/gives} a life for [virtue], hoping that {PRONOUN/m_c/subject} will remember {PRONOUN/m_c/poss} own kindness.",
          "virtue": ["affection", "compassion", "empathy", "duty", "protection", "pride", "hope", "regret", "inspiration", "shaping their own future", "wisdom to know what's right"]

        }
      ]
    },

    "abrasive_adult": {
      "tags": [],
      "lead_trait": [],
      "star_trait": ["ambitious", "bloodthirsty", "cold", "fierce", "shameless", "strict", "troublesome", "vengeful"],
      "rank": ["warrior", "elder", "medicine cat", "mediator", "apprentice", "deputy", "medicine cat apprentice", "mediator apprentice"],
      "life_giving": [
        {
          "text": "r_c stalks up to the new leader, eyes burning with the increasingly familiar Dark Forest ferocity. {PRONOUN/r_c/subject/CAP} {VERB/r_c/touch/touches} {PRONOUN/r_c/poss} nose to m_c's head, giving {PRONOUN/m_c/object} a life for [virtue]. m_c reels back with the emotion of the life that courses through them.",
          "virtue": ["resilience", "harsh judgement", "brutality", "duty", "protection", "pride", "hunger for battle", "greed", "authority", "disdain for the weak-willed"]

        }
      ]
    },

    "outgoing_adult": {
      "tags": [],
      "lead_trait": [],
      "star_trait": ["adventurous", "bold", "charismatic", "childish", "confident", "daring", "playful", "righteous"],
      "rank": ["warrior", "elder", "medicine cat", "mediator", "apprentice", "deputy", "medicine cat apprentice", "mediator apprentice"],
      "life_giving": [
        {
          "text": "r_c jovially jaunts up to the new leader. The dark murk on {PRONOUN/r_c/poss} fur or the red eyes did not seem to dampen {PRONOUN/r_c/poss} spirit one bit. {PRONOUN/r_c/subject/CAP} {VERB/r_c/touch/touches} {PRONOUN/r_c/poss} nose to m_c's head, giving {PRONOUN/m_c/object} a life for [virtue]. When m_c looks up, r_c is walking away from the scene in high spirits.",
          "virtue": ["humor", "seeing the brighter side of a dark situation", "adventure", "confidence", "daring to do what must be done", "humor", "inspiring obedience", "authority"]

        }
      ]
    },

    "reserved_adult": {
      "tags": [],
      "lead_trait": [],
      "star_trait": ["calm", "careful", "insecure", "lonesome", "loyal", "nervous", "sneaky", "strange"],
      "rank": ["warrior", "elder", "medicine cat", "mediator", "apprentice", "deputy", "medicine cat apprentice", "mediator apprentice"],
      "life_giving": [
        {
          "text": "r_c seemed to appear to m_c out of nowhere in the shadowy gloom of the Dark Forest, and quietly gives {PRONOUN/m_c/object} a life for [virtue]. As quickly as {PRONOUN/r_c/subject} appeared, r_c vanished when the life was given.",
          "virtue": ["resilience", "harsh judgement", "brutality", "duty", "protection", "pride", "loyalty to their ambitions", "level-headedness", "caution in the heat of battle", "the strength to carry on alone", "inspiring obedience", "independence"]

        }
      ]
    },

    "default_warrior": {
      "tags": [],
      "lead_trait": [],
      "star_trait": [],
      "rank": ["warrior", "elder", "medicine cat", "mediator", "apprentice", "deputy", "medicine cat apprentice", "mediator apprentice"],
      "life_giving": [
        {
          "text": "r_c walks up to m_c next, offering a life for [virtue]. {PRONOUN/r_c/subject/CAP} {VERB/r_c/give/gives} a wicked grin, telling m_c that {PRONOUN/m_c/poss} Clan will survive any threat.",
          "virtue": ["bravery", "certainty", "clear judgement", "confidence", "courage",
      "determination", "endurance", "instincts", "strength", "ferocity", "cunning", "shamelessness", "zealotry"]
        },
        {
          "text": "Another cat approaches. r_c steps forward to give m_c a life for [virtue]. m_c grits {PRONOUN/m_c/poss} teeth as the life rushes into {PRONOUN/m_c/object}.",
          "virtue": ["bravery", "certainty", "clear judgement", "confidence", "courage",
      "determination", "endurance", "instincts", "strength", "ferocity", "cunning", "shamelessness", "zealotry"]
        },
        {
          "text": "r_c hisses a raspy greeting. Energy surges through m_c's pelt as {PRONOUN/m_c/subject} {VERB/m_c/receive/receives} a life for [virtue]. {PRONOUN/r_c/subject/CAP} {VERB/r_c/spit/spits} at m_c that {PRONOUN/m_c/poss} pain is almost over.",
          "virtue": ["bravery", "certainty", "clear judgement", "confidence", "courage",
      "determination", "endurance", "instincts", "strength", "ferocity", "cunning", "shamelessness", "zealotry"]
        }
      ]
    },

    "bloodthirsty_warrior": {
      "tags": [],
      "lead_trait": ["bloodthirsty"],
      "star_trait": [],
      "rank": ["warrior", "elder", "medicine cat", "mediator", "apprentice", "deputy", "medicine cat apprentice", "mediator apprentice"],
      "life_giving": [
        {
          "text": "r_c walks up to m_c next, giving {PRONOUN/m_c/object} a life for [virtue]. {PRONOUN/r_c/subject/CAP} {VERB/r_c/growl/growls} a word of encouragement over the destruction of c_n's enemies before returning to the line of shadows.",
          "virtue": ["ambition", "bravery", "certainty", "clear judgement", "confidence", "courage",
      "determination", "endurance", "farsightedness", "instincts", "strength", "ferocity", "cunning", "shamelessness", "zealotry", "bloodlust", "restless energy", 
      "stubbornness", "authority"]
        },
        {
          "text": "Another cat approaches. r_c steps forward to give m_c a life for [virtue]. m_c yowls in pain as the life rushes into {PRONOUN/m_c/object}.",
          "virtue": ["ambition", "bravery", "certainty", "clear judgement", "confidence", "courage",
      "determination", "endurance", "farsightedness", "instincts", "strength", "ferocity", "cunning", "shamelessness", "zealotry", "bloodlust", "restless energy", 
      "stubbornness", "authority"]
        },
        {
          "text": "r_c approaches. Pain surges through m_c's pelt as {PRONOUN/m_c/subject} {VERB/m_c/receive/receives} a life for [virtue]. r_c watches with no sympathy, grunting to live with the wounds earned.",
          "virtue": ["ambition", "bravery", "certainty", "clear judgement", "confidence", "courage",
      "determination", "endurance", "farsightedness", "instincts", "strength", "ferocity", "cunning", "shamelessness", "zealotry", "bloodlust", "restless energy", 
      "stubbornness", "authority"]
        }
      ]
    },

    "adventurous_warrior": {
      "tags": [],
      "lead_trait": ["adventurous"],
      "star_trait": [],
      "rank": ["warrior", "elder", "medicine cat", "mediator", "apprentice", "deputy", "medicine cat apprentice", "mediator apprentice"],
      "life_giving": [
        {
          "text": "r_c narrows {PRONOUN/r_c/poss} eyes as {PRONOUN/r_c/subject} stalk up to m_c. After a cryptic warning to keep {PRONOUN/m_c/poss} eyes on {PRONOUN/m_c/poss} <i>own</i> Clan, rather than the horizons, {PRONOUN/m_c/subject} {VERB/m_c/receive/receives} a life for [virtue].",
          "virtue": ["ambition", "bravery", "certainty", "clear judgement", "confidence", "courage",
      "determination", "endurance", "farsightedness", "instincts", "strength", "ferocity", "cunning", "shamelessness", "zealotry", "bloodlust", "restless energy", 
      "stubbornness", "authority"]
        },
        {
          "text": "r_c places {PRONOUN/r_c/poss} muzzle against m_c, giving a harsh life for [virtue]. {PRONOUN/r_c/subject/CAP} {VERB/r_c/leave/leaves} with a whisper that the borders are not to be trusted.",
          "virtue": ["ambition", "bravery", "certainty", "clear judgement", "confidence", "courage",
      "determination", "endurance", "farsightedness", "instincts", "strength", "ferocity", "cunning", "shamelessness", "zealotry", "bloodlust", "restless energy", 
      "stubbornness", "authority"]
        },
        {
          "text": "r_c approaches next and growls under {PRONOUN/r_c/poss} breath about the soft-hearted kittypets stalking around the borders. {PRONOUN/r_c/subject/CAP} {VERB/r_c/give/gives} a life for [virtue] and hurriedly steps away.",
          "virtue": ["ambition", "bravery", "certainty", "clear judgement", "confidence", "courage",
      "determination", "endurance", "farsightedness", "instincts", "strength", "ferocity", "cunning", "shamelessness", "zealotry", "bloodlust", "restless energy", 
      "stubbornness", "authority"]
        }
      ]
    },

    "ambitious_warrior": {
      "tags": [],
      "lead_trait": ["ambitious"],
      "star_trait": [],
      "rank": ["warrior", "elder", "medicine cat", "mediator", "apprentice", "deputy", "medicine cat apprentice", "mediator apprentice"],
      "life_giving": [
        {
          "text": "With a taunting laugh, r_c approaches and gives m_c a life for [virtue]. r_c asks if {PRONOUN/m_c/poss} ambition to lead the Clan was worth the pain, but leaves before m_c could answer.",
          "virtue": ["ambition", "bravery", "certainty", "clear judgement", "confidence", "courage",
      "determination", "endurance", "farsightedness", "instincts", "strength", "ferocity", "cunning", "shamelessness", "zealotry", "bloodlust", "restless energy", 
      "stubbornness", "authority"]
        },
        {
          "text": "There is a proud gleam in r_c's eyes as {PRONOUN/r_c/subject} {VERB/r_c/approach/approaches} the new leader. {PRONOUN/r_c/subject/CAP} {VERB/m_c/give/gives} a life for [virtue], and encouragement to raise m_c's ambitions even higher than the stars themselves.",
          "virtue": ["ambition", "bravery", "certainty", "clear judgement", "confidence", "courage",
      "determination", "endurance", "farsightedness", "instincts", "strength", "ferocity", "cunning", "shamelessness", "zealotry", "bloodlust", "restless energy", 
      "stubbornness", "authority"]
        }
      ]
    },
  
  	"bold_warrior": {
      "tags": [],
      "lead_trait": ["bold"],
      "star_trait": [],
      "rank": ["warrior", "elder", "medicine cat", "mediator", "apprentice", "deputy", "medicine cat apprentice", "mediator apprentice"],
      "life_giving": [
        {
          "text": "r_c steps up to the new leader with a chilling grin stretching {PRONOUN/r_c/poss} maw apart. {PRONOUN/r_c/subject/CAP} {VERB/r_c/give/gives} m_c a life for [virtue], encouraging m_c to boldly do what no Stars-loving cat could never dare to try.",
          "virtue": ["ambition", "bravery", "certainty", "clear judgement", "confidence", "courage",
      "determination", "endurance", "farsightedness", "instincts", "strength", "ferocity", "cunning", "shamelessness", "zealotry", "bloodlust", "restless energy", 
      "stubbornness", "authority"]
        },
        {
          "text": "Murk slides down r_c's face as {PRONOUN/r_c/subject} {VERB/r_c/give/gives} m_c a life for [virtue]. {PRONOUN/r_c/subject/CAP} {VERB/r_c/open/opens} {PRONOUN/r_c/poss} mouth to say something, but only shakes {PRONOUN/r_c/poss} head before disappearing into the choking smog.",
          "virtue": ["ambition", "bravery", "certainty", "clear judgement", "confidence", "courage",
      "determination", "endurance", "farsightedness", "instincts", "strength", "ferocity", "cunning", "shamelessness", "zealotry", "bloodlust", "restless energy", 
      "stubbornness", "authority"]
        },
        {
          "text": "r_c bares {PRONOUN/r_c/poss} teeth and looks like {PRONOUN/r_c/subject} {VERB/r_c/are/is} about to fight m_c. But r_c only presses {PRONOUN/r_c/poss} nose against m_c and snarls a life for [virtue].",
          "virtue": ["ambition", "bravery", "certainty", "clear judgement", "confidence", "courage",
      "determination", "endurance", "farsightedness", "instincts", "strength", "ferocity", "cunning", "shamelessness", "zealotry", "bloodlust", "restless energy", 
      "stubbornness", "authority"]
        }
      ]
    },
  
    "calm_warrior": {
      "tags": [],
      "lead_trait": ["calm"],
      "star_trait": [],
      "rank": ["warrior", "elder", "medicine cat", "mediator", "apprentice", "deputy", "medicine cat apprentice", "mediator apprentice"],
      "life_giving": [
        {
          "text": "The air falls into an unsettling stillness as r_c, a feline with nefarious reputation, draws near, exuding an aura of deceptive calmness. With measured steps, {PRONOUN/r_c/subject} {VERB/r_c/approach/approaches} m_c, extending an offer of a life infused with the virtue of [virtue], to then vanish into the veils of darkness from which {PRONOUN/r_c/subject} emerged.",
          "virtue": ["ambition", "certainty", "clear judgement", "confidence", "courage", "endurance", "farsightedness", "instincts", "cunningness", "shamelessness", "zealotry", "bloodlust", "authority"]
        },
        {
          "text": "r_c's eerie composture approaches, {PRONOUN/r_c/subject} calmness tinged with a malevolent presence. {PRONOUN/r_c/poss/CAP} cool fasade gleams at m_c, as {PRONOUN/r_c/subject} {VERB/r_c/extend/extends} an offer of a life, infused with the virtue of [virtue].",
          "virtue": ["ambition", "certainty", "clear judgement", "confidence", "courage", "endurance", "farsightedness", "instincts", "cunningness", "shamelessness", "zealotry", "bloodlust", "authority"]
        }
      ]
    },
  
    "careful_warrior": {
      "tags": [],
      "lead_trait": ["careful"],
      "star_trait": [],
      "rank": ["warrior", "elder", "medicine cat", "mediator", "apprentice", "deputy", "medicine cat apprentice", "mediator apprentice"],
      "life_giving": [
        {
          "text": "r_c stepped forth with hypnotic grace, {PRONOUN/r_c/poss} presence pulling the very air into a hushed stillness. With calculated movement, {PRONOUN/r_c/subject} exuded an unsettling tranquility, {PRONOUN/r_c/poss} eyes shining with ravening intelligence. {PRONOUN/r_c/subject} slowly drew nearer, giving m_c a life for [virtue].",
          "virtue": ["ambition", "bravery", "certainty", "clear judgement", "confidence", "courage",
      "determination", "endurance", "farsightedness", "instincts", "ferocity", "cunningness", "shamelessness", "zealotry", "bloodlust", "authority"]
        },
        {
          "text": "r_c moved forward with deliberate precision, a testament to {PRONOUN/r_c/poss} innate awareness, like a predator stalking its prey with relentless focus. Eyes glinting with enmity, r_c surveyed m_c, leaving no detail unnoticed. {PRONOUN/r_c/subject/CAP} inched closer, offering a life for [virtue].",
          "virtue": ["ambition", "bravery", "certainty", "clear judgement", "confidence", "courage",
      "determination", "endurance", "farsightedness", "instincts", "ferocity", "cunningness", "shamelessness", "zealotry", "bloodlust", "authority"]
        }
      ]
    },
  
    "charismatic_warrior": {
      "tags": [],
      "lead_trait": ["charismatic"],
      "star_trait": [],
      "rank": ["warrior", "elder", "medicine cat", "mediator", "apprentice", "deputy", "medicine cat apprentice", "mediator apprentice"],
      "life_giving": [
        {
          "text": "r_c chokes out a bitter laugh, taunting the new leader about if {PRONOUN/m_c/poss} honeyed words can help {PRONOUN/m_c/object} in a real fight. r_c presses {PRONOUN/r_c/poss} nose against m_c's head and sneers out a life for [virtue].",
          "virtue": ["ambition", "bravery", "certainty", "clear judgement", "confidence", "courage",
      "determination", "endurance", "farsightedness", "instincts", "strength", "ferocity", "cunning", "shamelessness", "zealotry", "bloodlust", "restless energy", 
      "stubbornness", "authority"]
        },
        {
          "text": "r_c could not help but praise m_c as {PRONOUN/r_c/subject} {VERB/r_c/approach/approaches} {PRONOUN/m_c/object}. Encouraging the use of m_c's silver tongue and barbed threats, the dark spirit gives a life for [virtue].",
          "virtue": ["ambition", "bravery", "certainty", "clear judgement", "confidence", "courage",
      "determination", "endurance", "farsightedness", "instincts", "strength", "ferocity", "cunning", "shamelessness", "zealotry", "bloodlust", "restless energy", 
      "stubbornness", "authority"]
        },
        {
          "text": "Slinking across the ground to close the distance between them, r_c grins like {PRONOUN/r_c/subject} {VERB/r_c/were/was} watching a tiny, trapped mouse. r_c gives m_c a life for [virtue], vanishing before that maw could strike at {PRONOUN/m_c/poss} throat.",
          "virtue": ["ambition", "bravery", "certainty", "clear judgement", "confidence", "courage",
      "determination", "endurance", "farsightedness", "instincts", "strength", "ferocity", "cunning", "shamelessness", "zealotry", "bloodlust", "restless energy", 
      "stubbornness", "authority"]
        }
      ]
    },
  
    "childish_warrior": {
      "tags": [],
      "lead_trait": ["childish"],
      "star_trait": [],
      "rank": ["warrior", "elder", "medicine cat", "mediator", "apprentice", "deputy", "medicine cat apprentice", "mediator apprentice"],
      "life_giving": [
        {
          "text": "r_c wanted to claw the silly smile right off of m_c's face. Instead, {PRONOUN/r_c/subject} made sure that {PRONOUN/r_c/poss} life for [virtue] is as painful as possible.",
          "virtue": ["ambition", "bravery", "certainty", "clear judgement", "confidence", "courage",
      "determination", "endurance", "farsightedness", "instincts", "strength", "ferocity", "cunning", "shamelessness", "zealotry", "bloodlust", "restless energy", 
      "stubbornness", "authority"]
        },
        {
          "text": "Staring coldly from the murk, r_c prowls towards m_c and shoves {PRONOUN/m_c/object} into the dark goo surrounding them both. {PRONOUN/r_c/subject/CAP} {VERB/r_c/growl/growls} out {PRONOUN/r_c/poss} life for [virtue], demanding that m_c stop treating everything like a game.",
          "virtue": ["ambition", "bravery", "certainty", "clear judgement", "confidence", "courage",
      "determination", "endurance", "farsightedness", "instincts", "strength", "ferocity", "cunning", "shamelessness", "zealotry", "bloodlust", "restless energy", 
      "stubbornness", "authority"]
        },
        {
          "text": "r_c bounds up to the new leader with a wicked grin. {PRONOUN/r_c/subject/CAP} {VERB/r_c/place/places} {PRONOUN/r_c/poss} nose against m_c's head, jabbering quickly on about a life for [virtue] before asking what m_c's favorite game is. Another shadowy spirit shoves r_c aside for the next life giver before {PRONOUN/m_c/subject} can answer.",
          "virtue": ["ambition", "bravery", "certainty", "clear judgement", "confidence", "courage",
      "determination", "endurance", "farsightedness", "instincts", "strength", "ferocity", "cunning", "shamelessness", "zealotry", "bloodlust", "restless energy", 
      "stubbornness", "authority"]
        }
      ]
    },

    "cold_warrior": {
      "tags": [],
      "lead_trait": ["cold"],
      "star_trait": [],
      "rank": ["warrior", "elder", "medicine cat", "mediator", "apprentice", "deputy", "medicine cat apprentice", "mediator apprentice"],
      "life_giving": [
        {
          "text": "Draped in an aura of chilling indifference, r_c slinked forward with stoic grace, {PRONOUN/r_c/poss} measured steps reverberating with an unsettling stillness that sent shivers down m_c's spine. Closing the haunting distance between them, r_c inches closer, extending an offer of a life in name of [virtue].",
          "virtue": ["ambition", "bravery", "certainty", "clear judgement", "confidence", "courage",
      "determination", "endurance", "farsightedness", "instincts", "strength", "ferocity", "cunningness", "shamelessness", "zealotry", "bloodlust", "restless energy", 
      "stubbornness", "authority"]
        },
        {
          "text": "r_c approaches, {PRONOUN/r_c/poss} feral grace exuding a calculated composure, concealing the wickedness that thrived within. As {PRONOUN/r_c/subject} closed in, an icy grip enveloped m_c's being, challenging {PRONOUN/m_c/poss} very resolve. Yet, amidst the chilling embrace, a surge of life coursed through m_c's veins, a vitality nourished by the unwavering virtue of [virtue].",
          "virtue": ["ambition", "bravery", "certainty", "clear judgement", "confidence", "courage",
      "determination", "endurance", "farsightedness", "instincts", "strength", "ferocity", "cunningness", "shamelessness", "zealotry", "bloodlust", "restless energy", 
      "stubbornness", "authority"]
        }
      ]
    },

    "compassionate_warrior": {
      "tags": [],
      "lead_trait": ["compassionate"],
      "star_trait": [],
      "rank": ["warrior", "elder", "medicine cat", "mediator", "apprentice", "deputy", "medicine cat apprentice", "mediator apprentice"],
      "life_giving": [
        {
          "text": "One of the core philosophy of the Dark Forest is that Compassion was a weakness. And as pain arched through m_c's body from r_c's life for [virtue], that harsh lesson burned through {PRONOUN/m_c/poss} body like a raging inferno.",
          "virtue": ["ambition", "bravery", "certainty", "clear judgement", "confidence", "courage",
      "determination", "endurance", "farsightedness", "instincts", "strength", "ferocity", "cunning", "shamelessness", "zealotry", "bloodlust", "restless energy", 
      "stubbornness", "authority"]
        },
        {
          "text": "A sneer crossed r_c's face as {PRONOUN/r_c/subject} {VERB/r_c/approach/approaches} m_c. Cruelly pressing {PRONOUN/m_c/poss} nose against the new leader's head, {PRONOUN/r_c/subject} {VERB/r_c/snarl/snarls} out a life for [virtue]. Perhaps that would keep m_c from being too friendly with the other Clans.",
          "virtue": ["ambition", "bravery", "certainty", "clear judgement", "confidence", "courage",
      "determination", "endurance", "farsightedness", "instincts", "strength", "ferocity", "cunning", "shamelessness", "zealotry", "bloodlust", "restless energy", 
      "stubbornness", "authority"]
        },
        {
          "text": "r_c's tired gaze watches m_c. Whispering how m_c's compassionate nature will only hurt c_n in the end, r_c presses {PRONOUN/r_c/poss} nose against the new leader and sighs out a life for [virtue].",
          "virtue": ["ambition", "bravery", "certainty", "clear judgement", "confidence", "courage",
      "determination", "endurance", "farsightedness", "instincts", "strength", "ferocity", "cunning", "shamelessness", "zealotry", "bloodlust", "restless energy", 
      "stubbornness", "authority"]
        }
      ]
    },

    "confident_warrior": {
      "tags": [],
      "lead_trait": ["confident"],
      "star_trait": [],
      "rank": ["warrior", "elder", "medicine cat", "mediator", "apprentice", "deputy", "medicine cat apprentice", "mediator apprentice"],
      "life_giving": [
        {
          "text": "Overconfidence can blind even the most loyal of StarClan-loving cats. And that was just what r_c was counting on as the cruel life of [virtue] burned through m_c's mind.",
          "virtue": ["ambition", "bravery", "certainty", "clear judgement", "confidence", "courage",
      "determination", "endurance", "farsightedness", "instincts", "strength", "ferocity", "cunning", "shamelessness", "zealotry", "bloodlust", "restless energy", 
      "stubbornness", "authority"]
        },
        {
          "text": "r_c whispered sweetly for m_c to deafen {PRONOUN/m_c/self} from the cowardly, cautious cries of {PRONOUN/m_c/poss} Clan as the dark spirit gives a life for [virtue].",
          "virtue": ["ambition", "bravery", "certainty", "clear judgement", "confidence", "courage",
      "determination", "endurance", "farsightedness", "instincts", "strength", "ferocity", "cunning", "shamelessness", "zealotry", "bloodlust", "restless energy", 
      "stubbornness", "authority"]
        }
      ]
    },
  
    "daring_warrior": {
      "tags": [],
      "lead_trait": ["daring"],
      "star_trait": [],
      "rank": ["warrior", "elder", "medicine cat", "mediator", "apprentice", "deputy", "medicine cat apprentice", "mediator apprentice"],
      "life_giving": [
        {
          "text": "r_c meets m_c's eyes with a smirk, sliding through the murk like a claw through freshkill to give a life for [virtue]. {PRONOUN/r_c/subject/CAP} {VERB/r_c/hiss/hisses} quiet praise to m_c's more reckless tendencies, encouraging the new leader to think with {PRONOUN/m_c/poss} claws, not {PRONOUN/m_c/poss} head.",
          "virtue": ["ambition", "confidence", "courage", "determination", "endurance", "instincts", "strength", "ferocity", "cunning", "shamelessness", "zealotry", "bloodlust", "restless energy", "stubbornness", "authority", "unpredictability"]
        },
        {
          "text": "Suddenly, r_c lunges, stopping {PRONOUN/r_c/poss} claws a whisker before m_c's face. {PRONOUN/r_c/subject/CAP} {VERB/r_c/laugh/laughs} sharply when {PRONOUN/r_c/subject} {VERB/r_c/realize/realizes} m_c had moved to retaliate, even surrounded by the oppressive murk, and {VERB/r_c/touch/touches} {PRONOUN/r_c/poss} claws to m_c's throat to bestow a life for [virtue] before leaving as suddenly as {PRONOUN/r_c/subject} appeared.",
          "virtue": ["ambition", "confidence", "courage", "determination", "endurance", "instincts", "strength", "ferocity", "cunning", "shamelessness", "zealotry", "bloodlust", "restless energy", "stubbornness", "authority", "unpredictability"]
        },
        {
          "text": "r_c locks eyes with m_c through the darkness before striding forward, shadows and goop sticking strongly to {PRONOUN/r_c/poss} fur. m_c is the one who initiates the nose-touch, though r_c doesn't so much as blink, allowing the life of [virtue] to flow into m_c with a fanged grin.",
          "virtue": ["ambition", "confidence", "courage", "determination", "endurance", "instincts", "strength", "ferocity", "cunning", "shamelessness", "zealotry", "bloodlust", "restless energy", "stubbornness", "authority", "unpredictability"]
        }
      ]
    },
  
    "faithful_warrior": {
      "tags": [],
      "lead_trait": ["faithful"],
      "star_trait": [],
      "rank": ["warrior", "elder", "medicine cat", "mediator", "apprentice", "deputy", "medicine cat apprentice", "mediator apprentice"],
      "life_giving": [
        {
          "text": "r_c laughs at poor, pious m_c, so out of place in the gloom of the forest, and gives a life for [virtue]. As m_c staggers in pain, r_c mockingly asks if {PRONOUN/m_c/subject}{VERB/m_c/'re/'s} still faithful to StarClan, even in this twisted wood, but {PRONOUN/r_c/subject} {VERB/r_c/bound/bounds} away before any answer can be given.",
          "virtue": ["strength", "ferocity", "cunning", "shamelessness", "zealotry", "bloodlust", "restless energy", "stubbornness", "authority", "cruelty"]
        },
        {
          "text": "r_c slides {PRONOUN/r_c/poss} tail along m_c's side, asking softly if this is where {PRONOUN/m_c/subject} thought {PRONOUN/m_c/poss} faith would bring {PRONOUN/m_c/object}. Before m_c can answer, r_c bestows {PRONOUN/r_c/poss} life of [virtue], cackling at m_c's pained expression before sliding back into the shadows.",
          "virtue": ["strength", "ferocity", "cunning", "shamelessness", "zealotry", "bloodlust", "restless energy", "stubbornness", "authority", "cruelty"]
        },
        {
          "text": "r_c wastes no time in bestowing {PRONOUN/r_c/poss} life of [virtue]. m_c opens {PRONOUN/m_c/poss} mouth, perhaps to argue that {PRONOUN/m_c/subject} {VERB/r_c/don't/doesn't} belong here, that {PRONOUN/m_c/poss} faith still lies with Silverpelt, but a single look from the shadowy warrior quickly wrenches {PRONOUN/m_c/poss} mouth shut once more.",
          "virtue": ["strength", "ferocity", "cunning", "shamelessness", "zealotry", "bloodlust", "restless energy", "stubbornness", "authority", "cruelty"]
        }
      ]
    },
  
    "fierce_warrior": {
      "tags": [],
      "lead_trait": ["fierce"],
      "star_trait": [],
      "rank": ["warrior", "elder", "medicine cat", "mediator", "apprentice", "deputy", "medicine cat apprentice", "mediator apprentice"],
      "life_giving": [
        {
          "text": "Only the strongest could survive being leader according to r_c's ferocious growl. {PRONOUN/r_c/subject/CAP} {VERB/r_c/press/presses} {PRONOUN/r_c/poss} claws against m_c's neck while giving a life for [virtue], encouraging the new leader to become a story to haunt the minds of the other Clan's kits.",
          "virtue": ["ambition", "bravery", "certainty", "clear judgement", "confidence", "courage",
      "determination", "endurance", "farsightedness", "instincts", "strength", "ferocity", "cunning", "shamelessness", "zealotry", "bloodlust", "restless energy", 
      "stubbornness", "authority"]
        },
        {
          "text": "r_c's claws dug into the shadowy ooze underneath {PRONOUN/r_c/object} when {PRONOUN/r_c/subject} {VERB/r_c/approach/approaches} m_c. The dark spirit gives a life for [virtue]. It feels like the claws of all the foxes in the world are raking down m_c's pelt.",
          "virtue": ["ambition", "bravery", "certainty", "clear judgement", "confidence", "courage",
      "determination", "endurance", "farsightedness", "instincts", "strength", "ferocity", "cunning", "shamelessness", "zealotry", "bloodlust", "restless energy", 
      "stubbornness", "authority"]
        },
        {
          "text": "The next dark spirit could not even meet m_c's ferocious gaze. The trembling shadow of r_c hastily gives a life for [virtue] before scrambling away from the might of c_n's newest leader.",
          "virtue": ["ambition", "bravery", "certainty", "clear judgement", "confidence", "courage",
      "determination", "endurance", "farsightedness", "instincts", "strength", "ferocity", "cunning", "shamelessness", "zealotry", "bloodlust", "restless energy", 
      "stubbornness", "authority"]
        }
      ]
    },
  
    "insecure_warrior": {
      "tags": [],
      "lead_trait": ["insecure"],
      "star_trait": [],
      "rank": ["warrior", "elder", "medicine cat", "mediator", "apprentice", "deputy", "medicine cat apprentice", "mediator apprentice"],
      "life_giving": [
        {
          "text": "r_c croons into m_c's ear, whispering about how now {PRONOUN/m_c/subject}'ll be able to prove everyone in the Clan wrong about {PRONOUN/m_c/poss} weak-willed mentality. A dark chuckle escapes r_c's throat as {PRONOUN/r_c/subject} {VERB/r_c/give/gives} {PRONOUN/m_c/subject} a life for [virtue].",
          "virtue": ["ambition", "bravery", "certainty", "clear judgement", "confidence", "courage",
      "determination", "endurance", "farsightedness", "instincts", "strength", "ferocity", "cunning", "shamelessness", "zealotry", "bloodlust", "restless energy", 
      "stubbornness", "authority"]
        },
        {
          "text": "An almost demented laugh escapes from r_c's maw as {PRONOUN/r_c/subject} {VERB/r_c/press/pressed} {PRONOUN/r_c/poss} muzzle against m_c's head. This cat? A leader? Don't make {PRONOUN/r_c/object} laugh! r_c's howling cackle echoes in m_c's ears as the dark spirit leaves {PRONOUN/m_c/object} behind.",
          "virtue": ["ambition", "bravery", "certainty", "clear judgement", "confidence", "courage",
      "determination", "endurance", "farsightedness", "instincts", "strength", "ferocity", "cunning", "shamelessness", "zealotry", "bloodlust", "restless energy", 
      "stubbornness", "authority"]
        },
        {
          "text": "There is a strange softness in r_c's eyes beyond the crimson gloom that shines forth. Smearing muck against m_c's forehead, the spirit whispers a life for [virtue]. The Dark Forest might not believe in {PRONOUN/m_c/object} but r_c always will.",
          "virtue": ["ambition", "bravery", "certainty", "clear judgement", "confidence", "courage",
      "determination", "endurance", "farsightedness", "instincts", "strength", "ferocity", "cunning", "shamelessness", "zealotry", "bloodlust", "restless energy", 
      "stubbornness", "authority"]
        }
      ]
    },
  
    "lonesome_warrior": {
      "tags": [],
      "lead_trait": ["lonesome"],
      "star_trait": [],
      "rank": ["warrior", "elder", "medicine cat", "mediator", "apprentice", "deputy", "medicine cat apprentice", "mediator apprentice"],
      "life_giving": [
        {
          "text": "r_c slinks forward with an air of unsettling detachment. Rarely does a sound escape {PRONOUN/m_c/poss} lips, as this feline only speaks to hand m_c a life for [virtue], then fades into the shadows once more. {PRONOUN/m_c/poss/CAP} haunting presence lingers, leaving behind a trail of curiosity and unspoken whispers.",
          "virtue": ["ambition", "bravery", "certainty", "clear judgement", "confidence", "courage",
      "determination", "endurance", "farsightedness", "instincts", "strength", "ferocity", "cunningness", "shamelessness", "zealotry", "bloodlust", "restless energy", 
      "stubbornness", "authority"]
        },
        {
          "text": "Though lacking words, r_c's presence emanates an unspoken offer of a life for m_c, embedded with the virtue of [virtue]. The departure leaves a trail of mystery and reverential awe in r_c's aftermath.",
          "virtue": ["ambition", "bravery", "certainty", "clear judgement", "confidence", "courage",
      "determination", "endurance", "farsightedness", "instincts", "strength", "ferocity", "cunningness", "shamelessness", "zealotry", "bloodlust", "restless energy", 
      "stubbornness", "authority"]
        },
        {
          "text": "With steady footing, r_c approaches m_c, {PRONOUN/m_c/poss} velvet paws treading noiselessly upon the moss-covered ground. Brooding demeanor, accompanied by an ominous silence, alludes to a dark past that remains locked within {PRONOUN/m_c/poss} enigmatic spirit. {PRONOUN/m_c/subject/CAP} {VERB/r_c/give/gives} a life for [virtue], then {VERB/r_c/leave/leaves} without a sound escaping {PRONOUN/m_c/poss} tongue.",
          "virtue": ["ambition", "bravery", "certainty", "clear judgement", "confidence", "courage",
      "determination", "endurance", "farsightedness", "instincts", "strength", "ferocity", "cunningness", "shamelessness", "zealotry", "bloodlust", "restless energy", 
      "stubbornness", "authority"]
        }
      ]
    },
  
    "loving_warrior_EXAMPLE": {
      "tags": [],
      "lead_trait": ["loving"],
      "star_trait": [],
      "rank": ["warrior", "elder", "medicine cat", "mediator", "apprentice", "deputy", "medicine cat apprentice", "mediator apprentice"],
      "life_giving": [
        {
          "text": "r_c walks up to m_c, offering a life for [virtue]. They smile, and state that the Clan will do well under m_c's leadership.",
          "virtue": ["ambition", "bravery", "certainty", "clear judgement", "confidence", "courage",
      "determination", "endurance", "farsightedness", "instincts", "strength", "ferocity", "cunning", "shamelessness", "zealotry", "bloodlust", "restless energy", 
      "stubbornness", "authority"]
        },
        {
          "text": "A new cat approaches. r_c steps forward to give m_c a life for [virtue]. m_c grits their teeth as the life rushes into them.",
          "virtue": ["ambition", "bravery", "certainty", "clear judgement", "confidence", "courage",
      "determination", "endurance", "farsightedness", "instincts", "strength", "ferocity", "cunning", "shamelessness", "zealotry", "bloodlust", "restless energy", 
      "stubbornness", "authority"]
        },
        {
          "text": "r_c dips their head in greeting. Energy surges through m_c's pelt as they receive a life for [virtue]. They reassure m_c that they are almost done.",
          "virtue": ["ambition", "bravery", "certainty", "clear judgement", "confidence", "courage",
      "determination", "endurance", "farsightedness", "instincts", "strength", "ferocity", "cunning", "shamelessness", "zealotry", "bloodlust", "restless energy", 
      "stubbornness", "authority"]
        }
      ]
    },
  
  	"loyal_warrior": {
      "tags": [],
      "lead_trait": ["loyal"],
      "star_trait": [],
      "rank": ["warrior", "elder", "medicine cat", "mediator", "apprentice", "deputy", "medicine cat apprentice", "mediator apprentice"],
      "life_giving": [
        {
          "text": "r_c presses {PRONOUN/r_c/poss} nose against m_c's forehead, the virtue of [virtue] burning away the leader's previous life. Loyalty to {PRONOUN/r_c/poss} Clan must be absolute, and no weakness can be tolerated.",
          "virtue": ["ambition", "bravery", "certainty", "clear judgement", "confidence", "courage",
      "determination", "endurance", "farsightedness", "instincts", "strength", "ferocity", "cunning", "shamelessness", "zealotry", "bloodlust", "restless energy", 
      "stubbornness", "authority"]
        },
        {
          "text": "Loyalty to the shadows of the Dark Forest was what r_c valued so highly in the murk. So seeing m_c so poised for loyalty to the darkness only made r_c purr as the life for [virtue] was given freely.",
          "virtue": ["ambition", "bravery", "certainty", "clear judgement", "confidence", "courage",
      "determination", "endurance", "farsightedness", "instincts", "strength", "ferocity", "cunning", "shamelessness", "zealotry", "bloodlust", "restless energy", 
      "stubbornness", "authority"]
        }
      ]
    },

    "nervous_warrior": {
      "tags": [],
      "lead_trait": ["nervous"],
      "star_trait": [],
      "rank": ["warrior", "elder", "medicine cat", "mediator", "apprentice", "deputy", "medicine cat apprentice", "mediator apprentice"],
      "life_giving": [
        {
          "text": "A disdainful look crosses r_c's face when it was {PRONOUN/r_c/poss} turn to give a life for [virtue]. The lack of a preamble and the violent press of r_c's maw into {PRONOUN/m_c/poss} fur only made m_c more anxious about {PRONOUN/m_c/poss} new role as leader.",
          "virtue": ["ambition", "bravery", "certainty", "clear judgement", "confidence", "courage",
      "determination", "endurance", "farsightedness", "instincts", "strength", "ferocity", "cunning", "shamelessness", "zealotry", "bloodlust", "restless energy", 
      "stubbornness", "authority"]
        },
        {
          "text": "A guttural snarl escaped r_c's throat when {PRONOUN/r_c/subject} {VERB/r_c/give/gives} a life for [virtue], almost making m_c quiver and shake in {PRONOUN/m_c/poss} fur.",
          "virtue": ["ambition", "bravery", "certainty", "clear judgement", "confidence", "courage",
      "determination", "endurance", "farsightedness", "instincts", "strength", "ferocity", "cunning", "shamelessness", "zealotry", "bloodlust", "restless energy", 
      "stubbornness", "authority"]
        },
        {
          "text": "r_c only watches the new leader with a rather forlorn look before giving {PRONOUN/r_c/object} a life for [virtue]. m_c didn't even have a chance to talk to the dark forest cat before {PRONOUN/r_c/subject} vanished into smoke.",
          "virtue": ["ambition", "bravery", "certainty", "clear judgement", "confidence", "courage",
      "determination", "endurance", "farsightedness", "instincts", "strength", "ferocity", "cunning", "shamelessness", "zealotry", "bloodlust", "restless energy", 
      "stubbornness", "authority"]
        }
      ]
    },
  
    "playful_warrior": {
      "tags": [],
      "lead_trait": ["playful"],
      "star_trait": [],
      "rank": ["warrior", "elder", "medicine cat", "mediator", "apprentice", "deputy", "medicine cat apprentice", "mediator apprentice"],
      "life_giving": [
        {
          "text": "Appearing behind m_c from the murk, a dark tail passed in front of m_c's eyes. The shadows distorted the life giver's voice, but {PRONOUN/m_c/subject} swore {PRONOUN/m_c/subject} could hear r_c teasing {PRONOUN/r_c/object}. The life of [virtue] ebbed away before m_c could see if it was really {PRONOUN/r_c/object}.",
          "virtue": ["ambition", "bravery", "certainty", "clear judgement", "confidence", "courage",
      "determination", "endurance", "farsightedness", "instincts", "strength", "ferocity", "cunning", "shamelessness", "zealotry", "bloodlust", "restless energy", 
      "stubbornness", "authority"]
        },
        {
          "text": "A cruel smirk crossed r_c's face as {PRONOUN/r_c/subject} {VERB/r_c/approach/approaches} m_c. {PRONOUN/r_c/subject/CAP} {VERB/r_c/press/presses} {PRONOUN/r_c/poss} nose against the new leader, taunting how c_n had always found m_c's playful games so bothersome. Perhaps the life of [virtue] r_c bestowed would set {PRONOUN/m_c/object} right.",
          "virtue": ["ambition", "bravery", "certainty", "clear judgement", "confidence", "courage",
      "determination", "endurance", "farsightedness", "instincts", "strength", "ferocity", "cunning", "shamelessness", "zealotry", "bloodlust", "restless energy", 
      "stubbornness", "authority"]
        }
      ]
    },
  
  	"responsible_warrior": {
      "tags": [],
      "lead_trait": ["responsible"],
      "star_trait": [],
      "rank": ["warrior", "elder", "medicine cat", "mediator", "deputy", "mediator apprentice"],
      "life_giving": [
        {
          "text": "m_c's eyes glide to where r_c pads out of the gloom. The shadowy cat's eyes light up in surprise before darkening once more. {PRONOUN/r_c/subject/CAP} {VERB/r_c/scoff/scoffs}, remarking that {PRONOUN/r_c/subject} never thought {PRONOUN/r_c/subject}'d see m_c in these dark woods before giving a life for [virtue].",
          "virtue": ["ambition", "determination", "endurance", "farsightedness", "instincts", "strength", "ferocity", "cunning", 
          "shamelessness", "zealotry", "bloodlust", "restless energy", "stubbornness", "authority"]
        },
        {
          "text": "A cold prickle passes through m_c's pelt as r_c slinks into view. {PRONOUN/r_c/subject/CAP} {VERB/r_c/let/lets} out a shrill hiss that turns into a cackle. {PRONOUN/r_c/subject/CAP} didn't know that code-following kitties could show up here, {PRONOUN/r_c/subject} {VERB/r_c/scoff/scoffs}. The life for [virtue] that {PRONOUN/r_c/subject} {VERB/r_c/offer/offers} rushes through m_c like a lightning bolt.",
          "virtue": ["ambition", "bravery", "certainty", "clear judgement", "confidence", "courage",
      "determination", "endurance", "farsightedness", "instincts", "strength", "ferocity", "cunning", "shamelessness", "zealotry", "bloodlust", "restless energy", 
      "stubbornness", "authority"]
        },
        {
          "text": "m_c feels {PRONOUN/m_c/poss} pelt prickle with apprehension as r_c stalks closer. The dark form snorts derisively before sweeping {PRONOUN/r_c/poss} tail across m_c's whiskers, giving a life for [virtue]. m_c wobbles as a sickening feeling spreads through {PRONOUN/m_c/object}, but it's gone as soon as it began.",
          "virtue": ["ruthlessness", "indifference", "single-mindedness", "authority"]
        }
      ]
    },

    "righteous_warrior": {
      "tags": [],
      "lead_trait": ["righteous"],
      "star_trait": [],
      "rank": ["warrior", "elder", "medicine cat", "mediator", "apprentice", "deputy", "medicine cat apprentice", "mediator apprentice"],
      "life_giving": [
        {
          "text": "m_c pins {PRONOUN/m_c/poss} ears back as the shadowy figure of r_c appears from the gloom. r_c's flint-sharp eyes reveal nothing as {PRONOUN/r_c/subject} {VERB/r_c/lift/lifts} a paw with unsheathed claws up to m_c's head. The touch is light, gifting a life for [virtue], but the pain that rips through m_c makes {PRONOUN/m_c/object} want to scream.",
          "virtue": ["detachment", "vehemence", "fervor", "ferocity"]
        },
        {
          "text": "m_c stands rigidly as the shape of r_c barrels towards {PRONOUN/m_c/object}. {PRONOUN/r_c/subject/CAP} {VERB/r_c/stop/stops} short of bowling m_c over and {VERB/r_c/let/lets} out a sharp laugh - a wicked sound. \"Your virtuous ways won't save you here,\" {PRONOUN/r_c/subject} {VERB/r_c/hiss/hisses}, shoving {PRONOUN/r_c/poss} head towards m_c's. The impact almost makes {PRONOUN/m_c/poss} head spin, but then the pain of [virtue] zips through {PRONOUN/m_c/poss} body, letting everything else be forgotten.",
          "virtue": ["backbone", "tenacity", "sharp senses", "good instincts", "drive"]
        },
        {
          "text": "m_c keeps {PRONOUN/m_c/poss} eyes slitted as r_c pads up. The dark cat regards them coldly, mewing that {PRONOUN/m_c/poss} righteousness is a sure way to gain authority in c_n. {PRONOUN/r_c/subject/CAP} briefly {VERB/r_c/brush/brushes} {PRONOUN/r_c/poss} muzzle against m_c's, a life for [virtue] ripping through {PRONOUN/m_c/poss} body with the intensity of a fire.",
          "virtue": ["sharp claws", "sharp fangs"]
        }
      ]
    },
  
    "shameless_warrior": {
      "tags": [],
      "lead_trait": ["shameless"],
      "star_trait": [],
      "rank": ["warrior", "elder", "medicine cat", "mediator", "apprentice", "deputy", "medicine cat apprentice", "mediator apprentice"],
      "life_giving": [
        {
          "text": "r_c circles m_c, eyes glittering with amusement. Of course m_c would become leader, {PRONOUN/r_c/subject} {VERB/r_c/purr/purrs}, {PRONOUN/m_c/subject} {VERB/m_c/have/has} nothing to lose! r_c presses against m_c, a life given for [virtue] coursing through {PRONOUN/m_c/poss} limbs.",
          "virtue": ["ambition", "bravery", "certainty", "clear judgement", "confidence", "courage",
      "determination", "endurance", "farsightedness", "instincts", "strength", "ferocity", "cunning", "shamelessness", "zealotry", "bloodlust", "restless energy", 
      "stubbornness", "authority"]
        },
        {
          "text": "r_c raises up from beneath m_c, gloom sticking to {PRONOUN/r_c/object} like dried blood. {PRONOUN/r_c/subject/CAP} {VERB/r_c/curl/curls} like a snake about to strike, tail-tip flicking. As {PRONOUN/r_c/subject} makes contact with m_c, a life for [virtue] floods into {PRONOUN/m_c/object} as venom might.",
          "virtue": ["ambition", "bravery", "certainty", "clear judgement", "confidence", "courage",
      "determination", "endurance", "farsightedness", "instincts", "strength", "ferocity", "cunning", "shamelessness", "zealotry", "bloodlust", "restless energy", 
      "stubbornness", "authority"]
        },
        {
          "text": "The shadows part temporarily to let r_c pad in. {PRONOUN/r_c/subject/CAP} {VERB/r_c/seem/seems} almost sad to see m_c here, but {PRONOUN/r_c/subject} {VERB/r_c/sigh/sighs} and touches a mud-clogged nose to {PRONOUN/m_c/object} anyway, for [virtue].",
          "virtue": ["ambition", "bravery", "certainty", "clear judgement", "confidence", "courage",
      "determination", "endurance", "farsightedness", "instincts", "strength", "ferocity", "cunning", "shamelessness", "zealotry", "bloodlust", "restless energy", 
      "stubbornness", "authority"]
        }
      ]
    },
  
    "sneaky_warrior": {
      "tags": [],
      "lead_trait": ["sneaky"],
      "star_trait": [],
      "rank": ["warrior", "elder", "medicine cat", "mediator", "apprentice", "deputy", "medicine cat apprentice", "mediator apprentice"],
      "life_giving": [
        {
          "text": "A pair of piercing eyes gleams from the darkness, hinting at the wickedness that lay within. With calculated stealth, r_c approaches m_c as if stalking prey, each paw touching the ground with an unsettling grace. {PRONOUN/r_c/subject/CAP} {VERB/r_c/give/gives} a life for [virtue], {PRONOUN/r_c/poss} malevolent presence then disappearing as quickly as it approached.",
          "virtue": ["ambition", "bravery", "certainty", "clear judgement", "confidence", "courage",
      "determination", "endurance", "farsightedness", "instincts", "strength", "ferocity", "cunningness", "shamelessness", "zealotry", "bloodlust", "restless energy", 
      "stubbornness", "authority"]
        },
        {
          "text": "With every sinew of one's body coiled, r_c approached m_c with calculated stealth, leaving naught but silence in {PRONOUN/r_c/poss} wake. The very air seemed to hold its breath as as the profound essence of [value] unfolded in the precious gift of a life for m_c.",
          "virtue": ["ambition", "bravery", "certainty", "clear judgement", "confidence", "courage",
      "determination", "endurance", "farsightedness", "instincts", "strength", "ferocity", "cunningness", "shamelessness", "zealotry", "bloodlust", "restless energy", 
      "stubbornness", "authority"]
        }
      ]
    },
  
    "strange_warrior": {
      "tags": [],
      "lead_trait": ["strange"],
      "star_trait": [],
      "rank": ["warrior", "elder", "medicine cat", "mediator", "apprentice", "deputy", "medicine cat apprentice", "mediator apprentice"],
      "life_giving": [
        {
          "text": "m_c did not seem startled at the shadowy spirit that approaches {PRONOUN/m_c/object}. r_c narrows {PRONOUN/r_c/poss} crimson eyes at the bravado, but gives a life for [virtue] regardless.",
          "virtue": ["ambition", "bravery", "certainty", "clear judgement", "confidence", "courage",
      "determination", "endurance", "farsightedness", "instincts", "strength", "ferocity", "cunning", "shamelessness", "zealotry", "bloodlust", "restless energy", 
      "stubbornness", "authority"]
        },
        {
          "text": "In the middle of r_c's monologue about the Forest's strength and cunning, m_c interrupts {PRONOUN/r_c/object} to ask about the oozing shadows across {PRONOUN/r_c/poss} pelt and if it tastes like anything. r_c was stunned into silence and simply gives the new leader a life for [virtue].",
          "virtue": ["ambition", "bravery", "certainty", "clear judgement", "confidence", "courage",
      "determination", "endurance", "farsightedness", "instincts", "strength", "ferocity", "cunning", "shamelessness", "zealotry", "bloodlust", "restless energy", 
      "stubbornness", "authority"]
        }
      ]
    },
  
    "strict_warrior": {
      "tags": [],
      "lead_trait": ["strict"],
      "star_trait": [],
      "rank": ["warrior", "elder", "medicine cat", "mediator", "apprentice", "deputy", "medicine cat apprentice", "mediator apprentice"],
      "life_giving": [
        {
          "text": "m_c has followed the Warrior Code with all of {PRONOUN/m_c/poss} being. {PRONOUN/m_c/subject/CAP} was not meant to be here, {PRONOUN/m_c/subject} cried out! r_c only gives a wicked grin as the life of [virtue] is bestowed upon the unwilling leader.",
          "virtue": ["ambition", "bravery", "certainty", "clear judgement", "confidence", "courage",
      "determination", "endurance", "farsightedness", "instincts", "strength", "ferocity", "cunning", "shamelessness", "zealotry", "bloodlust", "restless energy", 
      "stubbornness", "authority"]
        },
        {
          "text": "r_c began {PRONOUN/r_c/poss} prepared speech for {PRONOUN/r_c/poss} life, when m_c interrupted the speil to point out a word out of place. Disgruntled, r_c gives m_c a life for [virtue].",
          "virtue": ["ambition", "bravery", "certainty", "clear judgement", "confidence", "courage",
      "determination", "endurance", "farsightedness", "instincts", "strength", "ferocity", "cunning", "shamelessness", "zealotry", "bloodlust", "restless energy", 
      "stubbornness", "authority"]
        }
      ]
    },
  
    "thoughtful_warrior": {
      "tags": [],
      "lead_trait": ["thoughtful"],
      "star_trait": [],
      "rank": ["warrior", "elder", "medicine cat", "mediator", "apprentice", "deputy", "medicine cat apprentice", "mediator apprentice"],
      "life_giving": [
        {
          "text": "r_c watches m_c with piercing eyes, as though the dark spirit can see right through all of m_c's thoughts! {PRONOUN/r_c/subject/CAP} {VERB/cat/are/is} silent as {PRONOUN/r_c/subject} {VERB/r_c/gives/give} a life for [virtue].",
          "virtue": ["ambition", "bravery", "certainty", "clear judgement", "confidence", "courage",
      "determination", "endurance", "farsightedness", "instincts", "strength", "ferocity", "cunning", "shamelessness", "zealotry", "bloodlust", "restless energy", 
      "stubbornness", "authority"]
        },
        {
          "text": "If m_c wastes all of {PRONOUN/r_c/poss} nine lives thinking, {PRONOUN/r_c/subject} will never be able to save c_n. That is the lie r_c speaks as {PRONOUN/r_c/subject} {VERB/r_c/gives/give} a life for [virtue].",
          "virtue": ["ambition", "bravery", "certainty", "clear judgement", "confidence", "courage",
      "determination", "endurance", "farsightedness", "instincts", "strength", "ferocity", "cunning", "shamelessness", "zealotry", "bloodlust", "restless energy", 
      "stubbornness", "authority"]
        }
      ]
    },

  	"troublesome_warrior": {
      "tags": [],
      "lead_trait": ["troublesome"],
      "star_trait": [],
      "rank": ["warrior", "elder", "medicine cat", "mediator", "apprentice", "deputy", "medicine cat apprentice", "mediator apprentice"],
      "life_giving": [
        {
          "text": "While such antics would be frowned upon by StarClan, r_c and the Dark Forest welcome the newest troublemaker with open arms. r_c gives a life for [virtue], encouraging m_c to take {PRONOUN/r_c/poss} plots to new heights.",
          "virtue": ["ambition", "bravery", "certainty", "clear judgement", "confidence", "courage",
      "determination", "endurance", "farsightedness", "instincts", "strength", "ferocity", "cunning", "shamelessness", "zealotry", "bloodlust", "restless energy", 
      "stubbornness", "authority"]
        },
        {
          "text": "Whispering of a prank to pull on the other Clans, and how it would be SO funny, r_c gives m_c a life for [virtue].",
          "virtue": ["ambition", "bravery", "certainty", "clear judgement", "confidence", "courage",
      "determination", "endurance", "farsightedness", "instincts", "strength", "ferocity", "cunning", "shamelessness", "zealotry", "bloodlust", "restless energy", 
      "stubbornness", "authority"]
        }
      ]
    },
  
    "vengeful_warrior_EXAMPLE": {
      "tags": [],
      "lead_trait": ["vengeful"],
      "star_trait": [],
      "rank": ["warrior", "elder", "medicine cat", "mediator", "apprentice", "deputy", "medicine cat apprentice", "mediator apprentice"],
      "life_giving": [
        {
          "text": "r_c walks up to m_c, offering a life for [virtue]. They smile, and state that the Clan will do well under m_c's leadership.",
          "virtue": ["ambition", "bravery", "certainty", "clear judgement", "confidence", "courage",
      "determination", "endurance", "farsightedness", "instincts", "strength", "ferocity", "cunning", "shamelessness", "zealotry", "bloodlust", "restless energy", 
      "stubbornness", "authority"]
        },
        {
          "text": "A new cat approaches. r_c steps forward to give m_c a life for [virtue]. m_c grits their teeth as the life rushes into them.",
          "virtue": ["ambition", "bravery", "certainty", "clear judgement", "confidence", "courage",
      "determination", "endurance", "farsightedness", "instincts", "strength", "ferocity", "cunning", "shamelessness", "zealotry", "bloodlust", "restless energy", 
      "stubbornness", "authority"]
        },
        {
          "text": "r_c dips their head in greeting. Energy surges through m_c's pelt as they receive a life for [virtue]. They reassure m_c that they are almost done.",
          "virtue": ["ambition", "bravery", "certainty", "clear judgement", "confidence", "courage",
      "determination", "endurance", "farsightedness", "instincts", "strength", "ferocity", "cunning", "shamelessness", "zealotry", "bloodlust", "restless energy", 
      "stubbornness", "authority"]
        }
      ]
    },
  
    "wise_warrior": {
      "tags": [],
      "lead_trait": ["wise"],
      "star_trait": [],
      "rank": ["warrior", "elder", "medicine cat", "mediator", "apprentice", "deputy", "medicine cat apprentice", "mediator apprentice"],
      "life_giving": [
        {
          "text": "What does wisdom have in the face of raw power? r_c sneers this in m_c's face as the life for [virtue] is given like a claw through the throat.",
          "virtue": ["ambition", "bravery", "certainty", "clear judgement", "confidence", "courage",
      "determination", "endurance", "farsightedness", "instincts", "strength", "ferocity", "cunning", "shamelessness", "zealotry", "bloodlust", "restless energy", 
      "stubbornness", "authority"]
        },
        {
          "text": "r_c snarls as the live of [virtue] is given, winding around m_c's body like a snake. All of the new leader's plans and thoughts will crumble to dust unless {PRONOUN/m_c/subject} {VERB/m_c/acts/act} qucikly, rashly!",
          "virtue": ["ambition", "bravery", "certainty", "clear judgement", "confidence", "courage",
      "determination", "endurance", "farsightedness", "instincts", "strength", "ferocity", "cunning", "shamelessness", "zealotry", "bloodlust", "restless energy", 
      "stubbornness", "authority"]
        }
      ]
    },
    "arrogant_warrior": {
      "tags": [],
      "lead_trait": ["arrogant"],
      "star_trait": [],
      "rank": ["warrior", "elder", "medicine cat", "mediator", "apprentice", "deputy"],
      "life_giving": [
        {
          "text": "m_c was the best of the warriors in c_n. The best in the whole Clan entierly. Maybe even the best warrior of all of history! That was what r_c crooned into the new leader's ears as the life for [virtue] was given freely.",
          "virtue": ["ambition", "bravery", "certainty", "clear judgement", "confidence", "courage",
          "determination", "endurance", "farsightedness", "instincts", "strength", "ferocity", "cunning", "shamelessness", "zealotry", "bloodlust", "restless energy", 
          "stubbornness", "authority"]
        }
      ]
    },
    "competitive_warrior": {
      "tags": [],
      "lead_trait": ["competitive"],
      "star_trait": [],
      "rank": ["warrior", "deputy"],
      "life_giving": [
        {
          "text": "r_c knows that m_c will never be able to outdo {PRONOUN/r_c/object}, even with the Dark Forest on the leader's side. Even as the life for [virtue] fades into a dull, painful ache, r_c whispers how {PRONOUN/r_c/subject} will be here and watching m_c fail again and again compared to dark spirit.",
          "virtue": ["ambition", "bravery", "certainty", "clear judgement", "confidence", "courage",
          "determination", "endurance", "farsightedness", "instincts", "strength", "ferocity", "cunning", "shamelessness", "zealotry", "bloodlust", "restless energy", 
          "stubbornness", "authority"]
        }
      ]
    },
        "flamboyant_warrior": {
      "tags": [],
      "lead_trait": ["flamboyant"],
      "star_trait": [],
      "rank": ["warrior", "deputy"],
      "life_giving": [
        {
          "text": "Such a theatric attitude had no place in the Dark Forest. But the gloom-covered spirit of r_c gives m_c a life for [virtue] with silent contempt in {PRONOUN/r_c/poss}  eyes regardless of {PRONOUN/r_c/poss} feelings on the matter.",
          "virtue": ["ambition", "bravery", "certainty", "clear judgement", "confidence", "courage",
          "determination", "endurance", "farsightedness", "instincts", "strength", "ferocity", "cunning", "shamelessness", "zealotry", "bloodlust", "restless energy", 
          "stubbornness", "authority"]
        }
      ]
    },
    "grumpy_warrior": {
      "tags": [],
      "lead_trait": ["grumpy"],
      "star_trait": [],
      "rank": ["warrior", "deputy"],
      "life_giving": [
        {
          "text": "r_c wondered if m_c's grumpy attitude was from anger and bloodlust, or a general spite towards the world. The shadowy spirit gives the new leader a life for [virtue].",
          "virtue": ["ambition", "bravery", "certainty", "clear judgement", "confidence", "courage",
          "determination", "endurance", "farsightedness", "instincts", "strength", "ferocity", "cunning", "shamelessness", "zealotry", "bloodlust", "restless energy", 
          "stubbornness", "authority"]
        }
      ]
    },
    "rebellious_warrior": {
      "tags": [],
      "lead_trait": ["Rebellious"],
      "star_trait": [],
      "rank": ["warrior", "deputy"],
      "life_giving": [
        {
          "text": "So long as m_c uses {PRONOUN/m_c/poss} rebellious ways to destroy the hold StarClan has on the world, r_c couldn't give a rat's tail what the new leader did with the life for [virtue].",
          "virtue": ["ambition", "bravery", "certainty", "clear judgement", "confidence", "courage",
          "determination", "endurance", "farsightedness", "instincts", "strength", "ferocity", "cunning", "shamelessness", "zealotry", "bloodlust", "restless energy", 
          "stubbornness", "authority"]
        }
      ]
    },
    "sincere_warrior": {
      "tags": [],
      "lead_trait": ["sincere"],
      "star_trait": [],
      "rank": ["warrior", "deputy"],
      "life_giving": [
        {
          "text": "Was this a joke? The murk-covered form of r_c couldn't believe that m_c was chosen to be leader. r_c rolls {PRONOUN/r_c/poss} eyes and gives a life for [virtue] with an incredulous sigh.",
          "virtue": ["ambition", "bravery", "certainty", "clear judgement", "confidence", "courage",
          "determination", "endurance", "farsightedness", "instincts", "strength", "ferocity", "cunning", "shamelessness", "zealotry", "bloodlust", "restless energy", 
          "stubbornness", "authority"]
        }
      ]
    },
    "default_kit": {
      "tags": [],
      "lead_trait": [],
      "star_trait": [],
      "rank": ["kitten"],
      "life_giving": [
        {
          "text": "r_c bounds up to the new leader, reaching up on {PRONOUN/r_c/poss} hind legs to give {PRONOUN/m_c/object} a new life for [virtue]. {PRONOUN/r_c/subject/CAP} {VERB/r_c/flick/flicks} {PRONOUN/r_c/poss} muck-covered tail and {VERB/r_c/run/runs} back to the line of shadows.",
          "virtue": ["adventure", "curiosity", "perspective", "protection"]
        }
      ]
    },

    "bloodthirsty_kit": {
      "tags": [],
      "lead_trait": ["bloodthirsty"],
      "star_trait": [],
      "rank": ["kitten"],
      "life_giving": [
        {
          "text": "r_c giddily approaches the new leader, reaching up on {PRONOUN/r_c/poss} hind legs to give {PRONOUN/m_c/object} a new life for [virtue]. {PRONOUN/r_c/subject/CAP} {VERB/r_c/lash/lashes} {PRONOUN/r_c/poss} tail and head back to make room for the next cat.",
          "virtue": ["adventure", "curiosity", "perspective", "protection"]
        }
      ]
    },

    "default_app": {
      "tags": [],
      "lead_trait": [],
      "star_trait": [],
      "rank": ["apprentice", "medicine cat apprentice", "mediator apprentice"],
      "life_giving": [
        {
          "text": "A young cat is next to give a life. Crimson gloom reflects off {PRONOUN/r_c/poss} youthful eyes. r_c stretches up to give a life for [virtue].",
          "virtue": ["happiness", "honesty", "humor", "justice", "mentoring", "trust"]
        }
      ]
    },

    "bloodthirsty_app": {
      "tags": [],
      "lead_trait": ["bloodthirsty"],
      "star_trait": [],
      "rank": ["apprentice", "medicine cat apprentice", "mediator apprentice"],
      "life_giving": [
        {
          "text": "A young cat is next to give a life. {PRONOUN/r_c/subject} {VERB/r_c/hesitate/hesitates}, before an older cat shoves {PRONOUN/r_c/object} forward, growling in {PRONOUN/r_c/poss} ear. r_c stretches up to give a life for [virtue].",
          "virtue": ["happiness", "honesty", "humor", "justice", "mentoring", "trust"]
        }
      ]
    },

    "default_elder": {
      "tags": [],
      "lead_trait": [],
      "star_trait": [],
      "rank": ["elder"],
      "life_giving": [
        {
          "text": "r_c strides forward, an energy in {PRONOUN/r_c/poss} steps that wasn't present in {PRONOUN/r_c/poss} last moments. {PRONOUN/r_c/subject/CAP} {VERB/r_c/give/gives} a life for [virtue].",
          "virtue": ["grace", "humility", "integrity", "persistence", "resilience"]
        }
      ]
    },

    "bloodthirsty_elder": {
      "tags": [],
      "lead_trait": ["bloodthirsty"],
      "star_trait": [],
      "rank": ["elder"],
      "life_giving": [
        {
          "text": "r_c pads forward with a savage expression. {PRONOUN/r_c/subject/CAP} {VERB/r_c/give/gives} a life for [virtue].",
          "virtue": ["grace", "humility", "integrity", "persistence", "resilience"]
        }
      ]
    },

    "default_med": {
      "tags": [],
      "lead_trait": [],
      "star_trait": [],
      "rank": ["medicine cat"],
      "life_giving": [
        {
          "text": " r_c approaches next, a sharp grin on {PRONOUN/r_c/poss} maw. {PRONOUN/r_c/subject/CAP} {VERB/r_c/offer/offers} a life for [virtue], whispering to make sure {PRONOUN/m_c/poss} Clan remains strong. No matter the cost.",
          "virtue": ["clear sight", "devotion", "faith", "healing", "patience", "wisdom"]
        }
      ]
    },

    "bloodthirsty_med": {
      "tags": [],
      "lead_trait": ["bloodthirsty"],
      "star_trait": [],
      "rank": ["medicine cat"],
      "life_giving": [
        {
          "text": "r_c approaches next, a dark expression on {PRONOUN/r_c/poss} face. {PRONOUN/r_c/subject/CAP} {VERB/r_c/offer/offers} a life for [virtue], whispering to inspire true loyalty through fear of punishment.",
          "virtue": ["clear sight", "devotion", "faith", "healing", "patience", "wisdom"]
        }
      ]
    },

    "default_leader": {
      "tags": [],
      "lead_trait": [],
      "star_trait": [],
      "rank": ["leader"],
      "life_giving": [
        {
          "text": "Finally, r_c steps forward. The gloom and murk across {PRONOUN/r_c/poss} pelt shows the future that m_c will endure one day. {PRONOUN/r_c/subject/CAP} {VERB/r_c/give/gives} a life for [virtue].",
          "virtue": ["endurance in the face of hardship", "knowing when to fight and when to choose to lay in wait", "leadership through the darkest times", "loyalty to their Clan", "the strength to overcome their fears", "tireless energy"]
        }
      ]
    },
    "default_leader_ancient": {
      "tags": ["old_leader"],
      "lead_trait": [],
      "star_trait": [],
      "rank": ["leader"],
      "life_giving": [
        {
          "text": "Finally, r_c steps forward. The dark shadows across the clearing could not hide the corrupted satisfaction in {PRONOUN/r_c/poss} eyes. {PRONOUN/r_c/subject/CAP} {VERB/r_c/give/gives} a life for [virtue].",
          "virtue": ["endurance in the face of hardship", "knowing when to fight and when to choose to lay in wait", "leadership through the darkest times", "loyalty to their Clan", "the strength to overcome their fears", "tireless energy"]
        }
      ]
    },

    "bloodthirsty_leader": {
      "tags": [],
      "lead_trait": ["bloodthirsty"],
      "star_trait": [],
      "rank": ["leader"],
      "life_giving": [
        {
          "text": "Finally, r_c steps forward. The dark shadows across the clearing could not hide the corrupted satisfaction in {PRONOUN/r_c/poss} eyes. {PRONOUN/r_c/subject/CAP} {VERB/r_c/give/gives} a life for [virtue].",
          "virtue": ["endurance in the face of hardship", "knowing when to fight and when to choose to lay in wait", "leadership through the darkest times", "loyalty to their Clan", "the strength to overcome their fears", "tireless energy"]
        }
      ]
    },
    "bloodthirsty_leader_ancient": {
      "tags": ["old_leader"],
      "lead_trait": ["bloodthirsty"],
      "star_trait": [],
      "rank": ["leader"],
      "life_giving": [
        {
          "text": "r_c, one of the Dark Forest's oldest leaders, looks at the new leader with a triumphant expression. {PRONOUN/r_c/subject/CAP} {VERB/r_c/give/gives} a last life, the gift of [virtue].",
          "virtue": ["endurance in the face of hardship", "knowing when to fight and when to choose to lay in wait", "leadership through the darkest times", "loyalty to their Clan", "the strength to overcome their fears", "tireless energy"]
        }
      ]
    }
  },


  "outros": {
    "default": {
      "tags": [],
      "lead_trait": [],
      "text": [
            "r_c hails m_c by {PRONOUN/m_c/poss} new name, m_c_star, telling {PRONOUN/m_c/object} that {PRONOUN/m_c/poss} old pathetic life is no more. {PRONOUN/m_c/subject/CAP} {VERB/m_c/are/is} granted guardianship of c_n, and {VERB/m_c/are/is} told to use {PRONOUN/m_c/poss} new power however {PRONOUN/m_c/subject} wish. The group of shadowy cats yowls m_c_star's name in support. m_c_star wakes up feeling a new strength within {PRONOUN/m_c/poss} body and know that they are now ready to lead the Clan."

      ]
    },
    "new_clan": {
      "tags": ["new_clan"],
      "lead_trait": [],
      "text": [
        "m_c_star wakes, a hissing echo of {PRONOUN/m_c/poss} new name lingering in the air."
      ]
    },
    "bloodthirsty": {
      "tags": [],
      "lead_trait": ["bloodthirsty"],
      "text": [
        "r_c hails m_c by {PRONOUN/m_c/poss} new name, m_c_star, telling {PRONOUN/m_c/object} that {PRONOUN/m_c/poss} old pathetic life is no more. {PRONOUN/m_c/subject/CAP} {VERB/m_c/are/is} granted guardianship of c_n, and {VERB/m_c/are/is} told to use {PRONOUN/m_c/poss} new power however {PRONOUN/m_c/subject} wish. The Dark Forest's hissing and yowls echo in the dusky clearing as the new leader begins to wake up. m_c_star stands, feeling a new strength within {PRONOUN/m_c/poss} body, and grins."
      ]
    }
  }
}