[
    {
        "id": "general_formerclancat_thoughts",
        "thoughts": [
            "Thinks about {PRONOUN/m_c/poss} former clanmates forlornly",
            "Wonders if StarClan still watches over {PRONOUN/m_c/object}",
            "Feels conflicted about hunting in another cat's territory",
            "Wonders if they could start {PRONOUN/m_c/poss} own Clan",
            "Thinks wistfully about the Warrior Code",
            "Is glad for {PRONOUN/m_c/poss} sharp hunting skills",
            "Wishes they had other cats to help protect {PRONOUN/m_c/object}",
            "Dreams of sleeping in a crowded den",
            "Listens for the alarm calls of birds",
            "Quickly veers away from a fox scent"
        ]
    },
    {
        "id": "formerclancat_tragedy_thoughts",
        "thoughts": [
            "Wonders what happened to {PRONOUN/m_c/poss} Clanmates",
            "Wakes up shaking after a nightmare",
            "Wonders if there's anything left of {PRONOUN/m_c/poss} old Clan",
            "Misses {PRONOUN/m_c/poss} family",
            "Wishes they could have helped {PRONOUN/m_c/poss} Clan more"
        ],
        "backstory_constraint":{
            "m_c": [
                "tragedy_survivor1"
            ]
        }
    }
]