[
    {
        "camp": "any",
        "tags": [
            "Newleaf",
            "Greenleaf",
            "Leaf-fall"
        ],
        "event_text": "As a storm rages and the branches of the forest whip around outside, m_c is tucked up in the medicine cat den, {PRONOUN/m_c/poss} sleep anything but restful. {PRONOUN/m_c/subject/CAP} {VERB/m_c/keep/keeps} seeing flashes of prophecy_list_sight. {PRONOUN/m_c/subject/CAP} {VERB/m_c/wake/wakes} with a shiver, wondering what {PRONOUN/m_c/poss} dreams mean for the Clan.",
        "cat_trait": null,
        "cat_skill": [
            "PROPHET,1"
        ],
        "other_cat_trait": null,
        "other_cat_skill": null
    },
    {
        "camp": "any",
        "tags": [
            "Newleaf",
            "Greenleaf",
            "Leaf-fall"
        ],
        "event_text": "The things {PRONOUN/m_c/subject} saw today, omen_list_sight... m_c conceals {PRONOUN/m_c/self} in a hidden alcove under branches that drip all the way to the ground, needing privacy as {PRONOUN/m_c/subject} {VERB/m_c/consider/considers} what these new omens foretell.",
        "cat_trait": null,
        "cat_skill": [
            "OMEN,1"
        ],
        "other_cat_trait": null,
        "other_cat_skill": null
    }
]