{
    "crooked jaw": {
        "severity": "major",
        "congenital": "never",
        "moons_until": 0,
        "mortality": {
            "newborn": 0,
            "kitten": 0,
            "adolescent": 0,
            "young adult": 0,
            "adult": 0,
            "senior adult": 0,
            "senior": 0
        },
        "illness_infectiousness": [
        ],
        "risks": [
        ],
        "herbs": []
    },
    "lost a leg": {
        "severity": "major",
        "congenital": "never",
        "moons_until": 0,
        "mortality": {
            "newborn": 0,
            "kitten": 0,
            "adolescent": 0,
            "young adult": 0,
            "adult": 0,
            "senior adult": 0,
            "senior": 0
        },
        "illness_infectiousness": [
        ],
        "risks": [
            {
                "name": "an infected wound",
                "chance": 70
            },
            {
                "name": "phantom pain",
                "chance": 20
            },
            {
                "name": "sore",
                "chance": 20
            }
        ],
        "herbs": [
            "daisy",
            "juniper",
            "marigold",
            "ragwort"
        ]
    },
    "born without a leg": {
        "severity": "major",
        "congenital": "always",
        "moons_until": 0,
        "mortality": {
            "newborn": 0,
            "kitten": 0,
            "adolescent": 0,
            "young adult": 0,
            "adult": 0,
            "senior adult": 0,
            "senior": 0
        },
        "illness_infectiousness": [
        ],
        "risks": [
            {
                "name": "sore",
                "chance": 20
            },
            {
                "name": "joint pain",
                "chance": 40
            }
        ],
        "herbs": [
            "daisy",
            "juniper",
            "marigold",
            "ragwort"
        ]
    },
    "weak leg": {
        "severity": "minor",
        "congenital": "sometimes",
        "moons_until": 3,
        "mortality": {
            "newborn": 0,
            "kitten": 0,
            "adolescent": 0,
            "young adult": 0,
            "adult": 0,
            "senior adult": 0,
            "senior": 0
        },
        "illness_infectiousness": [
        ],
        "risks": [
            {
                "name": "sore",
                "chance": 20
            },
            {
                "name": "joint pain",
                "chance": 40
            }
        ],
        "herbs": [
            "daisy",
            "juniper",
            "marigold",
            "ragwort"
        ]
    },
    "twisted leg": {
        "severity": "major",
        "congenital": "sometimes",
        "moons_until": 1,
        "mortality": {
            "newborn": 0,
            "kitten": 0,
            "adolescent": 0,
            "young adult": 0,
            "adult": 0,
            "senior adult": 0,
            "senior": 0
        },
        "illness_infectiousness": [
        ],
        "risks": [
            {
                "name": "sore",
                "chance": 20
            },
            {
                "name": "joint pain",
                "chance": 40
            }
        ],
        "herbs": [
            "daisy",
            "juniper",
            "marigold",
            "ragwort"
        ]
    },
    "lost their tail": {
        "severity": "minor",
        "congenital": "never",
        "moons_until": 0,
        "mortality": {
            "newborn": 0,
            "kitten": 0,
            "adolescent": 0,
            "young adult": 0,
            "adult": 0,
            "senior adult": 0,
            "senior": 0
        },
        "illness_infectiousness": [
        ],
        "risks": [
            {
                "name": "an infected wound",
                "chance": 70
            },
            {
                "name": "phantom pain",
                "chance": 10
            }
        ],
        "herbs": [
            "juniper",
            "ragwort"
        ]
    },
    "born without a tail": {
        "severity": "minor",
        "congenital": "always",
        "moons_until": 0,
        "mortality": {
            "newborn": 0,
            "kitten": 0,
            "adolescent": 0,
            "young adult": 0,
            "adult": 0,
            "senior adult": 0,
            "senior": 0
        },
        "illness_infectiousness": [
        ],
        "risks": [
        ],
        "herbs": []
    },
    "paralyzed": {
        "severity": "severe",
        "congenital": "sometimes",
        "moons_until": 0,
        "mortality": {
            "newborn": 0,
            "kitten": 0,
            "adolescent": 0,
            "young adult": 0,
            "adult": 0,
            "senior adult": 0,
            "senior": 0
        },
        "illness_infectiousness": [
        ],
        "risks": [
            {
                "name": "an infected wound",
                "chance": 60
            },
            {
                "name": "torn pelt",
                "chance": 30
            },
            {
                "name": "sore",
                "chance": 20
            },
            {
                "name": "joint pain",
                "chance": 20
            }
        ],
        "herbs": [
            "daisy",
            "juniper",
            "ragwort",
            "marigold"
        ]
    },
    "raspy lungs": {
        "severity": "minor",
        "congenital": "sometimes",
        "moons_until": 3,
        "mortality": {
            "newborn": 20,
            "kitten": 20,
            "adolescent": 60,
            "young adult": 80,
            "adult": 90,
            "senior adult": 60,
            "senior": 30
        },
        "illness_infectiousness": [
        ],
        "risks": [
            {
                "name": "whitecough",
                "chance": 20
            }
        ],
        "herbs": [
            "betony",
            "mullein"
        ]
    },
    "wasting disease": {
        "severity": "major",
        "congenital": "sometimes",
        "moons_until": 1,
        "mortality": {
            "newborn": 10,
            "kitten": 10,
            "adolescent": 40,
            "young adult": 75,
            "adult": 65,
            "senior adult": 40,
            "senior": 10
        },
        "illness_infectiousness": [
            {
                "name": "running nose",
                "chance": 4
            },
            {
                "name": "whitecough",
                "chance": 3
            },
            {
                "name": "greencough",
                "chance": 5
            },
            {
                "name": "yellowcough",
                "chance": 4
            }
        ],
        "risks": [
            {
                "name": "running nose",
                "chance": 10
            },
            {
                "name": "yellowcough",
                "chance": 50
            },
            {
                "name": "redcough",
                "chance": 60
            }
        ],
        "herbs": [
            "juniper",
            "ragwort"
        ]
    },
    "blind": {
        "severity": "major",
        "congenital": "sometimes",
        "moons_until": 1,
        "mortality": {
            "newborn": 0,
            "kitten": 0,
            "adolescent": 0,
            "young adult": 0,
            "adult": 0,
            "senior adult": 0,
            "senior": 0
        },
        "illness_infectiousness": [
        ],
        "risks": [
        ],
        "herbs": []
    },
    "one bad eye": {
        "severity": "major",
        "congenital": "sometimes",
        "moons_until": 2,
        "mortality": {
            "newborn": 0,
            "kitten": 0,
            "adolescent": 0,
            "young adult": 0,
            "adult": 0,
            "senior adult": 0,
            "senior": 0
        },
        "illness_infectiousness": [
        ],
        "risks": [{
                "name": "failing eyesight",
                "chance": 80
            }
        ],
        "herbs": []
    },
    "failing eyesight": {
        "severity": "major",
        "congenital": "sometimes",
        "moons_until": 3,
        "mortality": {
            "newborn": 0,
            "kitten": 0,
            "adolescent": 0,
            "young adult": 0,
            "adult": 0,
            "senior adult": 0,
            "senior": 0
        },
        "illness_infectiousness": [
        ],
        "risks": [
            {
                "name": "blind",
                "chance": 50
            }
        ],
        "herbs": []
    },
    "partial hearing loss": {
        "severity": "minor",
        "congenital": "sometimes",
        "moons_until": 2,
        "mortality": {
            "newborn": 0,
            "kitten": 0,
            "adolescent": 0,
            "young adult": 0,
            "adult": 0,
            "senior adult": 0,
            "senior": 0
        },
        "illness_infectiousness": [
        ],
        "risks": [
            {
                "name": "deaf",
                "chance": 80
            }
        ],
        "herbs": []
    },
    "deaf": {
        "severity": "major",
        "congenital": "sometimes",
        "moons_until": 1,
        "mortality": {
            "newborn": 0,
            "kitten": 0,
            "adolescent": 0,
            "young adult": 0,
            "adult": 0,
            "senior adult": 0,
            "senior": 0
        },
        "illness_infectiousness": [
        ],
        "risks": [
        ],
        "herbs": []

    },
    "constant joint pain": {
        "severity": "minor",
        "congenital": "sometimes",
        "moons_until": 2,
        "mortality": {
            "newborn": 0,
            "kitten": 0,
            "adolescent": 0,
            "young adult": 0,
            "adult": 0,
            "senior adult": 0,
            "senior": 0
        },
        "illness_infectiousness": [
        ],
        "risks": [
            {
                "name": "joint pain",
                "chance": 10
            }
        ],
        "herbs": [
            "daisy",
            "juniper",
            "marigold",
            "ragwort"
        ]
    },
    "seizure prone": {
        "severity": "major",
        "congenital": "sometimes",
        "moons_until": 3,
        "mortality": {
            "newborn": 0,
            "kitten": 0,
            "adolescent": 0,
            "young adult": 0,
            "adult": 0,
            "senior adult": 0,
            "senior": 0
        },
        "illness_infectiousness": [
        ],
        "risks": [
            {
                "name": "seizure",
                "chance": 10
            }
        ],
        "herbs": [
            "ragwort",
            "juniper"
        ]
    },
    "allergies": {
        "severity": "minor",
        "congenital": "always",
        "moons_until": 2,
        "mortality": {
            "newborn": 0,
            "kitten": 0,
            "adolescent": 0,
            "young adult": 0,
            "adult": 0,
            "senior adult": 0,
            "senior": 0
        },
        "illness_infectiousness": [
        ],
        "risks": [
            {
                "name": "running nose",
                "chance": 20
            }
        ],
        "herbs": []
    },
    "constantly dizzy": {
        "severity": "major",
        "congenital": "never",
        "moons_until": 0,
        "mortality": {
            "newborn": 0,
            "kitten": 0,
            "adolescent": 0,
            "young adult": 0,
            "adult": 0,
            "senior adult": 0,
            "senior": 0
        },
        "illness_infectiousness": [
        ],
        "risks": [
            {
                "name": "headache",
                "chance": 20
            }
        ],
        "herbs": []
    },
    "recurring shock": {
        "severity": "major",
        "congenital": "never",
        "moons_until": 0,
        "mortality": {
            "newborn": 0,
            "kitten": 0,
            "adolescent": 0,
            "young adult": 0,
            "adult": 0,
            "senior adult": 0,
            "senior": 0
        },
        "illness_infectiousness": [
        ],
        "risks": [
            {
                "name": "constant nightmares",
                "chance": 20
            }
        ],
        "herbs": [
            "thyme",
            "juniper",
            "poppy"
        ]
    },
    "lasting grief": {
        "severity": "minor",
        "congenital": "never",
        "moons_until": 0,
        "mortality": {
            "newborn": 0,
            "kitten": 0,
            "adolescent": 0,
            "young adult": 0,
            "adult": 0,
            "senior adult": 0,
            "senior": 0
        },
        "illness_infectiousness": [
        ],
        "risks": [
            {
                "name": "grief stricken",
                "chance": 50
            }
        ],
        "herbs": [
            "thyme",
            "juniper",
            "poppy"
        ]
    },
    "persistent headaches": {
        "severity": "major",
        "congenital": "sometimes",
        "moons_until": 4,
        "mortality": {
            "newborn": 0,
            "kitten": 0,
            "adolescent": 0,
            "young adult": 0,
            "adult": 0,
            "senior adult": 0,
            "senior": 0
        },
        "illness_infectiousness": [
        ],
        "risks": [
            {
                "name": "severe headache",
                "chance": 20
            },
            {
                "name": "headache",
                "chance": 20
            }
        ],
        "herbs": [
            "poppy",
            "juniper"
        ]
    }
}
