[
    {
        "patrol_id": "fst_hunt_porcupine1",
        "biome": "forest",
        "season": "Any",
        "tags": [
            "hunting",
            "injury",
            "quilled by a porcupine",
            "scar",
            "QUILLSCRATCH",
            "death",
            "huge_prey2"
        ],
        "intro_text": "r_c encounters a porcupine, bristling with quills.",
        "decline_text": "The patrol steers clear of the porcupine.",
        "chance_of_success": 10,
        "exp": 10,
        "success_text": {
            "unscathed_common": "The patrol examines the porcupine, eventually deciding that they shouldn't risk the potential injury it could cause.",
            "unscathed_rare": "The porcupine rattles its quills viciously, the patrol heeds its warning and gives it space.",
            "stat_skill": "s_c sets up an ambush, devising a clever plan to take the porcupine by surprise and attack it before it can whip its quills into anyone's pelt.  The Clan will be impressed by this hefty fresh-kill.",
            "stat_trait": "s_c has the ingenious idea to follow the porcupine from a distance and collect dropped quills to bring back to camp. The quills could be woven into the Clan's defenses to strengthen them."
        },
        "fail_text": {
            "unscathed_common": "r_c leaps back just as the porcupine whips its tail towards them! That was close! The patrol gives the porcupine a wide berth.",
            "unscathed_stat": "s_c gets closer to the porcupine, intending to impress the rest of the patrol with their bravery. All the cats recoil as a horrible smell comes from the porcupine and they back off before it can charge at them.  The patrol returns to camp, the smelly evidence of their encounter still clinging to s_c's pelt.",
            "death": "r_c doesn't react quickly enough to the porcupine's warning. It charges sideways at them, its quills ready to impale! r_c is badly injured and dies a few days later from the wounds.",
            "injury": "The porcupine whips around, digging the quills of its tail into r_c! The patrol bolts away and returns to camp, r_c with a nose full of quills."
        },
        "win_skills": [
            "HUNTER,2",
            "CLEVER,2"
        ],
        "win_trait": [
            "calm",
            "careful",
            "strange",
            "thoughtful",
            "wise"
        ],
        "fail_trait": [
            "bold",
            "daring",
            "confident",
            "adventurous"
        ],
        "min_cats": 3,
        "max_cats": 6,
        "history_text": {
            "scar": "m_c was scarred by a porcupine while on patrol.",
            "reg_death": "m_c was killed by an angry porcupine while on patrol.",
            "lead_death": "killed by a porcupine"
        },
        "antagonize_text": null,
        "antagonize_fail_text": null
    },
    {
        "patrol_id": "fst_hunt_porcupine2",
        "biome": "forest",
        "season": "Any",
        "tags": [
            "hunting",
            "injury",
            "quilled by a porcupine",
            "scar",
            "QUILLSCRATCH",
            "death",
            "huge_prey2"
        ],
        "intro_text": "r_c encounters a porcupine, bristling with quills.",
        "decline_text": "The patrol steers clear of the porcupine, they don't have enough cats to confront this creature safely.",
        "chance_of_success": 10,
        "exp": 30,
        "success_text": {
            "unscathed_common": "The patrol examines the porcupine, eventually deciding that they shouldn't risk the potential injury it could cause.",
            "unscathed_rare": "The porcupine rattles its quills viciously, the patrol heeds its warning and gives it space.",
            "stat_skill": "s_c sets up an ambush, devising a clever plan to take the porcupine by surprise and attack it before it can whip its quills into anyone's pelt.  The Clan will be impressed by this hefty fresh-kill.",
            "stat_trait": "s_c has the ingenious idea to follow the porcupine from a distance and collect dropped quills to bring back to camp.  The quills could be woven into the Clan's defenses to strengthen them."
        },
        "fail_text": {
            "unscathed_common": "r_c leaps back just as the porcupine whips its tail towards them! That was close! They decide to give the porcupine a wide berth.",
            "death": "r_c doesn't react quickly enough to the porcupine's warning. It charges sideways at them, its quills ready to impale! r_c is badly injured and dies a few days later from the wounds.",
            "injury": "The porcupine whips around, digging the quills of its tail into r_c! r_c returns to camp with a nose full of quills and a wounded pride."
        },
        "win_skills": [
            "HUNTER,3",
            "CLEVER,3"
        ],
        "win_trait": [
            "calm",
            "careful",
            "strange",
            "thoughtful",
            "wise"
        ],
        "min_cats": 1,
        "max_cats": 2,
        "antagonize_text": null,
        "antagonize_fail_text": null,
        "history_text": {
            "scar": "m_c was scarred by a porcupine while on patrol.",
            "reg_death": "m_c was killed by an angry porcupine while on patrol.",
            "lead_death": "killed by a porcupine"
        }
    },
    {
        "patrol_id": "fst_hunt_rabbitburrow1",
        "biome": "forest",
        "season": "Any",
        "tags": [
            "hunting",
            "large_prey",
            "no_fail_prey"
        ],
        "intro_text": "While hunting, r_c comes across a rabbit burrow.",
        "success_text": {
            "unscathed_common": "r_c catches the rabbit hiding in its burrow."
        },
        "fail_text": {
            "unscathed_common": "The burrow is abandoned, with no prey to be found in there."
        },
        "decline_text": "r_c decides to ignore the burrow.",
        "chance_of_success": 50,
        "exp": 10,
        "win_skills": [
            "HUNTER,2"
        ],
        "min_cats": 1,
        "max_cats": 6,
        "antagonize_text": null,
        "antagonize_fail_text": null
    },
    {
        "patrol_id": "fst_hunt_twolegplace1",
        "biome": "forest",
        "season": "Any",
        "tags": [
            "hunting",
            "medium_prey0",
            "large_prey1"
        ],
        "intro_text": "The patrol approaches a Twoleg nest in the woods while hunting.",
        "decline_text": "The patrol decides to hunt elsewhere.",
        "chance_of_success": 40,
        "exp": 10,
        "success_text": {
            "unscathed_common": "The patrol has a successful hunt, avoiding any Twolegs.",
            "unscathed_rare": "The patrol finds some astonishingly fat chickens running around the Twoleg nest, and helps themselves to one."
        },
        "fail_text": {
            "unscathed_common": "Twoleg kits scare the patrol away."
        },
        "min_cats": 1,
        "max_cats": 3,
        "antagonize_text": "A Twoleg kit approaches the patrol, and they send it away squawking with it's blood on their claws.",
        "antagonize_fail_text": "The Twoleg kits wandering around are unimpressed by the patrol and chase the cats for fun."
    },
    {
        "patrol_id": "fst_hunt_twolegplace2",
        "biome": "forest",
        "season": "Any",
        "tags": [
            "hunting",
            "medium_prey0",
            "large_prey1"
        ],
        "intro_text": "The patrol approaches a Twoleg nest in the woods while hunting.",
        "decline_text": "The patrol decides to hunt elsewhere.",
        "chance_of_success": 10,
        "exp": 10,
        "success_text": {
            "unscathed_common": "The patrol cats split up, using sentries to ensure that the Twolegs don't disturb their hunts.",
            "unscathed_rare": "The patrol finds some astonishingly fat chickens running around the Twoleg nest, and helps themselves to as many as they can carry."
        },
        "fail_text": {
            "unscathed_common": "Twoleg kits stomp through the woods, scaring away prey and ruining the hunt."
        },
        "min_cats": 4,
        "max_cats": 6,
        "antagonize_text": "Finding a Twoleg kit wandering alone, the cats harass it until it flees squawking, it's blood on their claws.",
        "antagonize_fail_text": "The Twoleg kits wandering around are unimpressed by the patrol and chase the cats for fun."
    },
    {
        "patrol_id": "fst_hunt_squirrelchase1",
        "biome": "forest",
        "season": "Any",
        "tags": [
            "hunting",
            "injury",
            "sprain",
            "scar",
            "TOETRAP",
            "medium_prey0",
            "medium_prey1",
            "large_prey2"
        ],
        "intro_text": "The patrol notices a commotion and finds two squirrels chasing each other across the forest floor.",
        "decline_text": "The patrol decides there's probably easier prey to find elsewhere.",
        "chance_of_success": 50,
        "exp": 10,
        "success_text": {
            "unscathed_common": "The squirrels are so distracted that the patrol is able to quickly catch them both.",
            "unscathed_rare": "The patrol springs onto the squirrels without a second thought, easily dispatching them.",
            "stat_skill": "s_c is quick on the jump! Though the squirrels notice the cats and begin scampering away, s_c easily cuts them off and kills both squirrels."
        },
        "fail_text": {
            "unscathed_common": "The squirrels are far too excited and quick - they slip right out from between the patrol's claws.",
            "unscathed_stat": "s_c runs at the squirrels before anyone else can pounce, laughing at the prey's antics and playfully jumping into the middle of their game.  The squirrels scatter away at the disturbance and disappear into the canopy.",
            "injury": "r_c tries to climb up after them but slips and falls, twisting their paw."
        },
        "win_skills": [
            "HUNTER,1"
        ],
        "fail_trait": [
            "troublesome",
            "childish",
            "playful"
        ],
        "min_cats": 1,
        "max_cats": 6,
        "history_text": {
            "scar": "m_c gained a scar after trying to chase some squirrels up a tree."
        },
        "antagonize_text": null,
        "antagonize_fail_text": null
    },
    {
        "patrol_id": "fst_hunt_burrow1",
        "biome": "forest",
        "season": "Any",
        "tags": [
            "hunting",
            "big_bite_injury",
            "scar",
            "ONE",
            "fighting",
            "medium_prey"
        ],
        "intro_text": "The patrol finds a small burrow in the ground with a strange scent. They hesitate, unsure if this is worth checking.",
        "decline_text": "The patrol decides to avoid the burrow. There's no telling what could await inside.",
        "chance_of_success": 60,
        "exp": 10,
        "success_text": {
            "unscathed_common": "The patrol flushes a gopher out of the burrow! More fresh-kill!",
            "unscathed_rare": "Inside the burrow is a rabbit, curled up and alone. Perhaps a buck recently kicked from his birth warren? Whatever the case, this rabbit will feed the Clan now."
        },
        "fail_text": {
            "unscathed_common": "The burrow turns out to be empty, the smell nothing but stale air and a slight tang of sickness. Whatever used to live here is gone now. Checking the burrow was a waste of time.",
            "unscathed_stat": "s_c sticks their nose into the hole only to come face to face with a skunk! The whole patrol is sprayed!",
            "injury": "Oh no! The burrow was home to a wolverine, now angry at the disturbance. The patrol bolts away to escape its wrath, but r_c doesn't quite move fast enough and is caught in its claws until another cat turns back to help."
        },
        "fail_trait": [
            "bold",
            "ambitious",
            "childish",
            "impulsive"
        ],
        "min_cats": 2,
        "max_cats": 6,
        "antagonize_text": null,
        "antagonize_fail_text": null,
        "history_text": {
            "scar": "m_c was scarred after an unfortunate encounter with a wolverine."
        }
    },
    {
        "patrol_id": "fst_hunt_burrow2",
        "biome": "forest",
        "season": "Any",
        "tags": [
            "hunting",
            "death",
            "fighting",
            "medium_prey"
        ],
        "intro_text": "The patrol finds a small burrow in the ground with a strange scent. They hesitate, unsure if this is worth checking.",
        "decline_text": "The patrol decides to avoid the burrow. There's no telling what could await inside.",
        "chance_of_success": 40,
        "exp": 10,
        "success_text": {
            "unscathed_common": "r_c flushes a gopher out of the burrow! More fresh-kill!",
            "unscathed_rare": "Inside the burrow is a rabbit, curled up and alone. Perhaps a buck recently kicked from his birth warren? Whatever the case, this rabbit will feed the Clan now."
        },
        "fail_text": {
            "unscathed_common": "The burrow turns out to be empty, the smell nothing but stale air and a slight tang of sickness. Whatever used to live here is gone now. Checking the burrow was a waste of time.",
            "unscathed_stat": "s_c sticks their nose into the hole only to come face to face with a skunk! The whole patrol is sprayed!",
            "death": "Oh no! The burrow was home to a wolverine, now angry at the disturbance. r_c bolts away to escape its wrath, but doesn't quite move fast enough and is caught in its claws.  With no other cats around to help, r_c is quickly killed by the predator."
        },
        "fail_trait": [
            "bold",
            "ambitious",
            "childish",
            "impulsive"
        ],
        "min_cats": 1,
        "max_cats": 1,
        "antagonize_text": null,
        "antagonize_fail_text": null,
        "history_text": {
            "reg_death": "m_c was killed after an unfortunate experience with a wolverine.",
            "lead_death": "killed by a wolverine"
        }
    },
    {
        "patrol_id": "fst_hunt_howl1",
        "biome": "forest",
        "season": "Any",
        "tags": [
            "hunting",
            "scar",
            "NECKBITE",
            "big_bite_injury",
            "fighting",
            "death",
            "no_leader",
            "medium_prey1",
            "large_prey2",
            "large_prey3"
        ],
        "intro_text": "The patrol hears distant howling and wonders whether to investigate the noise.",
        "decline_text": "The patrol decides not to investigate the source of the noise.  Whatever is making it will not be friendly to them.",
        "chance_of_success": 10,
        "exp": 30,
        "success_text": {
            "unscathed_common": "The patrol tracks the noise and discovers a coyote scavenging off a carcass. This is a predator they cannot fight, the patrol decides to return to camp and report the intruder to the leader. Perhaps they can return later to take what the coyote leaves behind.",
            "unscathed_rare": "The patrol tracks the noise and finds a mostly stripped carcass covered in the scent of coyote. They quickly scavenge what little is left and leave before the predator can return.",
            "stat_skill": "The patrol follows the noise to a coyote who quickly spots them in the brush. A fight ensues and thanks to the skills of s_c, the coyote eventually runs away, deeming the carcass they had been scavenging from to not be worth the hassle.  Your patrol brings back what meat had still been left.",
            "stat_trait": "The noise leads them to a coyote, scavenging from a carcass. s_c instructs them to wait in the brush, downwind from the canine, until it leaves. Eventually the coyote eats its fill and disappears into the forest. When s_c deems it safe, the patrol takes their turn stripping the leftover meat from the bones."
        },
        "fail_text": {
            "unscathed_common": "The noise leads them to a coyote that's busy stripping the last of the meat from a carcass. The patrol waits till the coyote leaves, hoping to pick up any leftovers, but unfortunately the bones have been thoroughly cleaned.",
            "unscathed_stat": "They track the noise to a coyote. Before the patrol can investigate further, s_c whimpers in terror at the sight of the beast and dashes away.  The patrol follows anxiously, not wanting to lose sight of their Clanmate while a coyote is about.",
            "death": "The patrol finds a coyote at the source of the noise. It seems to be scavenging from an old carcass and upon seeing the cats, proves to be fiercely protective of its meal.  The patrol doesn't move fast enough and r_c is killed before they can run.",
            "injury": "The sound leads them to a coyote, scavenging from a carcass. The coyote notices them before they can hide and lunges, making it clear that this food has been claimed.  r_c is momentarily caught in its jaws before the patrol retaliates and drives it off their Clanmate."
        },
        "win_skills": [
            "FIGHTER,3"
        ],
        "win_trait": [
            "careful",
            "calm",
            "patient",
            "responsible",
            "sneaky",
            "thoughtful",
            "wise"
        ],
        "fail_trait": [
            "nervous",
            "insecure"
        ],
        "min_cats": 4,
        "max_cats": 6,
        "antagonize_text": null,
        "antagonize_fail_text": null,
        "history_text": {
            "scar": "m_c was scarred by a coyote protecting its scavenged meal.",
            "reg_death": "m_c was killed by a coyote protecting its scavenged meal.",
            "lead_death": "killed by a coyote"
        }
    },
    {
        "patrol_id": "fst_hunt_howl2",
        "biome": "forest",
        "season": "Any",
        "tags": [
            "hunting",
            "scar",
            "NECKBITE",
            "big_bite_injury",
            "fighting",
            "death",
            "no_leader",
            "medium_prey1",
            "large_prey2",
            "large_prey3"
        ],
        "intro_text": "The patrol hears distant howling and wonders whether to investigate the noise.",
        "decline_text": "The patrol decides not to investigate the source of the noise. Whatever is making it will not be friendly to them.",
        "chance_of_success": 30,
        "exp": 30,
        "success_text": {
            "unscathed_common": "The patrol tracks the noise and discovers a coyote scavenging off a carcass. This is a predator they cannot fight, the patrol decides to return to camp and report the intruder to the leader. Perhaps they can return later to take what the coyote leaves behind.",
            "unscathed_rare": "The patrol tracks the noise and finds a mostly stripped carcass covered in the scent of coyote. They quickly scavenge what little is left and leave before the predator can return.",
            "stat_skill": "The noise leads them to a coyote, scavenging from a carcass. s_c instructs them to wait in the brush, downwind from the canine, until it leaves. Eventually the coyote eats its fill and disappears into the forest. When s_c deems it safe, the patrol takes their turn stripping the leftover meat from the bones.",
            "stat_trait": "The noise leads them to a coyote, scavenging from a carcass. s_c instructs them to wait in the brush, downwind from the canine, until it leaves. Eventually the coyote eats its fill and disappears into the forest. When s_c deems it safe, the patrol takes their turn stripping the leftover meat from the bones."
        },
        "fail_text": {
            "unscathed_common": "The noise leads them to a coyote that's busy stripping the last of the meat from a carcass. The patrol waits till the coyote leaves, hoping to pick up any leftovers, but unfortunately the bones have been thoroughly cleaned.",
            "unscathed_stat": "They track the noise to a coyote. Before the patrol can investigate further, s_c whimpers in terror at the sight of the beast and dashes away.  The patrol follows anxiously, not wanting to lose sight of their Clanmate while a coyote is about.",
            "death": "The patrol finds a coyote at the source of the noise. It seems to be scavenging from an old carcass and upon seeing the cats, proves to be fiercely protective of its meal.  The patrol doesn't move fast enough and r_c is killed before they can run.",
            "injury": "The sound leads them to a coyote, scavenging from a carcass. The coyote notices them before they can hide and lunges, making it clear that this food has been claimed.  r_c is momentarily caught in its jaws before the patrol retaliates and drives it off their Clanmate."
        },
        "win_skills": [
            "CLEVER,2"
        ],
        "win_trait": [
            "careful",
            "calm",
            "patient",
            "responsible",
            "sneaky",
            "thoughtful",
            "wise"
        ],
        "fail_trait": [
            "nervous",
            "insecure"
        ],
        "min_cats": 2,
        "max_cats": 4,
        "antagonize_text": null,
        "antagonize_fail_text": null,
        "history_text": {
            "scar": "m_c was scarred by a coyote protecting its scavenged meal.",
            "reg_death": "m_c was killed by a coyote protecting its scavenged meal.",
            "lead_death": "killed by a coyote"
        }
    },
    {
        "patrol_id": "fst_hunt_howl3",
        "biome": "forest",
        "season": "Any",
        "tags": [
            "hunting",
            "fighting",
            "death",
            "no_leader",
            "medium_prey1",
            "large_prey2",
            "large_prey3"
        ],
        "intro_text": "r_c hears distant howling and wonders whether to investigate the noise.",
        "decline_text": "r_c decides not to investigate the source of the noise. Whatever is making it will not be friendly to them and they are only one cat.",
        "chance_of_success": 10,
        "exp": 30,
        "success_text": {
            "unscathed_common": "r_c tracks the noise and discovers a coyote scavenging off a carcass. This is a predator they cannot fight, they decide to return to camp and report the intruder to the leader, perhaps a patrol can return later to take what the coyote leaves behind.",
            "unscathed_rare": "r_c tracks the noise and finds a mostly stripped carcass covered in the scent of coyote. They quickly scavenge what little is left and leave before the predator can return.",
            "stat_skill": "The noise leads them to a coyote, scavenging from a carcass. s_c decides to wait in the brush, downwind from the canine, until it leaves. Eventually the coyote eats its fill and disappears into the forest. s_c waits a while longer, ensuring the coyote has truly left, and takes their turn stripping the leftover meat from the bones.",
            "stat_trait": "The noise leads them to a coyote, scavenging from a carcass. s_c decides to wait in the brush, downwind from the canine, until it leaves. Eventually the coyote eats its fill and disappears into the forest. s_c waits a while longer, ensuring the coyote has truly left, and takes their turn stripping the leftover meat from the bones."
        },
        "fail_text": {
            "unscathed_common": "The noise leads them to a coyote that's busy stripping the last of the meat from a carcass. They wait till the coyote leaves, hoping to pick up any leftovers, but unfortunately the bones have been thoroughly cleaned.",
            "unscathed_stat": "They track the noise to a coyote. s_c whimpers in terror at the sight of the beast and dashes away, running straight back to camp...",
            "death": "r_c finds a coyote at the source of the noise. It seems to be scavenging from an old carcass and upon seeing the cat, proves to be fiercely protective of its meal.  They doesn't move fast enough and with no Clanmates to save them, r_c is quickly killed."
        },
        "win_skills": [
            "CLEVER,2"
        ],
        "win_trait": [
            "careful",
            "calm",
            "patient",
            "responsible",
            "sneaky",
            "thoughtful",
            "wise"
        ],
        "fail_trait": [
            "nervous",
            "insecure"
        ],
        "min_cats": 1,
        "max_cats": 1,
        "antagonize_text": null,
        "antagonize_fail_text": null,
        "history_text": {
            "reg_death": "m_c was killed by a coyote protecting its scavenged meal.",
            "lead_death": "killed by a coyote"
        }
    },
    {
        "patrol_id": "fst_hunt_howl4",
        "biome": "forest",
        "season": "Any",
        "tags": [
            "hunting",
            "scar",
            "NECKBITE",
            "big_bite_injury",
            "fighting",
            "death",
            "no_leader",
            "medium_prey1",
            "large_prey2",
            "large_prey3"
        ],
        "intro_text": "The patrol hears distant howling and wonders whether to investigate the noise.",
        "decline_text": "The patrol decides not to investigate the source of the noise.  Whatever is making it will not be friendly to them.",
        "chance_of_success": 10,
        "exp": 30,
        "success_text": {
            "unscathed_common": "The patrol tracks the noise and discovers a wolf eating from its kill. This is a predator they cannot fight and more wolves may be nearby, the patrol decides to return to camp and report the intruder to the leader. Perhaps they can return later to take what fresh-kill is left behind.",
            "unscathed_rare": "The patrol tracks the noise and finds a mostly stripped carcass covered in the scent of wolves. They quickly scavenge what little is left and leave before the predators can return.",
            "stat_skill": "The noise leads them to a wolf, eating from its kill. s_c instructs them to wait in the brush, downwind from the canine, until it leaves. Eventually the wolf eats its fill and disappears into the forest. When s_c deems it safe, the patrol takes their turn stripping the leftover meat from the bones.",
            "stat_trait": "The noise leads them to a wolf, eating from its kill. s_c instructs them to wait in the brush, downwind from the canine, until it leaves. Eventually the wolf eats its fill and disappears into the forest. When s_c deems it safe, the patrol takes their turn stripping the leftover meat from the bones."
        },
        "fail_text": {
            "unscathed_common": "The noise leads them to a wolf that's busy stripping the last of the meat from a carcass. The patrol waits till the wolf leaves, hoping to pick up any leftovers, but unfortunately the bones have been thoroughly cleaned.",
            "unscathed_stat": "They track the noise to a wolf. Before the patrol can investigate further, s_c whimpers in terror at the sight of the beast and dashes away. The patrol follows anxiously, not wanting to lose sight of their Clanmate while a wolf is about.",
            "death": "The patrol finds a wolf pack at the source of the noise. The wolves are tearing into a dead deer and upon seeing the cats, proves to be fiercely protective of their meal. The patrol doesn't move fast enough and r_c is killed before they can run.",
            "injury": "The sound leads them to a wolf, scavenging from a carcass. The wolf notices them before they can hide and lunges, making it clear that this food has been claimed. r_c is momentarily caught in its jaws before the patrol retaliates and drives it off their Clanmate."
        },
        "win_skills": [
            "CLEVER,2"
        ],
        "win_trait": [
            "careful",
            "calm",
            "patient",
            "responsible",
            "sneaky",
            "thoughtful",
            "wise"
        ],
        "fail_trait": [
            "nervous",
            "insecure"
        ],
        "min_cats": 5,
        "max_cats": 6,
        "antagonize_text": null,
        "antagonize_fail_text": null,
        "history_text": {
            "scar": "m_c was scarred by a wolf protecting its scavenged meal.",
            "reg_death": "m_c was killed by a wolf pack protecting its meal.",
            "lead_death": "killed by a wolf pack"
        }
    },
    {
        "patrol_id": "fst_hunt_howl5",
        "biome": "forest",
        "season": "Any",
        "tags": [
            "hunting",
            "fighting",
            "death",
            "no_leader",
            "medium_prey1",
            "large_prey2",
            "large_prey3"
        ],
        "intro_text": "The patrol hears distant howling and wonders whether to investigate the noise.",
        "decline_text": "The patrol decides not to investigate the source of the noise. Whatever is making it will not be friendly to them.",
        "chance_of_success": 20,
        "exp": 30,
        "success_text": {
            "unscathed_common": "The patrol tracks the noise and discovers a wolf eating from its kill. This is a predator they cannot fight and more wolves may be nearby, the patrol decides to return to camp and report the intruder to the leader. Perhaps they can return later to take what little fresh-kill is left behind.",
            "unscathed_rare": "The patrol tracks the noise and finds a mostly stripped carcass covered in the scent of wolves. They quickly scavenge what little is left and leave before the predators can return.",
            "stat_skill": "The noise leads them to a wolf, scavenging from a carcass. s_c instructs them to wait in the brush, downwind from the canine, until it leaves. Eventually the wolf eats its fill and disappears into the forest. When s_c deems it safe, the patrol takes their turn stripping the leftover meat from the bones.",
            "stat_trait": "The noise leads them to a wolf, scavenging from a carcass. s_c instructs them to wait in the brush, downwind from the canine, until it leaves. Eventually the wolf eats its fill and disappears into the forest. When s_c deems it safe, the patrol takes their turn stripping the leftover meat from the bones."
        },
        "fail_text": {
            "unscathed_common": "The noise leads them to a wolf that's busy stripping the last of the meat from a carcass. The patrol waits till the wolf leaves, hoping to pick up any leftovers, but unfortunately the bones have been thoroughly cleaned.",
            "unscathed_stat": "They track the noise to a wolf. Before the patrol can investigate further, s_c whimpers in terror at the sight of the beast and dashes away.  The patrol follows anxiously, not wanting to lose sight of their Clanmate while a wolf is about.",
            "death": "The patrol finds a wolf pack at the source of the noise. The wolves are busy eating from the carcass of a deer, and upon seeing the cats, prove to be fiercely protective of their meal.  The patrol doesn't move fast enough and r_c is killed before they can run."
        },
        "win_skills": [
            "CLEVER,2"
        ],
        "win_trait": [
            "careful",
            "calm",
            "patient",
            "responsible",
            "sneaky",
            "thoughtful",
            "wise"
        ],
        "fail_trait": [
            "nervous",
            "insecure"
        ],
        "min_cats": 2,
        "max_cats": 4,
        "antagonize_text": null,
        "antagonize_fail_text": null,
        "history_text": {
            "reg_death": "m_c was killed by a wolf protecting its meal.",
            "lead_death": "killed by a wolf"
        }
    },
    {
        "patrol_id": "fst_hunt_howl6",
        "biome": "forest",
        "season": "Any",
        "tags": [
            "hunting",
            "fighting",
            "death",
            "no_leader",
            "medium_prey1",
            "large_prey2",
            "large_prey3"
        ],
        "intro_text": "r_c hears distant howling and wonders whether to investigate the noise.",
        "decline_text": "r_c decides not to investigate the source of the noise.  Whatever is making it will not be friendly to them and they are only one cat.",
        "chance_of_success": 10,
        "exp": 40,
        "success_text": {
            "unscathed_common": "r_c tracks the noise and discovers a wolf eating from its kill. This is a predator they cannot fight, they decide to return to camp and report the intruder to the leader, perhaps a patrol can return later to take what the wolf leaves behind.",
            "unscathed_rare": "r_c tracks the noise and finds a mostly stripped carcass covered in the scent of wolf. They quickly scavenge what little is left and leave before the predator can return.",
            "stat_skill": "The noise leads them to a wolf, tearing into the carcass of a deer. s_c decides to wait in the brush, downwind from the canine, until it leaves. Eventually the wolf eats its fill and disappears into the forest. s_c waits a while longer, ensuring the wolf has truly left, and takes their turn stripping the leftover meat from the bones.",
            "stat_trait": "The noise leads them to a wolf, tearing into the carcass of a deer. s_c decides to wait in the brush, downwind from the canine, until it leaves. Eventually the wolf eats its fill and disappears into the forest. s_c waits a while longer, ensuring the wolf has truly left, and takes their turn stripping the leftover meat from the bones."
        },
        "fail_text": {
            "unscathed_common": "The noise leads them to a wolf that's busy stripping the last of the meat from a carcass. They wait till the wolf leaves, hoping to pick up any leftovers, but unfortunately the bones have been thoroughly cleaned.",
            "unscathed_stat": "They track the noise to a wolf. s_c whimpers in terror at the sight of the beast and dashes away, running straight back to camp.",
            "death": "r_c finds a wolf pack at the source of the noise. The pack is tearing into a deer carcass and upon seeing the cat, prove to be fiercely protective of their meal. r_c doesn't move fast enough and with no Clanmates to save them, is quickly killed."
        },
        "win_skills": [
            "CLEVER,2"
        ],
        "win_trait": [
            "careful",
            "calm",
            "patient",
            "responsible",
            "sneaky",
            "thoughtful",
            "wise"
        ],
        "fail_trait": [
            "nervous",
            "insecure"
        ],
        "min_cats": 1,
        "max_cats": 1,
        "antagonize_text": null,
        "antagonize_fail_text": null,
        "history_text": {
            "reg_death": "m_c was killed by a wolf protecting its meal.",
            "lead_death": "killed by a wolf"
        }
    },
    {
        "patrol_id": "fst_hunt_strange1",
        "biome": "forest",
        "season": "Any",
        "tags": [
            "hunting",
            "medium_prey0",
            "medium_prey1",
            "large_prey2",
            "large_prey3",
            "no_fail_prey"
        ],
        "intro_text": "The patrol looks around for something to disguise their scent while hunting.",
        "decline_text": "On second thought, maybe not.",
        "chance_of_success": 50,
        "exp": 20,
        "success_text": {
            "unscathed_common": "They can't think of anything that would work, but their hunt goes well regardless.",
            "unscathed_rare": "A stinky bush will do! The plan works and their hunt goes well.",
            "stat_skill": "s_c leads them to some deer droppings in the forest - it's not clean, but it's extremely effective, and the patrol hunts well.",
            "stat_trait": "s_c tells the patrol to roll in a patch of garlic to disguise their scent, which works perfectly. It's a funny taste to wash off their pelts though."
        },
        "fail_text": {
            "unscathed_common": "The patrol finds nothing to disguise their scent, and no prey either.",
            "unscathed_stat": "The patrol finds no prey; it seems like all the prey was scared off because of their stench!"
        },
        "win_skills": [
            "CLEVER,2"
        ],
        "win_trait": [
            "strange"
        ],
        "antagonize_text": null,
        "antagonize_fail_text": null,
        "min_cats": 2,
        "max_cats": 6
    },
    {
        "patrol_id": "fst_hunt_strange2",
        "biome": "forest",
        "season": "Any",
        "tags": [
            "hunting",
            "medium_prey0",
            "large_prey2",
            "large_prey3",
            "no_fail_prey"
        ],
        "intro_text": "r_c looks around for something to disguise their scent while hunting.",
        "decline_text": "On second thought, maybe not.",
        "chance_of_success": 50,
        "exp": 20,
        "success_text": {
            "unscathed_common": "They can't think of anything that would work, but their hunt goes well regardless.",
            "stat_skill": "s_c finds some deer droppings in the forest - it's not clean, but it's extremely effective, and the hunt goes well.",
            "stat_trait": "s_c rolls in a patch of garlic to disguise their scent, which works perfectly. It's a funny taste to wash off their pelt though."
        },
        "fail_text": {
            "unscathed_common": "The patrol finds nothing to disguise their scent, and no prey either.",
            "unscathed_stat": "r_c finds no prey; it seems like all the prey was scared off because of their stench!"
        },
        "win_skills": [
            "CLEVER,2"
        ],
        "win_trait": [
            "strange"
        ],
        "antagonize_text": null,
        "antagonize_fail_text": null,
        "min_cats": 1,
        "max_cats": 1
    },
    {
        "patrol_id": "fst_hunt_huntassessment1",
        "biome": "forest",
        "season": "Any",
        "tags": [
            "app_stat",
            "hunting",
            "apprentice",
            "minor_injury",
            "scar",
            "LEFTEAR",
            "medium_prey0",
            "large_prey1",
            "large_prey3",
            "no_fail_prey"
        ],
        "intro_text": "r_c's mentor assesses them by sending them on a solo hunt.",
        "decline_text": "r_c asks their mentor to do the assessment some other time.",
        "chance_of_success": 40,
        "exp": 20,
        "success_text": {
            "unscathed_common": "r_c manages a skillful catch, and brings it back to the camp to show everyone!",
            "unscathed_rare": "r_c focuses completely on {PRONOUN/r_c/poss} test, slipping into a cleareyed, razor focused routine of catch and stash, catch and stash. Eventually {PRONOUN/r_c/subject}{VERB/r_c/'ve/'s} caught enough to need {PRONOUN/r_c/poss} mentor's help carrying it back to camp, and the feeling seeing {PRONOUN/r_c/poss} prey stock the fresh-kill pile - {PRONOUN/r_c/subject} {VERB/r_c/feel/feels} ready to burst with happiness!",
            "stat_trait": "It's a terrible day for hunting, the prey running sparse and alert. But s_c takes their time and doesn't let the conditions discourage them, until eventually the perfect opportunity falls into place and they pull off a perfect catch!"
        },
        "fail_text": {
            "unscathed_common": "Hunting is poor, and while r_c's mentor is disappointed, they don't expect r_c to be able to catch what isn't there.",
            "unscathed_stat": "s_c is too hasty, bouncing after first one prey, then another, and it ends with them empty pawed and exhausted. Their mentor is disappointed - they clearly need more training.",
            "injury": "While on the hunt, r_c tumbles right down a steep slope while their attention is elsewhere. Bruised and sore, r_c has to report to the medicine cat den when they return to camp."
        },
        "win_trait": [
            "calm",
            "careful",
            "insecure",
            "lonesome",
            "loyal",
            "nervous",
            "sneaky",
            "strange",
            "patient",
            "thoughtful",
            "wise"
        ],
        "fail_trait": [
            "adventurous",
            "bold",
            "charismatic",
            "childish",
            "confident",
            "daring",
            "playful",
            "righteous"
        ],
        "min_cats": 1,
        "max_cats": 1,
        "antagonize_text": null,
        "antagonize_fail_text": null,
        "history_text": {
            "scar": "m_c got injured as an apprentice, exploring alone."
        }
    },
    {
        "patrol_id": "fst_hunt_solo2",
        "biome": "forest",
        "season": "Any",
        "tags": [
            "hunting",
            "medium_prey0",
            "large_prey1",
            "large_prey2",
            "large_prey3",
            "no_fail_prey"
        ],
        "intro_text": "r_c heads out into the forest alone, wanting to sink their teeth into some prey and have some time to themselves.",
        "decline_text": "r_c turns back to camp, deciding that a group hunt would be more effective.",
        "chance_of_success": 40,
        "exp": 20,
        "success_text": {
            "unscathed_common": "r_c heads off to one of their favorite spots in the forest, a grove of spread out trees with thick underbrush providing excellent ambush chances. And what do you know, they are bush! Or they were as far as that squirrel thought.",
            "unscathed_rare": "r_c finds a fat, dumb, slow rabbit, and they can barely drag the thing back to camp, but by the stars it's juicy when they sit down to eat it with their Clanmates.",
            "stat_skill": "s_c gets the chance to try out an idea they've been sitting on for a while. There's a rabbit warren that they've spotted that's particularly badly built, and they manage to dig down into one of the dens, fishing baby rabbits out by the pawful.",
            "stat_trait": "The prey is running terribly today. But s_c has patience, and wisely waits for the perfect opportunity instead of getting frustrated. They come back to camp with a good contribution to the Clan's stores, having had a relaxing day sitting with their thoughts while waiting for the prey to come to them."
        },
        "fail_text": {
            "unscathed_common": "You can't catch what isn't there, and the prey today is very not there.",
            "unscathed_stat": "s_c starts the day with endless energy, but as one hunt fails after another, it very quickly runs dry. The come back to camp, empty pawed and prickling with frustration."
        },
        "win_skills": [
            "CLEVER,1"
        ],
        "win_trait": [
            "calm",
            "careful",
            "insecure",
            "lonesome",
            "loyal",
            "nervous",
            "sneaky",
            "strange",
            "patient",
            "thoughtful",
            "wise"
        ],
        "fail_trait": [
            "bold",
            "childish",
            "confident",
            "daring",
            "playful"
        ],
        "antagonize_text": null,
        "antagonize_fail_text": null,
        "min_cats": 1,
        "max_cats": 1
    },
    {
        "patrol_id": "fst_hunt_solo3",
        "biome": "forest",
        "season": "Any",
        "tags": [
            "hunting",
            "deputy",
            "medium_prey0",
            "large_prey1",
            "large_prey2",
            "large_prey3",
            "no_fail_prey"
        ],
        "intro_text": "r_c heads out into the forest alone, wanting to sink their teeth into some prey and have some time to themselves.",
        "decline_text": "r_c turns back to camp, deciding that a group hunt would be more effective.",
        "chance_of_success": 40,
        "exp": 20,
        "success_text": {
            "unscathed_common": "r_c heads off to one of their favorite spots in the forest, a grove of spread out trees with thick underbrush providing excellent ambush chances. And what do you know, they are bush! Or they were as far as that squirrel thought. They snicker to themselves as they pad back to camp.",
            "unscathed_rare": "r_c finds a fat, dumb, slow rabbit, and they can barely drag the thing back to camp, but by the stars it's juicy when they sit down to eat it with their Clanmates. Purring, they take the opportunity for a small moment of peace, relaxing with their friends.",
            "stat_skill": "s_c gets the chance to try out an idea they've been sitting on for a while. There's a rabbit warren that they've spotted that's particularly badly built, and they manage to dig down into one of the dens, fishing a couple baby rabbits out. This is a good spot to remember if c_n hits hard times.",
            "stat_trait": "The prey is running terribly today. But s_c has patience, and wisely waits for the perfect opportunity instead of getting frustrated. They come back to camp with a good contribution to the Clan's stores, having had a relaxing day sitting with their thoughts while waiting for the prey to come to them."
        },
        "fail_text": {
            "unscathed_common": "You can't catch what isn't there, and the prey today is very not there.",
            "unscathed_stat": "s_c starts the day with endless energy, but as one hunt fails after another, it very quickly runs dry. They give up and return to camp, to try and at least make progress on all the work piling up there."
        },
        "win_skills": [
            "CLEVER,1"
        ],
        "win_trait": [
            "calm",
            "careful",
            "insecure",
            "lonesome",
            "loyal",
            "nervous",
            "sneaky",
            "strange",
            "patient",
            "thoughtful",
            "wise"
        ],
        "fail_trait": [
            "bold",
            "childish",
            "confident",
            "daring",
            "playful"
        ],
        "antagonize_text": null,
        "antagonize_fail_text": null,
        "min_cats": 1,
        "max_cats": 1
    },
    {
        "patrol_id": "fst_hunt_solo4",
        "biome": "forest",
        "season": "Any",
        "tags": [
            "hunting",
            "leader",
            "medium_prey0",
            "large_prey1",
            "large_prey2",
            "large_prey3",
            "no_fail_prey"
        ],
        "intro_text": "r_c heads out into the forest alone, wanting to sink their teeth into some prey and have some time to themselves.",
        "decline_text": "r_c turns back to camp, deciding that a group hunt would be more effective.",
        "chance_of_success": 40,
        "exp": 20,
        "success_text": {
            "unscathed_common": "r_c heads off to one of their favorite spots in the forest, a grove of spread out trees with thick underbrush providing excellent ambush chances. And what do you know, they are bush! Or they were as far as that squirrel thought. They snicker to themselves as they pad back to camp.",
            "unscathed_rare": "r_c finds a fat, dumb, slow rabbit, and they can barely drag the thing back to camp, but by the stars it's juicy when they sit down to eat it with their Clanmates. Purring, they take the opportunity for a small moment of peace, relaxing with their friends.",
            "stat_skill": "s_c gets the chance to try out an idea they've been sitting on for a while. There's a rabbit warren that they've spotted that's particularly badly built, and they manage to dig down into one of the dens, fishing a couple baby rabbits out. This is a good spot to remember if c_n hits hard times.",
            "stat_trait": "The prey is running terribly today. But s_c has patience, and wisely waits for the perfect opportunity instead of getting frustrated. They come back to camp with a good contribution to the Clan's stores, having had a relaxing day sitting with their thoughts while waiting for the prey to come to them."
        },
        "fail_text": {
            "unscathed_common": "You can't catch what isn't there, and the prey today is very not there.",
            "unscathed_stat": "s_c starts the day with endless energy, but as one hunt fails after another, it very quickly runs dry. They give up and return to camp, to try and at least make progress on all the work piling up there."
        },
        "win_skills": [
            "CLEVER,1"
        ],
        "win_trait": [
            "calm",
            "careful",
            "insecure",
            "lonesome",
            "loyal",
            "nervous",
            "sneaky",
            "strange",
            "patient",
            "thoughtful",
            "wise"
        ],
        "fail_trait": [
            "bold",
            "childish",
            "confident",
            "daring",
            "playful"
        ],
        "antagonize_text": null,
        "antagonize_fail_text": null,
        "min_cats": 1,
        "max_cats": 1
    },
    {
        "patrol_id": "fst_hunt_noise1",
        "biome": "forest",
        "season": "Any",
        "tags": [
            "hunting",
            "big_bite_injury",
            "scar",
            "NECKBITE",
            "small_prey0",
            "medium_prey2"
        ],
        "intro_text": "As the patrol is checking the border lines, they hear an odd sound coming from a nearby bush.",
        "decline_text": "It's probably nothing. The patrol leaves the noise alone and continues on their way.",
        "chance_of_success": 20,
        "exp": 10,
        "success_text": {
            "unscathed_common": "r_c drops down into a hunting crouch, certain that a mouse must be the source of the noise.  They find themselves to be correct when they pounce into the bush and return to the patrol with the tasty morsel dangling from their mouth. One more for the fresh-kill pile!",
            "stat_skill": "p_l pads towards the bush to check on the noise when a rabbit suddenly bursts out!  s_c is quick to react and manages to snag the rabbit before it can disappear."
        },
        "fail_text": {
            "unscathed_common": "p_l pads closer to the bush, intent on finding the source of the noise, only to come face to face with a skunk!  The poor cat ends up stinking for days after the unfortunate incident.",
            "unscathed_stat": "s_c doesn't even hesitate before splitting from the patrol to check on the source of the noise. They quickly regret their impulsivity, however, when an angry raccoon bursts from the bush!  s_c gets quite the scare, but thankfully the raccoon only wanted to get away from them and quickly runs off back into the undergrowth.",
            "injury": "r_c takes the lead in checking the source of the noise and comes face to face with an angry fox! Though they backpedal rapidly, the fox still manages to take a bite out of them before the rest of the patrol can back them up."
        },
        "other_clan": [
            "None"
        ],
        "win_skills": [
            "HUNTER,1"
        ],
        "fail_trait": [
            "daring",
            "bold",
            "ambitious"
        ],
        "min_cats": 5,
        "max_cats": 6,
        "antagonize_text": null,
        "antagonize_fail_text": null,
        "history_text": {
            "scar": "m_c gained a scar from a fox."
        }
    },
    {
        "patrol_id": "fst_hunt_noise2",
        "biome": "forest",
        "season": "Any",
        "tags": [
            "hunting",
            "big_bite_injury",
            "scar",
            "NECKBITE",
            "death",
            "small_prey0",
            "medium_prey2"
        ],
        "intro_text": "As the patrol is checking the border lines, they hear an odd sound coming from a nearby bush.",
        "decline_text": "It's probably nothing. The patrol leaves the noise alone and continues on their way.",
        "chance_of_success": 60,
        "exp": 10,
        "success_text": {
            "unscathed_common": "r_c drops down into a hunting crouch, certain that a mouse must be the source of the noise. They find themselves to be correct when they pounce into the bush and return to the patrol with the tasty morsel dangling from their mouth.",
            "stat_skill": "p_l pads towards the bush to check on the noise when a rabbit suddenly bursts out! s_c is quick to react and manages to snag the rabbit before it can disappear."
        },
        "fail_text": {
            "unscathed_common": "p_l pads closer to the bush, intent on finding the source of the noise, only to come face to face with a skunk! The poor cat ends up stinking for days after the unfortunate incident.",
            "unscathed_stat": "s_c doesn't even hesitate before splitting from the patrol to check on the source of the noise. They quickly regret their impulsivity, however, when an angry raccoon bursts from the bush! s_c gets quite the scare, but thankfully the raccoon only wanted to get away from them and quickly runs off back into the undergrowth.",
            "death": "r_c takes the lead in checking the source of the noise and comes face to face with a snarling wolverine! r_c yowls for their patrol but the other cats aren't quick enough to stop the wolverine from killing r_c in one quick and deadly swipe.",
            "injury": "r_c takes the lead in checking the source of the noise and comes face to face with an angry fox! Though they backpedal rapidly, the fox still manages to take a bite out of them before the rest of the patrol can back them up."
        },
        "other_clan": [
            "None"
        ],
        "win_skills": [
            "HUNTER,1"
        ],
        "fail_trait": [
            "daring",
            "bold",
            "ambitious"
        ],
        "min_cats": 2,
        "max_cats": 4,
        "antagonize_text": null,
        "antagonize_fail_text": null,
        "history_text": {
            "scar": "m_c gained a scar from a fox.",
            "reg_death": "m_c was killed by a wolverine.",
            "lead_death": "killed by a wolverine"
        }
    },
    {
        "patrol_id": "fst_hunt_gonetnr1",
        "biome": "forest",
        "season": "Any",
        "tags": [
            "hunting",
            "gone",
            "medium_prey0",
            "medium_prey1"
        ],
        "intro_text": "Your patrol encounters a clearing where a lot of Twolegs linger.",
        "decline_text": "Your patrol decides to hunt elsewhere.",
        "chance_of_success": 60,
        "exp": 20,
        "success_text": {
            "unscathed_common": "They continue hunting undetected.",
            "unscathed_rare": "Slyly, r_c uses the chance to get food, practicing their best kittypet impression until just the right moment, before darting forward and making off with a sandwich in their mouth.",
            "stat_skill": "s_c spots the Twolegs unloading metal boxes from their monsters, and abruptly tells the patrol to leave. Now.",
            "stat_trait": "A Twoleg spots s_c and crouches down, clicking softly. s_c hisses and flees."
        },
        "fail_text": {
            "death": "The patrol mostly ignores the Twolegs. As they hunt they hear a yelp from r_c. They've crawled into a metal Twolegs box, and there's nothing they or the rest of the patrol can do to get them out - eventually the Twolegs notice, and r_c is taken by them.",
            "stat_death": "A Twoleg spots s_c and crouches down, clicking softly. s_c pauses - are they hurt? Do they want to make friends? Before they can decide whether to step closer, there's a swoosh, and a net falls around them. s_c fights desperately, but the Twolegs take them away in the monster."
        },
        "win_skills": [
            "CLEVER,3"
        ],
        "win_trait": [
            "ambitious",
            "bloodthirsty",
            "cold",
            "fierce",
            "shameless",
            "strict",
            "troublesome",
            "vengeful"
        ],
        "fail_trait": [
            "altruistic",
            "compassionate",
            "empathetic",
            "faithful",
            "loving",
            "patient",
            "responsible",
            "thoughtful",
            "wise"
        ],
        "min_cats": 2,
        "max_cats": 3,
        "antagonize_text": null,
        "antagonize_fail_text": null
    },
    {
        "patrol_id": "fst_hunt_gonetnr2",
        "biome": "forest",
        "season": "Any",
        "tags": [
            "hunting",
            "gone",
            "medium_prey0",
            "large_prey1"
        ],
        "intro_text": "Your patrol encounters a clearing where a lot of Twolegs linger.",
        "decline_text": "Your patrol decides to hunt elsewhere.",
        "chance_of_success": 10,
        "exp": 20,
        "success_text": {
            "unscathed_common": "They continue hunting undetected, using the presence of the Twolegs startling the local wildlife to bring back a good haul.",
            "unscathed_rare": "Slyly, r_c uses the chance to get food, practicing their best kittypet impression until just the right moment, before darting forward and making off with a large lump of meat in their mouth.",
            "stat_skill": "s_c spots the Twolegs unloading metal boxes from their monsters, and abruptly tells the patrol to leave. Now.",
            "stat_trait": "A Twoleg spots s_c and crouches down, clicking softly. s_c hisses and flees."
        },
        "fail_text": {
            "death": "The patrol mostly ignores the Twolegs. As they hunt they hear a yelp from r_c. They've crawled into a metal Twolegs box, and there's nothing they or the rest of the patrol can do to get them out - eventually the Twolegs notice, and r_c is taken by them.",
            "stat_death": "A Twoleg spots s_c and crouches down, clicking softly. s_c pauses - are they hurt? Do they want to make friends? Before they can decide whether to step closer, there's a swoosh, and a net falls around them. s_c fights desperately, but the Twolegs take them away in the monster."
        },
        "win_skills": [
            "CLEVER,3"
        ],
        "win_trait": [
            "ambitious",
            "bloodthirsty",
            "cold",
            "fierce",
            "shameless",
            "strict",
            "troublesome",
            "vengeful"
        ],
        "fail_trait": [
            "altruistic",
            "compassionate",
            "empathetic",
            "faithful",
            "loving",
            "patient",
            "responsible",
            "thoughtful",
            "wise"
        ],
        "min_cats": 4,
        "max_cats": 6
    },
    {
        "patrol_id": "fst_hunt_gonetnr3",
        "biome": "forest",
        "season": "Any",
        "tags": [
            "hunting",
            "multi_gone",
            "small_prey0",
            "small_prey1"
        ],
        "intro_text": "Your patrol encounters a clearing where a lot of Twolegs linger.",
        "decline_text": "Your patrol decides to hunt elsewhere.",
        "chance_of_success": 10,
        "exp": 20,
        "success_text": {
            "unscathed_common": "They continue hunting undetected.",
            "unscathed_rare": "Slyly, r_c uses the chance to get food, practicing their best kittypet impression until just the right moment, before darting forward and making off with a sandwich in their mouth.",
            "stat_skill": "s_c spots the Twolegs unloading metal boxes from their monsters, and abruptly tells the patrol to leave. Now.",
            "stat_trait": "A Twoleg spots s_c and crouches down, clicking softly. s_c hisses and flees."
        },
        "fail_text": {
            "death": "The patrol mostly ignores the Twolegs. But as they hunt, the cats encounter appealing, delicious smelling mush in little burrows. Some of the patrol investigates, and doors slam down behind them. There's nothing they or the rest of the patrol can do to get them out - eventually the Twolegs notice, and the trapped cats are taken.",
            "stat_death": "A Twoleg spots s_c and crouches down, clicking softly. s_c pauses - are they hurt? Do they want to make friends? They wander closer, drawing more of the patrol in with them. Before they can decide whether to step away, there's a swoosh, and a net falls around the cats. They fight desperately, but the Twolegs take them away in the monster."
        },
        "win_skills": [
            "CLEVER,3"
        ],
        "win_trait": [
            "ambitious",
            "bloodthirsty",
            "cold",
            "fierce",
            "shameless",
            "strict",
            "troublesome",
            "vengeful"
        ],
        "fail_trait": [
            "altruistic",
            "compassionate",
            "empathetic",
            "faithful",
            "loving",
            "patient",
            "responsible",
            "thoughtful",
            "wise"
        ],
        "min_cats": 4,
        "max_cats": 6
    },
    {
        "patrol_id": "fst_hunt_gonetwolegden1",
        "biome": "forest",
        "season": "Any",
        "tags": [
            "hunting",
            "gone",
            "injury",
            "torn pelt",
            "medium_prey0",
            "medium_prey2",
            "large_prey3"
        ],
        "intro_text": "r_c decides to hunt out near the Twoleg dens.",
        "decline_text": "On second thought, they decide to reline their nest today instead.",
        "chance_of_success": 40,
        "exp": 20,
        "success_text": {
            "unscathed_common": "They're interrupted by Twolegs wandering through the woods a couple times, but it's a successful hunt.",
            "unscathed_rare": "A friendly Twoleg makes a psspsspss noise, and pours kittypet food on the ground for r_c. They've always wondered what it might taste like... dry, is the answer. Very odd.",
            "stat_skill": "s_c gets distracted from hunting by strange Twoleg activity around one of their dens. They appear to be hauling all their many, many varieties of nest lining out and into a big monster. s_c take the opportunity to grab a little soft thing, something that's almost shaped like prey. It'll be good for the nursery.",
            "stat_trait": "Calmly, s_c weaves around the Twoleg dens, picking out the mice from the tunnels and the birds off the strange metal hanging fruit. A successful, sneaky hunt."
        },
        "fail_text": {
            "unscathed_stat": "The Twolegs here are friendly, and a little carelessly, s_c goes to hunt in their garden. But there's a new thing there, a box, suspicious and strange. Wisely, s_c avoids it, and returns to c_n territory.",
            "death": "Carelessly, r_c is seen by Twolegs, and taken from c_n.",
            "injury": "Carelessly, r_c is seen by Twolegs, and is taken hissing and spitting to be locked in a monster's den. Overnight, they discover that a broken window is just wide enough to push themselves out to safety through, but the glass leaves them bleeding as they run back to c_n."
        },
        "win_skills": [
            "CLEVER,1"
        ],
        "win_trait": [
            "calm",
            "careful",
            "insecure",
            "lonesome",
            "loyal",
            "nervous",
            "sneaky",
            "strange"
        ],
        "fail_trait": [
            "altruistic",
            "compassionate",
            "empathetic",
            "faithful",
            "loving",
            "patient",
            "responsible",
            "thoughtful",
            "wise"
        ],
        "min_cats": 1,
        "max_cats": 1
    },
    {
        "patrol_id": "fst_hunt_gonetwolegden2",
        "biome": "forest",
        "season": "Any",
        "tags": [
            "app_stat",
            "hunting",
            "gone",
            "small_prey",
            "apprentice",
            "medium_prey0",
            "medium_prey2",
            "large_prey3"
        ],
        "intro_text": "app1 decides to hunt out near the Twoleg dens.",
        "decline_text": "On second thought, they decide to reline their nest today instead.",
        "chance_of_success": 40,
        "exp": 20,
        "success_text": {
            "unscathed_common": "They're interrupted by Twolegs wandering through the woods a couple times, so they miss a couple catches, but overall it works out.",
            "unscathed_rare": "A friendly Twolegs makes a psspsspss noise, and pours kittypet food on the ground for app1. They've always wondered what it might taste like... dry, is the answer. It's strangely appealing.",
            "stat_trait": "Tail lashing excitedly, app1 hunts in the strange, forbidden land, ducking around corners and crawling over gardens with their belly low to the ground. A successful, sneaky hunt."
        },
        "fail_text": {
            "unscathed_stat": "A little carelessly, s_c jumps a fence to hunt in a den's garden. But there's a new thing there, a box, suspicious and strange. Wisely, s_c avoids it, and returns to c_n territory.",
            "death": "Carelessly, app1 is seen by Twolegs, and taken from c_n.",
            "injury": "Carelessly, app1 is seen by Twolegs, and is taken hissing and spitting to be locked in a monster's den. Overnight, they discover that a broken window is just wide enough to push themselves out to safety through, but the glass leaves them bleeding as they run back to c_n."
        },
        "win_trait": [
            "calm",
            "careful",
            "insecure",
            "lonesome",
            "loyal",
            "nervous",
            "sneaky",
            "strange"
        ],
        "fail_trait": [
            "altruistic",
            "compassionate",
            "empathetic",
            "faithful",
            "loving",
            "patient",
            "responsible",
            "thoughtful",
            "wise"
        ],
        "min_cats": 1,
        "max_cats": 1
    },
    {
        "patrol_id": "fst_hunt_twolegdencatdare1",
        "biome": "forest",
        "season": "Any",
        "tags": [
            "hunting",
            "gone",
            "small_prey",
            "romantic",
            "platonic",
            "p_l_to_r_c",
            "no_app",
            "medium_prey0"
        ],
        "intro_text": "Boldly, eyes daring p_l to say no, r_c suggests hunting by the Twoleg dens.",
        "decline_text": "On second thought, they decide to reline their nests today instead.",
        "chance_of_success": 40,
        "exp": 20,
        "success_text": {
            "unscathed_common": "They're interrupted by Twolegs wandering through the woods a couple times, but it's a successful hunt.",
            "unscathed_rare": "A friendly Twolegs makes a psspsspss noise, and pours kittypet food on the ground for r_c. They fetch p_l, and both cats investigate the food, loudly proclaiming how much better fresh-kill is, but both a little thrilled by the experience.",
            "stat_skill": "s_c shows the other cat all around the outskirts of the Twoleg dens, showing off how much they know about the strange animals and their weird behavior, and enjoying getting to feel clever.",
            "stat_trait": "It's a strange adventure, odd and weird and a little thrilling. s_c takes the lead, but both s_c and r_c are wide eyed and a little scared, in a fun way."
        },
        "fail_text": {
            "unscathed_common": "Carelessly, r_c is seen by Twolegs, and is taken hissing and spitting to be locked in a monster's den. Overnight, they hear p_l yowling from outside, and the two cats manage to craft an escape plan through a broken window. Shivering, r_c presses their pelt against p_l on the way back to c_n.",
            "unscathed_stat": "The Twolegs here are friendly, and a little carelessly, s_c goes to hunt in their garden. But there's a new thing there, a box, suspicious and strange. Wisely, s_c avoids it, and returns to c_n territory.",
            "death": "Carelessly, r_c is seen by Twolegs, and taken from c_n."
        },
        "win_skills": [
            "CLEVER,1"
        ],
        "win_trait": [
            "calm",
            "careful",
            "insecure",
            "lonesome",
            "loyal",
            "nervous",
            "sneaky",
            "strange"
        ],
        "fail_trait": [
            "altruistic",
            "compassionate",
            "empathetic",
            "faithful",
            "loving",
            "patient",
            "responsible",
            "thoughtful",
            "wise"
        ],
        "min_cats": 2,
        "max_cats": 2
    },
    {
        "patrol_id": "fst_hunt_twolegdenappdare1",
        "biome": "forest",
        "season": "Any",
        "tags": [
            "app_stat",
            "hunting",
            "gone",
            "small_prey",
            "apprentice",
            "romantic",
            "platonic",
            "two_apprentices",
            "rel_two_apps",
            "medium_prey0"
        ],
        "intro_text": "Boldly, eyes daring app1 to say no, app2 suggests hunting by the Twoleg dens. Where apprentices are definitely not allowed.",
        "decline_text": "On second thought, they decide to reline their nests today instead.",
        "chance_of_success": 30,
        "exp": 20,
        "success_text": {
            "unscathed_common": "They're interrupted by Twolegs wandering through the woods a couple times, so they miss a couple catches, but overall it works out.",
            "unscathed_rare": "A friendly Twolegs makes a psspsspss noise, and pours kittypet food on the ground for app2. They fetch app1, and both apprentices loudly proclaim how much better fresh-kill is, but both are also wide eyed and thrilled by the experience.",
            "stat_trait": "Tail lashing excitedly, app1 hunts in the strange, forbidden land, ducking around corners and crawling over gardens with their belly low to the ground. app2 tries to be even sneakier, and so app1 ups their game, until they're both probably the most obvious pair of cats in the neighborhood."
        },
        "fail_text": {
            "unscathed_common": "Carelessly, app2 is seen by Twolegs, and is taken hissing and spitting to be locked in a monster's den. Overnight, they hear app1 yowling from outside, and the two cats manage to craft an escape plan through a broken window. Shivering, app2 presses their pelt against app1 as they pad home.",
            "unscathed_stat": "A little carelessly, s_c jumps a fence to hunt in a den's garden. But there's a new thing there, a box, suspicious and strange. Wisely, s_c avoids it, and returns to c_n territory.",
            "death": "Carelessly, app1 is seen by Twolegs, and taken from c_n."
        },
        "win_trait": [
            "calm",
            "careful",
            "insecure",
            "lonesome",
            "loyal",
            "nervous",
            "sneaky",
            "strange"
        ],
        "fail_trait": [
            "altruistic",
            "compassionate",
            "empathetic",
            "faithful",
            "loving",
            "patient",
            "responsible",
            "thoughtful",
            "wise"
        ],
        "min_cats": 2,
        "max_cats": 2
    },
    {
        "patrol_id": "fst_hunt_gonetwolegtrap1",
        "biome": "forest",
        "season": "Any",
        "tags": [
            "hunting",
            "gone"
        ],
        "intro_text": "The smell of food lures r_c into what looks like a tunnel between some bushes.",
        "decline_text": "Turning their nose up at the temptation, they continue on their way.",
        "chance_of_success": 40,
        "exp": 20,
        "success_text": {
            "unscathed_common": "Darting through quickly, they see that the lovely smell is Twoleg mush, and keep running.",
            "unscathed_rare": "The lovely smell leads to Twoleg mush. Puzzled, r_c checks around them, only for their fur to stand on end as they realize they're standing in a metal tunnel, cloaked in rust and camouflage. It's to their great fortune that this trap seems to be broken, but whatever Twoleg restocked the bait might still be around. They leave quickly.",
            "stat_skill": "Something about this situation sets all of s_c's instincts off. They investigate, carefully, and strip the cover of the bushes away from a Twoleg trap underneath.",
            "stat_trait": "Something isn't right. Nervously pawing at the bushes, s_c thinks that the smell is too good to be true. They leave it, deciding to return to camp and report it to the deputy instead."
        },
        "fail_text": {
            "unscathed_stat": "Easily swayed by the delicious smell, s_c wanders recklessly into the sheltered space, only to smack into a metal wall. Inside the trap, a young fox starts up a distressed wail, and s_c feels sympathy for it they never expected to feel for a fox, as well as the heart stopping realization that it could easily have been them.",
            "death": "r_c is caught in a trap hidden in the bushes and is taken by Twolegs shortly after."
        },
        "win_skills": [
            "CLEVER,1"
        ],
        "win_trait": [
            "calm",
            "careful",
            "insecure",
            "lonesome",
            "loyal",
            "nervous",
            "sneaky",
            "strange"
        ],
        "fail_trait": [
            "adventurous",
            "bold",
            "confident",
            "daring",
            "playful"
        ],
        "min_cats": 1,
        "max_cats": 1
    },
    {
        "patrol_id": "fst_hunt_gonetwolegtrap2",
        "biome": "forest",
        "season": "Any",
        "tags": [
            "hunting",
            "gone"
        ],
        "intro_text": "The smell of food lures r_c into what looks like a tunnel between some bushes.",
        "decline_text": "Turning their nose up at the temptation, the patrol continues on their way.",
        "chance_of_success": 40,
        "exp": 20,
        "success_text": {
            "unscathed_common": "Darting through quickly, r_c sees that the lovely smell is Twoleg mush, and keeps running.",
            "unscathed_rare": "The lovely smell leads to Twoleg mush. Puzzled, r_c checks around them, only for their fur to stand on end as they realize they're standing in a metal tunnel, cloaked in rust and camouflage. It's to their great fortune that this trap seems to be broken, but whatever Twoleg restocked the bait might still be around. They leave quickly.",
            "stat_skill": "Something about this situation sets all of s_c's instincts off. They investigate, carefully, and the patrol helps them strip the cover of the bushes away from a Twoleg trap underneath.",
            "stat_trait": "Something isn't right. Nervously pawing at the bushes, s_c thinks that the smell is too good to be true. They leave it, convincing the patrol to return to camp and report it to the deputy instead."
        },
        "fail_text": {
            "unscathed_stat": "Easily swayed by the delicious smell, s_c wanders recklessly into the sheltered space, only to smack into a metal wall. Inside the trap, a young fox starts up a distressed wail, and s_c feels sympathy for it they never expected to feel for a fox, as well as the heart stopping realization that it could easily have been them.",
            "death": "r_c is caught in a trap hidden in the bushes! There's nothing the patrol is able to do to help them, and r_c is taken by Twolegs shortly after."
        },
        "win_skills": [
            "CLEVER,1"
        ],
        "win_trait": [
            "calm",
            "careful",
            "insecure",
            "lonesome",
            "loyal",
            "nervous",
            "sneaky",
            "strange"
        ],
        "fail_trait": [
            "adventurous",
            "bold",
            "confident",
            "daring",
            "playful"
        ],
        "min_cats": 2,
        "max_cats": 6
    },
    {
        "patrol_id": "fst_hunt_thunderpath1",
        "biome": "forest",
        "season": "Any",
        "tags": [
            "death",
            "scar",
            "MANLEG",
            "retirement",
            "blunt_force_injury",
            "hunting",
            "large_prey"
        ],
        "intro_text": "The patrol comes across a Thunderpath running through the forest.",
        "decline_text": "They decide it is better not to cross.",
        "chance_of_success": 40,
        "exp": 10,
        "success_text": {
            "unscathed_common": "Your patrol crosses the Thunderpath and can hunt on the other side.",
            "unscathed_rare": "Your patrol finds a pipe running under the Thunderpath and uses it to cross. They end up with slightly damp paws, but a successful haul of prey.",
            "stat_skill": "Your patrol stops on the edge of the Thunderpath, and s_c organizes a thorough search that finds a flattened squirrel. It's a reminder of the danger of the Thunderpath, and a good source of scavenged meat.",
            "stat_trait": "s_c is patient enough to wait until the Thunderpath is completely clear, then trots across calmly to hunt on the other side."
        },
        "fail_text": {
            "unscathed_common": "r_c hears a monster thundering towards them, but it screeches to a halt just in time. That was close! Maybe it's best to go back to camp.",
            "death": "r_c is hit by a monster while crossing and dies instantly.",
            "injury": "r_c is hit by a monster and seems quite injured, but miraculously still alive."
        },
        "win_skills": [
            "CLEVER,1"
        ],
        "win_trait": [
            "calm",
            "careful",
            "insecure",
            "nervous",
            "sneaky",
            "strange",
            "patient",
            "responsible",
            "thoughtful",
            "wise"
        ],
        "min_cats": 1,
        "max_cats": 6,
        "history_text": {
            "scar": "m_c was heavily injured by a monster, and carries the scars from it.",
            "reg_death": "m_c was hit by a monster and killed.",
            "lead_death": "{VERB/m_c/were/was} hit by a monster"
        }
    },
    {
        "patrol_id": "fst_hunt_thunderpath2",
        "biome": "forest",
        "season": "Any",
        "tags": [
            "death",
            "scar",
            "MANTAIL",
            "retirement",
            "blunt_force_injury",
            "hunting",
            "cruel_season",
            "large_prey"
        ],
        "intro_text": "The patrol comes across a Thunderpath running through the forest.",
        "decline_text": "They decide it is better not to cross.",
        "chance_of_success": 30,
        "exp": 10,
        "success_text": {
            "unscathed_common": "Your patrol crosses the Thunderpath and can hunt on the other side.",
            "unscathed_rare": "Your patrol finds a pipe running under the Thunderpath and uses it to cross. They end up with slightly damp paws, but a successful haul of prey.",
            "stat_skill": "Your patrol stops on the edge of the Thunderpath, and s_c organizes a thorough search that finds a flattened squirrel. It's a reminder of the danger of the Thunderpath, and a good source of scavenged meat.",
            "stat_trait": "s_c is patient enough to wait until the Thunderpath is completely clear, then trots across calmly to hunt on the other side."
        },
        "fail_text": {
            "unscathed_common": "r_c hears a monster thundering towards them, but it screeches to a halt just in time. That was close! Maybe it's best to go back to camp.",
            "death": "r_c is crossing the Thunderpath and hears a monster thundering towards them. They freeze, and the monster swerves to hit them deliberately, killing them instantly.",
            "injury": "r_c is hit by a monster and seems quite injured, but miraculously still alive."
        },
        "win_skills": [
            "CLEVER,1"
        ],
        "win_trait": [
            "calm",
            "careful",
            "insecure",
            "nervous",
            "sneaky",
            "strange",
            "patient",
            "responsible",
            "thoughtful",
            "wise"
        ],
        "min_cats": 1,
        "max_cats": 6,
        "history_text": {
            "scar": "m_c was heavily injured by a monster, and carries the scars from it.",
            "reg_death": "m_c was hit by a monster and killed.",
            "lead_death": "{VERB/m_c/were/was} hit by a monster"
        }
    },
    {
        "patrol_id": "fst_hunt_thunderpath3",
        "biome": "forest",
        "season": "Any",
        "tags": [
            "multi_deaths",
            "scar",
            "MANLEG",
            "retirement",
            "blunt_force_injury",
            "hunting",
            "medium_prey0",
            "large_prey1",
            "large_prey2",
            "large_prey3"
        ],
        "intro_text": "The patrol comes across a Thunderpath running through the forest.",
        "decline_text": "They decide it is better not to cross.",
        "chance_of_success": 10,
        "exp": 10,
        "success_text": {
            "unscathed_common": "Your patrol crosses the Thunderpath and can hunt on the other side.",
            "unscathed_rare": "Your patrol finds a pipe running under the Thunderpath and uses it to cross. They end up with slightly damp paws, but a successful haul of lots of prey.",
            "stat_skill": "Your patrol stops on the edge of the Thunderpath, and s_c organizes a thorough search that finds several flattened pieces of roadkill. It's a reminder of the danger of the Thunderpath, and a good source of scavenged meat.",
            "stat_trait": "s_c is patient enough to wait until the Thunderpath is completely clear, then trots across calmly with the patrol to hunt on the other side."
        },
        "fail_text": {
            "death": "As the group crosses the Thunderpath, a speeding monster appears out of nowhere. The cats run panicked in all directions, and several of them get hit and die.",
            "injury": "r_c is hit by a monster and seems quite injured, but miraculously still alive."
        },
        "win_skills": [
            "CLEVER,1"
        ],
        "win_trait": [
            "calm",
            "careful",
            "insecure",
            "nervous",
            "sneaky",
            "strange",
            "patient",
            "responsible",
            "thoughtful",
            "wise"
        ],
        "min_cats": 5,
        "max_cats": 6,
        "history_text": {
            "scar": "m_c was heavily injured by a monster, and carries the scars from it.",
            "reg_death": "This cat was hit by a monster and killed.",
            "lead_death": "{VERB/m_c/were/was} hit by a monster"
        }
    },
    {
        "patrol_id": "fst_hunt_thunderpath4",
        "biome": "forest",
        "season": "Any",
        "tags": [
            "multi_deaths",
            "scar",
            "MANTAIL",
            "retirement",
            "blunt_force_injury",
            "hunting",
            "cruel_season",
            "large_prey"
        ],
        "intro_text": "The patrol comes across a Thunderpath running through the forest.",
        "decline_text": "They decide it is better not to cross.",
        "chance_of_success": 10,
        "exp": 10,
        "success_text": {
            "unscathed_common": "Your patrol crosses the Thunderpath and can hunt on the other side.",
            "unscathed_rare": "Your patrol finds a pipe running under the Thunderpath and uses it to cross. They end up with slightly damp paws, but a successful haul of lots of prey.",
            "stat_skill": "Your patrol stops on the edge of the Thunderpath, and s_c organizes a thorough search that finds a flattened squirrel. It's a reminder of the danger of the Thunderpath, and a good source of scavenged meat.",
            "stat_trait": "s_c is patient enough to wait until the Thunderpath is completely clear, then trots across calmly with the patrol to hunt on the other side."
        },
        "fail_text": {
            "unscathed_common": "r_c hears a monster thundering towards them, but it screeches to a halt just in time. That was close! Maybe it's best to go back to camp.",
            "death": "As the group crosses the Thunderpath, a speeding monster appears out of nowhere. The cats run panicked in all directions, and several of them get hit as the monster swerves to hit them deliberately, killing them instantly.",
            "injury": "r_c is hit by a monster and seems quite injured, but miraculously still alive."
        },
        "win_skills": [
            "CLEVER,1"
        ],
        "win_trait": [
            "calm",
            "careful",
            "insecure",
            "nervous",
            "sneaky",
            "strange",
            "patient",
            "responsible",
            "thoughtful",
            "wise"
        ],
        "min_cats": 5,
        "max_cats": 6,
        "history_text": {
            "scar": "m_c was heavily injured by a monster, and carries the scars from it.",
            "reg_death": "m_c was hit by a monster and killed.",
            "lead_death": "{VERB/m_c/were/was} hit by a monster"
        }
    },
    {
        "patrol_id": "fst_hunt_fun1",
        "biome": "forest",
        "season": "Any",
        "tags": [
            "hunting",
            "medium_prey"
        ],
        "intro_text": "As r_c tears through the forest, stretching their legs on a run, they spot movement out of the corner of their eye.",
        "decline_text": "They keep going, not wanting to slow down.",
        "chance_of_success": 50,
        "exp": 10,
        "success_text": {
            "unscathed_common": "With a huge leap, they dart sideways and pull a blackbird out of the air. What a great catch!",
            "unscathed_rare": "Laughing, they bounce gleefully off a tree trunk, redirecting their momentum to slam into a very surprised mouse.",
            "stat_skill": "Nothing's going to escape their claws! r_c skids to a halt and then leaps into action, claw just barely catching in the tail of the squirrel they saw and bringing it down. They purr with satisfaction and trot back to camp with their prize."
        },
        "fail_text": {
            "unscathed_common": "r_c skids to a halt and tries to sprint after it, but the bird they saw escapes their paws. They chatter angrily at it, and it tries to poop on them. Such is life."
        },
        "win_skills": [
            "HUNTER,1"
        ],
        "min_cats": 1,
        "max_cats": 1
    },
    {
        "patrol_id": "fst_hunt_fun2",
        "biome": "forest",
        "season": "Any",
        "tags": [
            "hunting",
            "apprentice",
            "medium_prey"
        ],
        "intro_text": "As app1 tears through the forest, stretching their legs on a run, they spot movement out of the corner of their eye.",
        "decline_text": "They keep going, not wanting to slow down.",
        "chance_of_success": 50,
        "exp": 10,
        "success_text": {
            "unscathed_common": "With a huge leap, they dart sideways and pull the tail off a taking flight into blackbird the air. A missed catch, but new nest lining?",
            "unscathed_rare": "Laughing, they bounce gleefully off a tree trunk. It redirects their momentum far better than they were expecting, and it's difficult to say who's more surprised - the mouse, or the apprentice slamming into it! Not a very clean catch, but one they're proud of anyway."
        },
        "fail_text": {
            "unscathed_common": "app1 darts to the side, but wherever made the flash of movement is long gone. How frustrating!"
        },
        "min_cats": 1,
        "max_cats": 1
    },
    {
        "patrol_id": "fst_hunt_fun3",
        "biome": "forest",
        "season": "Any",
        "tags": [
            "hunting",
            "no_app",
            "romantic",
            "platonic",
            "respect",
            "medium_prey"
        ],
        "intro_text": "As r_c tears through the forest with p_l, stretching their legs on a run, they spot movement out of the corner of their eye.",
        "decline_text": "They keep going, not wanting to slow down.",
        "chance_of_success": 50,
        "exp": 10,
        "success_text": {
            "unscathed_common": "With a huge leap, r_c darts sideways and pulls a blackbird out of the air. p_l trots over to congratulate them on the fantastic catch, purring.",
            "unscathed_rare": "Laughing, they bounce gleefully off a tree trunk, redirecting their momentum to slam into a very surprised mouse. p_l skids to a halt, gasping over their beautiful catch with their eyes shining.",
            "stat_skill": "Nothing's going to escape their claws! s_c skids to a halt and then leaps into action, claw just barely catching in the tail of the squirrel they saw and bringing it down. They purr with satisfaction and pad back to r_c, sharing in the excitement of the hunt with them."
        },
        "fail_text": {
            "unscathed_common": "r_c skids to a halt and tries to sprint after it, but the bird they saw escapes their paws. They chatter angrily at it, and it tries to poop on them. Such is life. p_l snickers at them a bit too, but it's all in good fun."
        },
        "win_skills": [
            "HUNTER,1"
        ],
        "min_cats": 2,
        "max_cats": 2
    },
    {
        "patrol_id": "fst_hunt_fun4",
        "biome": "forest",
        "season": "Any",
        "tags": [
            "hunting",
            "apprentice",
            "romantic",
            "platonic",
            "respect",
            "two_apprentices",
            "medium_prey"
        ],
        "intro_text": "As app1 tears through the forest with app2, stretching their legs on a run, they spot movement out of the corner of their eye.",
        "decline_text": "They keep going, not wanting to slow down.",
        "chance_of_success": 50,
        "exp": 10,
        "success_text": {
            "unscathed_common": "With a huge leap, app1 darts sideways and pulls the tail off a blackbird taking flight into the air. A missed catch, but new nest lining? They toss some of the feathers at app2, and the two apprentices end up scuffling like kits.",
            "unscathed_rare": "Laughing, app1 bounces gleefully off a tree trunk. It redirects their momentum far better than they were expecting, and it's difficult to say who's more surprised - the mouse, or the apprentice slamming into it! Not a very clean catch, but the look on app2's face, so shocked and impressed, makes them blush."
        },
        "fail_text": {
            "unscathed_common": "app1 skids to a halt and tries to sprint after it, but the bird they saw escapes their paws. They chatter angrily at it, and it tries to poop on them. Such is life. app2 snickers at them too, but in a lighthearted way, and soon both apprentices are giggling about it as they continue their run."
        },
        "min_cats": 2,
        "max_cats": 2
    },
    {
        "patrol_id": "fst_hunt_lillizard1",
        "biome": "forest",
        "season": "Any",
        "tags": [
            "hunting",
            "platonic",
            "comfort",
            "small_prey"
        ],
        "intro_text": "Something skitters across the leaf litter, catching the patrols eyes. A little lizard!",
        "decline_text": "Startled by the lizard, the patrol watches it scurry away.",
        "chance_of_success": 60,
        "exp": 15,
        "success_text": {
            "unscathed_common": "r_c pounces on the little creature and carries the nice mouthful home.",
            "unscathed_rare": "The lizard drops its tail, and r_c dives for it, while p_l pounces for the lizard. Surely this counts for two catches? Neither of them cares much, and it's a happy afternoon hunting together.",
            "stat_skill": "s_c is basically on top of the skittering lizard, and ends up doing a ridiculous hop to come down on it with claws extended. r_c compliments them on the catch with a laugh in their meow, and s_c has to agree with them, purring with laughter."
        },
        "fail_text": {
            "unscathed_common": "The patrol is unable to catch the small reptile quick enough and the little lizard lives another day.",
            "unscathed_stat": "r_c and p_l go for the prey at the same time, bonking their heads together. Not a bad collision, and both of them are mature enough to let it go, but neither is pleased to have missed an easy catch."
        },
        "win_skills": [
            "HUNTER,1"
        ],
        "min_cats": 2,
        "max_cats": 3
    },
    {
        "patrol_id": "fst_hunt_lillizard2",
        "biome": "forest",
        "season": "Any",
        "tags": [
            "hunting",
            "rel_two_apps",
            "platonic",
            "comfort",
            "romantic",
            "two_apprentices",
            "apprentice",
            "small_prey"
        ],
        "intro_text": "Something skitters across the leaf litter, catching the patrol's eyes. A little lizard!",
        "decline_text": "Startled by the lizard, the patrol watches it scurry away.",
        "chance_of_success": 60,
        "exp": 15,
        "success_text": {
            "unscathed_common": "app1 pounces on the little creature and misses, but they don't seem overly concerned, stopping nearly every step to chat to app2, who's just as keen to talk.",
            "unscathed_rare": "app1 and app2 go for the prey at the same time, bonking their heads together. It makes both of them laugh while apologizing, and they don't leave each other's side for the rest of the patrol, apologies turning to chatting turning to whispered conversations."
        },
        "fail_text": {
            "unscathed_common": "The patrol is unable to catch the small reptile quick enough and the little lizard lives another day."
        },
        "min_cats": 2,
        "max_cats": 3
    },
    {
        "patrol_id": "fst_hunt_vole1",
        "biome": "forest",
        "season": "Any",
        "tags": [
            "hunting",
            "medium_prey"
        ],
        "intro_text": "Your patrol comes across a vole nibbling at a seed.",
        "success_text": {
            "unscathed_common": "r_c drops into a crouch and lightly stalks towards the vole. They pause, waggling their haunches before pouncing. They catch the vole easily and deliver a killing bite to the back of its head.",
            "unscathed_rare": "r_c drops into a crouch and begins stalking forward. When they get close, the vole suddenly stops chewing and r_c takes the opportunity to pounce. They kill the prey quickly and lick the blood from their lips with satisfaction.",
            "stat_skill": "s_c drops into a crouch and has to consciously stop their tail from swaying in excitement as they stalk the prey. Once they think they're close enough, they give their haunches a little wiggle and leap. They catch the vole squarely between their paws and kill it quickly."
        },
        "fail_text": {
            "unscathed_common": "r_c drops into a crouch and begins to stalk forward. They're preparing to pounce when their paw lightly brushes a twig and the vole immediately takes off. They give chase, but the critter disappears into a burrow. Mousedung!"
        },
        "decline_text": "Your patrol decides to look for other prey.",
        "chance_of_success": 50,
        "exp": 10,
        "win_skills": [
            "HUNTER,2"
        ],
        "min_cats": 1,
        "max_cats": 3
    }
]