[
    {
        "patrol_id": "gen_bord_newcat_hostile1",
        "biome": "Any",
        "season": "Any",
        "tags": [
            "border",
            "new_cat_warrior_loner_litter1",
            "reputation",
            "meeting"
        ],
        "intro_text": "Your patrol scents a loner on the territory. They confront the cat, who quickly surrenders and begs for shelter.",
        "decline_text": "Your patrol decides the loner isn't worth their time.",
        "success_text": {
            "unscathed_common": "The patrol relents and the loner is allowed to join the Clan.",
            "unscathed_rare": "The patrol relents and the loner is allowed to join the Clan, bringing along their litter of hungry kits."
        },
        "fail_text": {
            "unscathed_common": "The loner seems to have second thoughts. They quickly turn tail and take off. Good riddance, then."
        },
        "antagonize_text": "Your patrol tells the cat to leave or feel their claws. The loner seems to choose life and quickly takes off.",
        "antagonize_fail_text": "Your patrol advances threateningly towards the loner, who retaliates with a quick swipe to p_l's muzzle. While p_l is stunned, they make their getaway.",
        "chance_of_success": 40,
        "exp": 10,
        "win_skills": [
            "SPEAKER,2"
        ],
        "min_cats": 2,
        "max_cats": 6
    },
    {
        "patrol_id": "gen_bord_newcat_hostile2",
        "biome": "Any",
        "season": "Any",
        "tags": [
            "border",
            "new_cat_warrior_loner_litter1",
            "reputation",
            "meeting"
        ],
        "intro_text": "p_l scents a loner on the territory. {PRONOUN/p_l/subject/CAP} {VERB/p_l/confront/confronts} the cat, who quickly surrenders and begs for shelter.",
        "decline_text": "p_l {VERB/p_l/decide/decides} the loner isn't worth {PRONOUN/p_l/poss} time.",
        "success_text": {
            "unscathed_common": "p_l relents and the loner is allowed to join the Clan.",
            "unscathed_rare": "p_l relents and the loner is allowed to join the Clan, bringing along their litter of hungry kits."
        },
        "fail_text": {
            "unscathed_common": "The loner seems to have second thoughts. They quickly turn tail and take off. Good riddance, then."
        },
        "antagonize_text": "p_l tells the cat to leave or feel {PRONOUN/p_l/poss} claws. The loner seems to choose life and quickly takes off.",
        "antagonize_fail_text": "p_l advances threateningly towards the loner, who retaliates with a quick swipe to {PRONOUN/p_l/poss} muzzle. While p_l is stunned, they make their getaway.",
        "chance_of_success": 40,
        "exp": 10,
        "win_skills": [
            "SPEAKER,2"
        ],
        "min_cats": 1,
        "max_cats": 1
    },
    {
        "patrol_id": "gen_bord_newcatkittypet3",
        "biome": "Any",
        "season": "Any",
        "tags": [
            "border",
            "new_cat_warrior_kittypet_litter1",
            "reputation",
            "kits",
            "meeting"
        ],
        "intro_text": "Your patrol scents a kittypet on the territory. They confront the cat, who quickly surrenders and begs for shelter.",
        "decline_text": "Your patrol decides the kittypet isn't worth their time.",
        "chance_of_success": 40,
        "exp": 10,
        "success_text": {
            "unscathed_common": "The patrol relents and the kittypet is allowed to join the Clan.",
            "unscathed_rare": "The patrol relents and the kittypet is allowed to join the Clan, bringing along their litter of hungry kits."
        },
        "fail_text": {
            "unscathed_common": "The kittypet gradually becomes more and more frightened at the patrol's descriptions of Clan life. They decide to turn tail and run."
        },
        "min_cats": 2,
        "max_cats": 6,
        "win_skills": [
            "SPEAKER,2"
        ],
        "antagonize_text": "Your patrol tells the cat to leave or feel their claws. The kittypet seems to choose life and quickly takes off.",
        "antagonize_fail_text": "Your patrol advances threateningly towards the kittypet, who retaliates with a quick swipe to p_l's muzzle. While p_l is stunned, they make their getaway."
    },
    {
        "patrol_id": "gen_bord_newcatkittypet4",
        "biome": "Any",
        "season": "Any",
        "tags": [
            "border",
            "new_cat_warrior_kittypet_litter1",
            "reputation",
            "kits",
            "meeting"
        ],
        "intro_text": "p_l scents a kittypet on the territory. {PRONOUN/p_l/subject/CAP} {VERB/p_l/confront/confronts} the cat, who quickly surrenders and begs for shelter.",
        "decline_text": "p_l {VERB/p_l/decide/decides} the kittypet isn't worth {PRONOUN/p_l/poss} time.",
        "chance_of_success": 40,
        "exp": 10,
        "success_text": {
            "unscathed_common": "p_l relents and the kittypet is allowed to join the Clan.",
            "unscathed_rare": "p_l relents and the kittypet is allowed to join the Clan, bringing along their litter of hungry kits."
        },
        "fail_text": {
            "unscathed_common": "The kittypet gradually becomes more and more frightened at p_l's descriptions of Clan life. They decide to turn tail and run."
        },
        "min_cats": 1,
        "max_cats": 1,
        "win_skills": [
            "SPEAKER,2"
        ],
        "antagonize_text": "p_l tells the cat to leave or feel {PRONOUN/p_l/poss} claws. The kittypet seems to choose life and quickly takes off.",
        "antagonize_fail_text": "p_l advances threateningly towards the kittypet, who retaliates with a quick swipe to {PRONOUN/p_l/poss} muzzle. While p_l is stunned, they make their getaway."
    },
    {
        "patrol_id": "gen_bord_newcatthunderpath2",
        "biome": "Any",
        "season": "Any",
        "tags": [
            "border",
            "new_cat",
            "new_cat_injury",
            "nc_blunt_force_injury",
            "reputation",
            "no_change_fail_rep"
        ],
        "intro_text": "r_c finds a wounded cat near the Thunderpath.",
        "decline_text": "They leave the wounded cat alone.",
        "success_text": {
            "unscathed_common": "The patrol approaches the cat and sees some signs of life. The patrol, after some hesitation, decides to bring the cat back to camp so that they can be treated by the medicine cat. The cat thanks them profusely and promises to repay them by joining the Clan and being the best warrior they can."
        },
        "fail_text": {
            "unscathed_common": "As r_c inspects the cat, {PRONOUN/r_c/subject} find that they are already hunting with their ancestors.",
            "unscathed_stat": "The cats attempt to carry the cat back to camp, but the cat passes on the way. They stop to bury the cat before continuing home."
        },
        "antagonize_text": "Your patrol drives the cat off of the territory. It's not c_n's problem.",
        "antagonize_fail_text": "The patrol tries to drive the cat away, but they trip and stumble over a loose twig. They lay on the ground and don't get back up. The patrol takes a bit of time to bury them - just to keep the scavengers away.",
        "chance_of_success": 40,
        "exp": 10,
        "win_skills": [
            "CLEVER,1"
        ],
        "min_cats": 2,
        "max_cats": 6
    },
    {
        "patrol_id": "gen_bord_newcatthunderpath6",
        "biome": "Any",
        "season": "Any",
        "tags": [
            "border",
            "new_cat",
            "new_cat_injury",
            "nc_blunt_force_injury",
            "reputation",
            "no_change_fail_rep"
        ],
        "intro_text": "p_l finds a wounded cat near the Thunderpath.",
        "decline_text": "p_l leaves the wounded cat alone.",
        "success_text": {
            "unscathed_common": "p_l approaches the cat and sees some signs of life. After some hesitation, {PRONOUN/p_l/subject} {VERB/p_l/decide/decides} to bring the cat back to camp so that they can be treated by the medicine cat. The cat thanks {PRONOUN/p_l/object} profusely and promises to repay {PRONOUN/p_l/object} by joining the Clan and being the best warrior they can."
        },
        "fail_text": {
            "unscathed_common": "As p_l inspects the cat, {PRONOUN/p_l/subject} find that they are already hunting with their ancestors.",
            "unscathed_stat": "p_l attempts to carry the cat back to camp, but the cat passes on the way. {PRONOUN/p_l/subject/CAP} {VERB/p_l/stop/stops} to bury the cat before continuing home."
        },
        "antagonize_text": "p_l drives the cat off of the territory. It's not c_n's problem.",
        "antagonize_fail_text": "p_l tries to drive the cat away, but they trip and stumble over a loose twig. They lay on the ground and don't get back up. p_l takes a bit of time to bury them - just to keep the scavengers away.",
        "chance_of_success": 40,
        "exp": 10,
        "win_skills": [
            "CLEVER,1"
        ],
        "min_cats": 1,
        "max_cats": 1
    },
    {
        "patrol_id": "gen_bord_newkit3",
        "biome": "Any",
        "season": "Any",
        "tags": [
            "border",
            "new_cat_kitten",
            "reputation",
            "no_change_fail_rep"
        ],
        "intro_text": "r_c finds an abandoned kit whose parents are nowhere to be found.",
        "decline_text": "They decide to leave the kit alone.",
        "success_text": {
            "unscathed_common": "The kit is taken back to camp and nursed back to health."
        },
        "fail_text": {
            "unscathed_common": "The kit is taken back to camp, but grows weak and dies a few days later.",
            "unscathed_stat": "The patrol approaches the kit, only to realize that it's already gone. They swiftly bury it and move on."
        },
        "antagonize_text": "Your patrol moves the kit away from the territory, they have no interest in strange kits.",
        "antagonize_fail_text": "The kit smells of Twolegs, your patrol has no interest in what will surely grow to be a weak cat.",
        "chance_of_success": 40,
        "exp": 10,
        "win_skills": [
            "CLEVER,1"
        ],
        "min_cats": 2,
        "max_cats": 6
    },
    {
        "patrol_id": "gen_bord_newkit4",
        "biome": "Any",
        "season": "Any",
        "tags": [
            "border",
            "new_cat_kitten",
            "reputation",
            "no_change_fail_rep"
        ],
        "intro_text": "r_c finds an abandoned kit whose parents are nowhere to be found.",
        "decline_text": "p_l decides to leave the kit alone.",
        "success_text": {
            "unscathed_common": "The kit is taken back to camp and nursed back to health."
        },
        "fail_text": {
            "unscathed_common": "The kit is taken back to camp, but grows weak and dies a few days later.",
            "unscathed_stat": "p_l approaches the kit, only to realize that it's already gone. {PRONOUN/p_l/subject/CAP} swiftly {VERB/p_l/bury/buries} it and {VERB/p_l/move/moves} on."
        },
        "antagonize_text": "p_l moves the kit away from the territory, {PRONOUN/p_l/subject} {VERB/p_l/have/has} no interest in strange kits.",
        "antagonize_fail_text": "The kit smells of Twolegs, p_l has no interest in what will surely grow to be a weak cat.",
        "chance_of_success": 40,
        "exp": 10,
        "win_skills": [
            "CLEVER,1"
        ],
        "min_cats": 1,
        "max_cats": 1
    },
    {
        "patrol_id": "gen_bord_healer_hostile1",
        "biome": "Any",
        "season": "Any",
        "tags": [
            "border",
            "reputation",
            "new_cat_medcat_loner_litter1",
            "no_change_fail_rep",
            "meeting"
        ],
        "intro_text": "Your patrol scents a loner on the territory. r_c finds the loner, who offers their healing skills in exchange for shelter.",
        "decline_text": "The patrol declines their offer and sends them off.",
        "success_text": {
            "unscathed_common": "The new medicine cat is welcomed into the Clan.",
            "unscathed_rare": "The new medicine cat is welcomed into the Clan along with their litter of kits."
        },
        "fail_text": {
            "unscathed_common": "After hearing more about your Clan, the loner decides not to join, quickly turning and taking off."
        },
        "antagonize_text": "Healer or not, your patrol tells the cat to leave or feel their claws. The loner seems to choose life and quickly takes off.",
        "antagonize_fail_text": "Your patrol advances threateningly towards the loner, who retaliates with a quick swipe to p_l's muzzle. While p_l is stunned, they make their getaway.",
        "chance_of_success": 40,
        "exp": 10,
        "win_skills": [
            "SPEAKER,2"
        ],
        "min_cats": 2,
        "max_cats": 6
    },
    {
        "patrol_id": "gen_bord_healer_hostile2",
        "biome": "Any",
        "season": "Any",
        "tags": [
            "border",
            "reputation",
            "new_cat_medcat_loner_litter1",
            "no_change_fail_rep",
            "meeting"
        ],
        "intro_text": "p_l scents a loner on the territory. When {PRONOUN/p_l/subject} {VERB/p_l/find/finds} the loner, they offer their healing skills in exchange for shelter.",
        "decline_text": "p_l declines their offer and sends them off.",
        "success_text": {
            "unscathed_common": "The new medicine cat is welcomed into the Clan.",
            "unscathed_rare": "The new medicine cat is welcomed into the Clan along with their litter of kits."
        },
        "fail_text": {
            "unscathed_common": "After hearing more about your Clan, the loner decides not to join, quickly turning and taking off."
        },
        "antagonize_text": "Healer or not, p_l tells the cat to leave or feel {PRONOUN/p_l/poss} claws. The loner seems to choose life and quickly takes off.",
        "antagonize_fail_text": "p_l advances threateningly towards the loner, who retaliates with a quick swipe to {PRONOUN/p_l/poss} muzzle. While p_l is stunned, they make their getaway.",
        "chance_of_success": 40,
        "exp": 10,
        "win_skills": [
            "SPEAKER,2"
        ],
        "min_cats": 1,
        "max_cats": 1
    },
    {
        "patrol_id": "gen_bord_lonerchase2",
        "biome": "Any",
        "season": "Any",
        "tags": [
            "border",
            "new_cat_loner",
            "reputation",
            "scar",
            "LEFTEAR",
            "new_cat_injury",
            "nc_blunt_force_injury",
            "no_change_fail_rep",
            "meeting"
        ],
        "intro_text": "Your patrol cautiously moves towards the sound of barking. Near the border, they spot a dog chasing something. Oh no, it's a cat!",
        "decline_text": "The patrol decides not to interfere. Surely the cat can handle itself, the dog isn't even that big.",
        "success_text": {
            "unscathed_common": "The patrol swiftly jumps into action. They capture the dog's attention and draw it away from the cat. r_c stays hidden and goes to the cat while the rest of the patrol lures the dog away. They're unharmed, and this display of bravery makes them want to join the Clan!",
            "stat_skill": "s_c leaps into action, pelting towards the dog with a yowl rising in {PRONOUN/s_c/poss} throat. The dog looks alarmed by this newcomer and abandons the chase as s_c swipes at it. The loner, ruffled but unharmed, is amazed by this display. After some chatting, they decide to join the Clan."
        },
        "fail_text": {
            "unscathed_common": "The patrol swiftly jumps into action. They capture the dog's attention and draw it away from the cat. r_c stayed hidden while the rest of the patrol lured the dog away, but when {PRONOUN/r_c/subject} {VERB/r_c/go/goes} to find the cat, {PRONOUN/r_c/subject} {VERB/r_c/see/sees} that it's still running! Oh well, at least they're alright.",
            "injury": "The patrol jumps into action and chases the dog off without much difficulty. A group of cats is much different than a single one. However, the distressed loner seems to think that they're a threat and takes a swipe at r_c before running off."
        },
        "antagonize_text": "Your patrol watches as the loner climbs up a spindly tree to escape the dog, and then promptly proceed to chase the dog out of the territory and viciously spit at the loner not to cross the border.",
        "antagonize_fail_text": "The loner escapes the dog by climbing a tree and scowls at the patrol, who stood by watching. The patrol leers back in return. c_n doesn't owe loners anything.",
        "chance_of_success": 40,
        "exp": 10,
        "win_skills": [
            "FIGHTER,1"
        ],
        "min_cats": 3,
        "max_cats": 6
    },
    {
        "patrol_id": "fst_bord_noise3",
        "biome": "forest",
        "season": "Any",
        "tags": [
            "border",
            "battle_injury",
            "scar",
            "BRIDGE",
            "death",
            "reputation"
        ],
        "intro_text": "As the patrol is checking the border lines, they hear an odd sound coming from a nearby bush.",
        "decline_text": "It's probably nothing. The patrol leaves the noise alone and continues on their way.",
        "chance_of_success": 40,
        "exp": 10,
        "success_text": {
            "unscathed_common": "p_l goes to check the bush and finds a kittypet cowering inside. The pathetic thing looks terrified and after a quick hiss from p_l it goes scrambling back out of the territory.",
            "unscathed_rare": "p_l pads towards the bush to check on the noise when a rabbit suddenly bursts out! None of the cats are quick enough to catch it, but at least the noise was nothing dangerous.",
            "stat_skill": "s_c takes the lead in checking the noise, and it's a good thing {PRONOUN/s_c/subject} did, because the moment {PRONOUN/s_c/subject} step closer to the bush a rogue comes springing out! s_c is quick to bat them away, hissing and spitting, before promptly chasing the rogue out of the territory.  It was hardly a fight, really. "
        },
        "fail_text": {
            "unscathed_common": "p_l pads closer to the bush, intent on finding the source of the noise, only to come face to face with a skunk! The poor cat ends up stinking for days after the unfortunate incident.",
            "unscathed_stat": "s_c doesn't even hesitate before splitting from the patrol to check on the source of the noise. {PRONOUN/s_c/subject/CAP} quickly {VERB/s_c/regret/regrets} {PRONOUN/s_c/poss} impulsivity, however, when an angry raccoon bursts from the bush!  s_c gets quite the scare, but thankfully the raccoon only wanted to get away from {PRONOUN/s_c/object} and quickly runs off back into the undergrowth.",
            "death": "p_l takes the lead in checking the source of the noise and comes face to face with a rogue hiding in the bush! The rogue takes a swipe at p_l, but doesn't get much damage in before p_l retaliates and chases the intruder out of c_n territory.",
            "injury": "p_l starts to pad towards the bush. Before {PRONOUN/p_l/subject} can even reach it, however, a gang of rogues bursts out of hiding! A fight ensues and though the rogues are eventually driven off, r_c is killed in the process."
        },
        "win_skills": [
            "FIGHTER,1"
        ],
        "fail_trait": [
            "daring",
            "bold",
            "ambitious"
        ],
        "min_cats": 2,
        "max_cats": 6,
        "antagonize_text": "p_l goes to check the bush and finds a kittypet cowering inside. p_l scratches its ears off and sends it on its way.",
        "antagonize_fail_text": "p_l finds a gang of rogues in the bush! p_l has to turn tail and run, the sound of gloating the last thing in p_l's ears, hearing how little the rogues think of c_n.",
        "history_text": {
            "scar": "m_c gained a scar after tussling with a rogue.",
            "reg_death": "m_c was killed by a rogue.",
            "lead_death": "{VERB/m_c/were/was} killed by a rogue"
        }
    },
    {
        "patrol_id": "fst_hunt_twolegplacekittens1",
        "biome": "forest",
        "season": "Any",
        "tags": [
            "hunting",
            "no_fail_prey",
            "new_cat_kittypet_female_dead_litter0_litter1_litter3_abandoned1_abandoned4"
        ],
        "intro_text": "The patrol approaches a Twoleg nest in the woods while hunting.",
        "decline_text": "The patrol decides to hunt elsewhere.",
        "chance_of_success": 40,
        "exp": 30,
        "success_text": {
            "unscathed_common": "p_l hears r_c softly calling {PRONOUN/p_l/object} through the bushes, and drops the idea of following mouse scent, hurrying to {PRONOUN/p_l/poss} mate's side. r_c, head poking into the nest's garden through a gap in the fence, murmurs something about Twoleg kits. Twoleg kits? No, r_c corrects, the <i>Twolegs's kits</i>, the Twolegs <i>have kittens</i> wandering through the nest's garden. Uneasily, the patrol leaves, but both cats' minds return to the young cats in the days that follow.",
            "unscathed_rare": "Near the Twoleg den, p_l suddenly hears furious growls. Tiny, adorable, furious growls. A kitten tries to pounce on p_l, barely coming up to {PRONOUN/p_l/poss} elbows. Before little teeth can do any damage, p_l gently flips the tiny cat over and places a gentle paw on their back, completely pinning them as they struggle with all their might. r_c, called over by the mighty fight, asks the little warrior what on earth they're doing. Why, they're defending their territory of course! It might not be the done thing in c_n, but p_l is enchanted by the tiny warrior's bravery, and is willing to vouch for them.",
            "stat_trait": "Furious, high pitched yowls greet the patrol, as a tiny kittypet kitten comes roaring out of the Twoleg nest to try and fight them. Terrifying. s_c tips the little fighter over and carefully scruffs the tiny warrior, wondering what to do with them - s_c doesn't particularly want to hurt them, even if they aren't a Clancat. The kitten insists that they're a big cat and they're <b>fine</b>, but after a couple minutes, does reveal their mother is dead. Twolegs have kept them alive somehow, but c_n will do better, and such a fierce heart shouldn't be left to wither in a soft kittypet life."
        },
        "fail_text": {
            "unscathed_common": "Twoleg kits scare the patrol away."
        },
        "win_trait": [
            "careful",
            "thoughtful"
        ],
        "min_cats": 2,
        "max_cats": 2,
        "antagonize_text": "A kittypet kitten approaches the patrol, yowling furiously. p_l bats it aside as the warriors continue hunting, unruffled.",
        "antagonize_fail_text": "The kittypet kittens trying furiously to defend their territory ruin all the hunting to be had, and the patrol returns home, irritated but impressed by the kittens' bravery.",
        "constraints": {
            "relationship": [
                "mates"
            ]
        }
    },
    {
        "patrol_id": "gen_med_rescue5",
        "biome": "Any",
        "season": "Any",
        "tags": [
            "herb_gathering",
            "med_only",
            "new_cat_warrior_litter1_litter0_litternewborn",
            "no_change_fail_rep"
        ],
        "intro_text": "While searching for some specific herbs p_l is startled by weird sounds and whispers on the wind.",
        "decline_text": "Unnerved and unable to discern if it is a sign from StarClan or nothing, {PRONOUN/p_l/subject} {VERB/p_l/go/goes} back to c_n to ask for help and guidance.",
        "chance_of_success": 45,
        "exp": 10,
        "success_text": {
            "unscathed_common": "The sounds die away and then start up again in strange, unpredictable intervals. Investigating, p_l suddenly finds {PRONOUN/p_l/self} nose to nose with a panting, bleeding queen, one desperately trying to keep their newborn litter quiet. p_l brings the queen back to camp, where the Clan, suspicious but obedient to the code, takes them in.",
            "unscathed_rare": "p_l sees a worn and weary queen protecting their mewling litter. Not happy but unwilling and unable to go against {PRONOUN/p_l/poss} beloved code {PRONOUN/p_l/subject} {VERB/p_l/take/takes} them back to camp, refusing to let r_c say a word against it."
        },
        "fail_text": {
            "unscathed_common": "p_l sees the body of an unknown queen with their kits beside them, slowly cooling in the morning breeze. {PRONOUN/p_l/subject/CAP} {VERB/p_l/are/is} filled with an unexpected sense of grief and p_l and the rest of the patrol take the time to carry and bury them outside their borders."
        },
        "min_cats": 2,
        "max_cats": 6,
        "antagonize_text": "p_l hisses at StarClan for the sign, refusing to follow it to its source, and what might have been.",
        "antagonize_fail_text": "p_l begrudgingly follows the sound, only to find the bodies of an unknown queen and their kits beside them. If p_l had been quicker... Whatever the case, {PRONOUN/p_l/subject} {VERB/p_l/return/returns} home, {PRONOUN/p_l/poss} mind clouded."
    },
    {
        "patrol_id": "gen_med_rescue6",
        "biome": "Any",
        "season": "Any",
        "tags": [
            "herb_gathering",
            "med_only",
            "new_cat_warrior_litter1_litter0_dead_outside_litternewborn_orphaned1_orphaned2",
            "no_change_fail_rep"
        ],
        "intro_text": "While searching for some specific herbs p_l is startled by weird sounds and whispers on the wind.",
        "decline_text": "Unnerved and unable to discern if it is a sign from StarClan or nothing, {PRONOUN/p_l/subject} {VERB/p_l/go/goes} back to c_n to ask for help and guidance.",
        "chance_of_success": 45,
        "exp": 10,
        "success_text": {
            "unscathed_common": "p_l, sure that it is a sign of StarClan, follows the faint wailing. Instead {PRONOUN/p_l/subject} {VERB/p_l/find/finds} a queen who lost their life in a harsh kitting, their newborn kits clinging to a body that will never move again. p_l hesitates, but wraps {PRONOUN/p_l/self} around the kits and orders r_c back to the camp to fetch help. {PRONOUN/p_l/subject/CAP} {VERB/p_l/are/is} going to have to argue to keep them.",
            "unscathed_rare": "p_l and {PRONOUN/p_l/poss} patrol come across a litter of frantically mewling kits desperately trying to wake up their dead parent. Unsure but not willing for them to die they bring the kits back to the Clan to be raised as one of them."
        },
        "fail_text": {
            "unscathed_common": "p_l sees the body of an unknown queen with their kits beside them, slowly cooling in the morning breeze. {PRONOUN/p_l/subject/CAP} {VERB/p_l/are/is} filled with an unexpected sense of grief and p_l and the rest of the patrol take the time to carry and bury them outside their borders."
        },
        "min_cats": 2,
        "max_cats": 6,
        "antagonize_text": "p_l hisses at StarClan for the sign, refusing to follow it to its source, and what might have been.",
        "antagonize_fail_text": "p_l begrudgingly follows the sound, only to find the bodies of an unknown queen and their kits beside them. If p_l had been quicker... Whatever the case, {PRONOUN/p_l/subject} {VERB/p_l/return/returns} home, {PRONOUN/p_l/poss} mind clouded."
    },
    {
        "patrol_id": "gen_med_rescue7",
        "biome": "Any",
        "season": "Any",
        "tags": [
            "herb_gathering",
            "med_cat",
            "med_only",
            "no_app",
            "new_cat_warrior_litter1_litter0_litternewborn",
            "no_change_fail_rep"
        ],
        "intro_text": "While searching for some specific herbs p_l is startled by weird sounds and whispers on the wind.",
        "decline_text": "Unnerved and unable to discern if it is a sign from StarClan or nothing, {PRONOUN/p_l/subject} {VERB/p_l/go/goes} back to c_n to ask for help and guidance.",
        "chance_of_success": 45,
        "exp": 10,
        "success_text": {
            "unscathed_common": "The sounds die away and then start up again in strange, unpredictable intervals. Investigating, p_l suddenly finds {PRONOUN/p_l/self} nose to nose with a panting, bleeding queen, one desperately trying to keep their newborn litter quiet. p_l brings the queen back to camp, where the Clan, suspicious but obedient to the code, takes them in.",
            "unscathed_rare": "p_l sees a worn and weary queen protecting their mewling litter. Not happy but unwilling and unable to go against {PRONOUN/p_l/poss} beloved code they take them back to camp."
        },
        "fail_text": {
            "unscathed_common": "p_l sees the body of an unknown queen with their kits beside them, slowly cooling in the morning breeze. {PRONOUN/p_l/subject/CAP} {VERB/p_l/are/is} filled with an unexpected sense of grief and take the time to carry and bury them outside their borders."
        },
        "min_cats": 1,
        "max_cats": 1,
        "antagonize_text": "p_l hisses at StarClan for the sign, refusing to follow it to its source, and what might have been.",
        "antagonize_fail_text": "p_l begrudgingly follows the sound, only to find the bodies of an unknown queen and their kits beside them. If p_l had been quicker... Whatever the case, {PRONOUN/p_l/subject} {VERB/p_l/return/returns} home, {PRONOUN/p_l/poss} mind clouded."
    },
    {
        "patrol_id": "gen_med_rescue8",
        "biome": "Any",
        "season": "Any",
        "tags": [
            "herb_gathering",
            "med_cat",
            "med_only",
            "no_app",
            "new_cat_warrior_litter1_litter0_dead_outside_litternewborn_orphaned1_orphaned2",
            "no_change_fail_rep"
        ],
        "intro_text": "While searching for some specific herbs p_l is startled by weird sounds and whispers on the wind.",
        "decline_text": "Unnerved and unable to discern if it is a sign from StarClan or nothing, {PRONOUN/p_l/subject} {VERB/p_l/go/goes} back to c_n to ask for help and guidance.",
        "chance_of_success": 45,
        "exp": 10,
        "success_text": {
            "unscathed_common": "p_l, sure that it is a sign of StarClan, follows the faint wailing. Instead {PRONOUN/p_l/subject} {VERB/p_l/find/finds} a queen who lost their life in a harsh kitting, their newborn kits clinging to a body that will never move again. p_l hesitates, but wraps {PRONOUN/p_l/self} around the kits. {PRONOUN/p_l/subject/CAP} {VERB/p_l/are/is} going to have to argue to keep them.",
            "unscathed_rare": "p_l comes across a litter of frantically mewling kits desperately trying to wake up their dead parent. Unsure but not willing for them to die {PRONOUN/p_l/subject} {VERB/p_l/bring/brings} the kits back to the Clan to be raised as one of them."
        },
        "fail_text": {
            "unscathed_common": "p_l sees the body of an unknown queen with their kits beside them, slowly cooling in the morning breeze. {PRONOUN/p_l/subject} {VERB/p_l/are/is} filled with an unexpected sense of grief and take the time to carry and bury them outside their borders."
        },
        "min_cats": 1,
        "max_cats": 1,
        "antagonize_text": "p_l hisses at StarClan for the sign, refusing to follow it to its source, and what might have been.",
        "antagonize_fail_text": "p_l begrudgingly follows the sound, only to find the bodies of an unknown queen and their kits beside them. If p_l had been quicker... Whatever the case, {PRONOUN/p_l/subject} {VERB/p_l/return/returns} home, {PRONOUN/p_l/poss} mind clouded."
    },
    {
        "patrol_id": "gen_med_rescuesoloapp_hostile1",
        "biome": "Any",
        "season": "Any",
        "tags": [
            "herb_gathering",
            "med_only",
            "apprentice",
            "new_cat_warrior_litter1_litter0_litternewborn",
            "no_change_fail_rep"
        ],
        "intro_text": "While searching for some specific herbs, p_l is startled by weird sounds and whispers on the wind.",
        "decline_text": "Unnerved and unable to discern if it is a sign from StarClan or nothing, {PRONOUN/p_l/subject} {VERB/p_l/go/goes} back to c_n to ask for help and guidance.",
        "chance_of_success": 45,
        "exp": 10,
        "success_text": {
            "unscathed_common": "The sounds die away and then start up again in strange, unpredictable intervals. Investigating, p_l suddenly finds {PRONOUN/p_l/self} nose to nose with a panting, bleeding queen, one desperately trying to keep their newborn litter quiet. {PRONOUN/p_l/subject/CAP} {VERB/p_l/watch/watches} uncertainly, but when the queen begs for help {PRONOUN/p_l/subject} can't refuse.",
            "unscathed_rare": "p_l follows the strange sounds on the wind and finds a struggling queen with their newborn kits clinging to them. Panicking, {PRONOUN/p_l/subject} {VERB/p_l/run/runs} for home. It alerts c_n to the problem, and begrudgingly they take the queen and kits in."
        },
        "fail_text": {
            "unscathed_common": "p_l sees the body of an unknown queen with their kits beside them, slowly cooling in the morning breeze. {PRONOUN/p_l/subject/CAP} {VERB/p_l/are/is} filled with an unexpected sense of grief and take the time to carry and bury them outside their borders."
        },
        "min_cats": 1,
        "max_cats": 1,
        "antagonize_text": "p_l hisses at StarClan for the sign, refusing to follow it to its source, and what might have been.",
        "antagonize_fail_text": "p_l begrudgingly follows the sound, only to find the bodies of an unknown queen and their kits beside them. If p_l had been quicker... Whatever the case, {PRONOUN/p_l/subject} {VERB/p_l/return/returns} home, {PRONOUN/p_l/poss} mind clouded."
    },
    {
        "patrol_id": "gen_med_rescuesoloapp_hostile2",
        "biome": "Any",
        "season": "Any",
        "tags": [
            "herb_gathering",
            "med_only",
            "apprentice",
            "new_cat_warrior_litter1_litter0_dead_outside_litternewborn_orphaned1_orphaned2",
            "no_change_fail_rep"
        ],
        "intro_text": "While searching for some specific herbs, p_l is startled by weird sounds and whispers on the wind.",
        "decline_text": "Unnerved and unable to discern if it is a sign from StarClan or nothing, {PRONOUN/p_l/subject} {VERB/p_l/go/goes} back to c_n to ask for help and guidance.",
        "chance_of_success": 45,
        "exp": 10,
        "success_text": {
            "unscathed_common": "p_l comes across a litter of frantically mewling kits desperately trying to wake up their dead parent. Unsure but not willing for them to die {PRONOUN/p_l/subject} {VERB/p_l/bring/brings} the kits back to the Clan to be raised as one of them.",
            "unscathed_rare": "It takes ages for p_l to pinpoint the sounds. Eventually {PRONOUN/p_l/subject} {VERB/p_l/uncover/uncovers} the hidden birthing nest of a dead, cold queen, their newborn kits by their side. It's against everything p_l has been told about outsiders, but {PRONOUN/p_l/subject} can't leave the kittens to die."
        },
        "fail_text": {
            "unscathed_common": "p_l sees the body of an unknown queen with their kits beside them, slowly cooling in the morning breeze. {PRONOUN/p_l/subject/CAP} {VERB/p_l/are/is} filled with an unexpected sense of grief and take the time to carry and bury them outside their borders."
        },
        "min_cats": 1,
        "max_cats": 1,
        "antagonize_text": "p_l hisses at StarClan for the sign, refusing to follow it to its source, and what might have been.",
        "antagonize_fail_text": "p_l begrudgingly follows the sound, only to find the bodies of an unknown queen and their kits beside them. If p_l had been quicker... Whatever the case, {PRONOUN/p_l/subject} {VERB/p_l/return/returns} home, {PRONOUN/p_l/poss} mind clouded."
    },
    {
        "patrol_id": "mnt_hunt_newcat_leaf-barecatcryhostile1",
        "biome": "mountainous",
        "season": "leaf-bare",
        "tags": [
            "hunting",
            "new_cat_kittypet_injury",
            "nc_cold_injury",
            "apprentice"
        ],
        "intro_text": "It's a cold day in c_n's territory, and app1 is the only cat stepping out. {PRONOUN/app1/subject/CAP}{VERB/app1/'re/'s} by {PRONOUN/app1/self} when {PRONOUN/app1/subject} {VERB/app1/hear/hears} a cat screaming for help.",
        "decline_text": "Nope, not today, there's no way app1 is running after ghost cats, no thank you.",
        "chance_of_success": 30,
        "exp": 20,
        "success_text": {
            "unscathed_common": "It's probably dangerous. But curiosity leads app1 on, where {PRONOUN/app1/subject} carefully {VERB/app1/peek/peeks} over a ridge as the source of the cries. A pampered helpless kittypet runs back and forth over the Thunderpath, pleading fearfully for Twolegs, again and again and again. It isn't until their voice has gone hoarse and scratchy that app1 leaps out to surprise them - those Twolegs aren't coming back, and the kittypet can either follow app1, or freeze.",
            "unscathed_rare": "StarClan, but the cat {PRONOUN/app1/subject} {VERB/app1/find/finds} is weird, their fur soft and thin, their cries desperate as they call in confusion. app1 watches until {PRONOUN/app1/poss} paws are cold and uncomfortable, crouched behind cover, but the dumb outsider doesn't even try to steal prey, they just wail for help, quieter and quieter as they begin to lose their voice. Finally, app1 can't take it anyone - striding out, {PRONOUN/app1/subject} {VERB/app1/tell/tells} the cat to follow {PRONOUN/app1/object}, the Leader will know what to do with this.",
            "stat_trait": "app1 follows the sad cries to find a kittypet, lost and alone and cold. {PRONOUN/app1/subject/CAP} {VERB/app1/watch/watches} from under a rock overhang, but no, actually the kittypet is <i>that stupid</i> and it really seems likely they'll freeze to death if app1 doesn't do something. Ugh. Fine, well app1 can bring them back to camp, and then it's the Leader's problem to deal with, not app1's."
        },
        "fail_text": {
            "unscathed_common": "The cat seems to be moving all over the place, and finally, app1 gives up and goes home, too tired to catch more than a mouthful.",
            "unscathed_stat": "s_c calls out to the cat, only to be met with raucous cawing. {VERB/s_c/Are/Is} {PRONOUN/s_c/subject} being laughed at? {PRONOUN/s_c/subject/CAP} {VERB/s_c/decide/decides} to slink off, leaving it be."
        },
        "win_skills": [],
        "win_trait": [
            "adventurous",
            "playful",
            "strange",
            "childish",
            "shameless"
        ],
        "fail_skills": [],
        "fail_trait": [
            "troublesome",
            "bold",
            "daring",
            "ambitious"
        ],
        "min_cats": 1,
        "max_cats": 1,
        "antagonize_text": "app1 screams that this is c_n's territory and there's no help for anyone else. A kittypet runs from {PRONOUN/app1/object}, terrified of the echoing voice.",
        "antagonize_fail_text": "app1 charges after the sound to attack the cat, only for a kittypet to bowl {PRONOUN/app1/object} right over as the terrified Twoleg pet, fully grown and fat, runs app1 over in their haste to get away."
    }
]