[
    {
        "camp": "any",
        "tags": [
            "Newleaf",
            "Greenleaf",
            "Leaf-fall",
            "Leaf-bare",
            "no_body"
        ],
        "death_text": "m_c fell into a sinkhole and was never seen again.",
        "history_text": {
            "reg_death": "m_c fell into a sinkhole."
        },
        "cat_trait": null,
        "cat_skill": null,
        "other_cat_trait": null,
        "other_cat_skill": null
    },
    {
        "camp": "any",
        "tags": [
            "Newleaf",
            "Greenleaf",
            "Leaf-fall",
            "Leaf-bare"
        ],
        "death_text": "m_c fell into a hidden burrow and was buried alive.",
        "history_text": {
            "reg_death": "m_c fell into a hidden burrow."
        },
        "cat_trait": null,
        "cat_skill": null,
        "other_cat_trait": null,
        "other_cat_skill": null
    },
    {
        "camp": "any",
        "tags": [
            "Newleaf",
            "Greenleaf",
            "Leaf-fall",
            "Leaf-bare"
        ],
        "death_text": "m_c was buried alive when a burrow collapsed on {PRONOUN/m_c/object}.",
        "history_text": {
            "reg_death": "m_c was buried alive when a burrow collapsed."
        },
        "cat_trait": null,
        "cat_skill": null,
        "other_cat_trait": null,
        "other_cat_skill": null
    },
    {
        "camp": "any",
        "tags": [
            "Greenleaf",
            "classic"
        ],
        "death_text": "m_c died from dehydration and heat stroke.",
        "history_text": {
            "reg_death": "m_c died of dehydration and heat stroke."
        },
        "cat_trait": null,
        "cat_skill": null,
        "other_cat_trait": null,
        "other_cat_skill": null
    },
    {
        "camp": "any",
        "tags": [
            "Leaf-bare"
        ],
        "death_text": "m_c froze to death during a harsh snowstorm.",
        "history_text": {
            "reg_death": "m_c froze to death."
        },
        "cat_trait": null,
        "cat_skill": null,
        "other_cat_trait": null,
        "other_cat_skill": null
    },
    {
        "camp": "any",
        "tags": [
            "Leaf-bare"
        ],
        "death_text": "m_c was found dead and cold in the snow.",
        "history_text": {
            "reg_death": "m_c froze to death."
        },
        "cat_trait": null,
        "cat_skill": null,
        "other_cat_trait": null,
        "other_cat_skill": null
    },
    {
        "camp": "any",
        "tags": [
            "Leaf-bare"
        ],
        "death_text": "m_c was walking on the ice, when it cracked and {PRONOUN/m_c/subject} fell in.",
        "history_text": {
            "reg_death": "m_c froze to death after falling through ice."
        },
        "cat_trait": null,
        "cat_skill": null,
        "other_cat_trait": null,
        "other_cat_skill": null
    },
    {
        "camp": "any",
        "tags": [
            "Newleaf",
            "Greenleaf",
            "Leaf-fall",
            "Leaf-bare",
            "war"
        ],
        "death_text": "m_c was sealed into a cramped rabbit burrow by o_c warriors. {PRONOUN/m_c/subject/CAP} didn't make it out alive.",
        "history_text": {
            "reg_death": "m_c suffocated underground.",
            "lead_death": "was suffocated underground."
        }
    }
]