{
  "announcement": [
    "m_c announced that they are trying to invite younger kits to play."
  ],
  "litter_guess": [
    "m_c thinks {PRONOUN/m_c/subject}'ll convince a few kits.",
    "m_c thinks {PRONOUN/m_c/subject}'ll convince a lot of kits.",
    "m_c is unsure how many kits {PRONOUN/m_c/subject}'ll convince."
  ],


  "major_severity": [
    " {PRONOUN/m_c/subject/CAP} {VERB/m_c/decide/decides} to move into the nursery to make convincing younger kits to play easier."
    
  ],
  "minor_severity": [
    " {PRONOUN/m_c/subject/CAP} continues to play while convincing new playmates.",
    " {PRONOUN/m_c/subject/CAP} {VERB/m_c/choose/chooses} to continue {PRONOUN/m_c/poss} playing while they invite new friends."
  ],
  "comment": [
    "both the minor and major severity strings will appear in conjunction with either a litter guess or an announcement. Write them accordingly!",
    "They should also start with a space in order to ensure there is a space between the announcement/litter sentence and the severity sentence."],


  "birth": {
    "unmated_parent": [
      "m_c brought a {insert}, but refused to talk about where they invited them from.",
      "m_c secretly brought a new playmate.",
      "m_c brought a new {insert} to join the game.",
      "m_c doesn't feel ready to pretend to be a parent of this {insert}. But {PRONOUN/m_c/subject} {VERB/m_c/promise/promises} to the tiny flailing limbs by {PRONOUN/m_c/poss} side that {PRONOUN/m_c/subject}'ll do {PRONOUN/m_c/poss} best, {PRONOUN/m_c/subject} {VERB/m_c/swear/swears} on StarClan itself.",
      "No one knows where m_c has found {insert} but {PRONOUN/m_c/subject} {VERB/m_c/seem/seems} very happy watching over {PRONOUN/m_c/poss} little offspring in the nursery.",
      "Whenever someone asks whether m_c will be alright raising {PRONOUN/m_c/poss} {insert} alone, {PRONOUN/m_c/subject} just {VERB/m_c/smile/smiles}, and reply that everything is going to work out fine.",
      "A {insert}! m_c welcomes them to play happily."
    ],
    "two_parents": [
      "m_c pretends to have a {insert} with r_c.",
      "In the nursery, m_c lies playing with a {insert}, r_c watching over them and pretending to be the other parent.",
      "In the quiet of the nursery, in the nest they've spent so long preparing, m_c and r_c welcome a {insert}.",
      "Even with r_c by {PRONOUN/m_c/poss} side, m_c doesn't feel ready to be a parent of this {insert}. But {PRONOUN/m_c/subject} {VERB/m_c/promise/promises} to the tiny flailing limbs by {PRONOUN/m_c/poss} side that {PRONOUN/m_c/subject}'ll do {PRONOUN/m_c/poss} best, {PRONOUN/m_c/subject} {VERB/m_c/swear/swears} on StarClan itself.",
      "r_c has been waiting eagerly to convince a kit to play. At m_c's invitation, {PRONOUN/r_c/subject} {VERB/r_c/crawl/crawls} into the nursery, purring and joining m_c in licking the new playmate clean.",
      "r_c has been impatient for the end of m_c's pregnancy, and when {PRONOUN/r_c/subject} {VERB/r_c/hear/hears} m_c has gone into labor, {PRONOUN/r_c/subject} {VERB/r_c/drop/drops} what {PRONOUN/r_c/subject}{VERB/r_c/'re/'s} doing and {VERB/r_c/sprint/sprints} for the nursery, where m_c is bringing a {insert} into the world.",
      "m_c is so, so grateful that {PRONOUN/m_c/poss} adorable {insert} is here - both thrilled to meet them, and thrilled that r_c can take a turn parenting while m_c finally takes a little break from the stuffy air of the nursery.",
      "m_c and r_c were so busy worrying about and looking forward to the birth that it's only now that they look at their {insert}, and wonder what to name them.",
      "Purring with r_c against {PRONOUN/m_c/poss} back, m_c feels like {PRONOUN/m_c/subject}{VERB/m_c/'re/'s} going to explode with love, looking at {PRONOUN/m_c/poss} tiny new {insert}."
                               
    ],
    "dead_mate": [
      "m_c looks at {PRONOUN/m_c/poss} {insert}, choking on both a purr and a wail. How are {PRONOUN/m_c/subject} supposed to do this without r_c?",
      "m_c sobs and pushes {PRONOUN/m_c/poss} new {insert} away from {PRONOUN/m_c/object}. They look far too much like r_c for m_c to stand the sight of them.",
      "m_c purrs sadly over the tiny {insert} StarClan has blessed {PRONOUN/m_c/object} with. {PRONOUN/m_c/subject/CAP} {VERB/m_c/see/sees} r_c in their little pawpads, in their ears and eyes and mews.",
      "Cats call out, but m_c can't be convinced to go back to the nursery. Not with the new {insert} made from {PRONOUN/m_c/object} and r_c there, taunting m_c with what should have been.",
      "Looking down at r_c's last gift to {PRONOUN/m_c/object}, m_c vows to protect {PRONOUN/m_c/poss} new {insert}.",
      "It's so hard, so very, very, nearly insurmountably hard doing this without {PRONOUN/m_c/poss} mate, but m_c wouldn't change it for the world. This {insert} is the last piece of r_c {PRONOUN/m_c/subject} {VERB/m_c/have/has}."

    ],
    "both_unmated": [
      "m_c gave birth to a {insert} with r_c, and is looking forward to co-parenting.",
      "r_c sheepishly peeks into the nursery to see {PRONOUN/r_c/poss} {insert}. m_c looks surprised, but not unhappy, to see {PRONOUN/r_c/object} there, and welcomes {PRONOUN/r_c/object} in with a purr.",
      "m_c purrs loudly as r_c grooms {PRONOUN/m_c/poss} pelt. As their new {insert} squirms around m_c's belly, the two cats think about their new responsibilities together.",
      "m_c gazes lovingly at {PRONOUN/m_c/poss} new {insert}. r_c looks nervous and awkward in the nursery, but m_c calls {PRONOUN/r_c/object} forward to meet the litter."
    ],
    "affair": [
      "m_c secretly had a {insert} with r_c.",
      "m_c hopes that {PRONOUN/m_c/poss} {insert} doesn't look too much like r_c, otherwise questions might follow.",
      "r_c goes to visit m_c in the nursery with {PRONOUN/m_c/poss} new {insert}, on a completely innocent mission to deliver food to the new parent.",
      "The newly arrived {insert} that m_c has just invited to the game looks suspiciously like r_c. "
    ],
    "death": [
      "m_c pretends to be dead for dramatic effect, {insert} pretends to cry"
    ],
    "difficult_birth": [
      "it was hard to convince {insert} to come play",
      "m_c struggled to convince insert to play with them",
      "m_c managed to somehow convince the stubborn {insert} to play"
    ],
	"outside_alone": [
		"Rumors reach the Clan that m_c invited a {insert}."
	],
	"outside_in_clan":[
		"r_c heard a rumor that m_c made new friends.",
		"r_c thinks that m_c should have made friends."
	],
	"outside_death": [
		"Some say m_c didn't make it.",
		"Some say m_c would have needed a medicine cat to survive."
	]
  }
}
