[
    {
        "camp": "any",
        "tags": [
            "other_cat",
            "other_cat_warrior",
            "murder",
            "revealed",
            "Newleaf",
            "Greenleaf",
            "Leaf-fall",
            "Leaf-bare",
            "rc_to_mc",
            "dislike",
            "neg_platonic",
            "jealousy"
        ],
        "death_text": "m_c was murdered by r_c in cold blood, with the hope of taking {PRONOUN/m_c/poss} place.",
        "history_text": {
            "reg_death": "m_c was murdered by r_c.",
            "reg_murder_unrevealed": "m_c was murdered by an unknown killer."
        },
        "cat_trait": null,
        "cat_skill": null,
        "other_cat_trait": [
            "ambitious",
            "cold",
            "righteous",
            "loyal",
            "vengeful",
            "sneaky",
            "bloodthirsty"
        ],
        "other_cat_skill": [
            "FIGHTER,2"
        ],
        "cat_negate_skill": [
            "FIGHTER,2"
        ]
    },
    {
        "camp": "any",
        "tags": [
            "other_cat",
            "other_cat_warrior",
            "murder",
            "revealed",
            "Newleaf",
            "Greenleaf",
            "Leaf-fall",
            "Leaf-bare",
            "rc_to_mc",
            "dislike",
            "neg_platonic",
            "jealousy"
        ],
        "death_text": "m_c was murdered by r_c in cold blood. r_c staged the death as an accident, and hopes to take {PRONOUN/m_c/poss} place.",
        "history_text": {
            "reg_death": "m_c was secretly murdered by r_c.",
            "reg_murder_unrevealed": "m_c was murdered by an unknown killer."
        },
        "cat_trait": null,
        "cat_skill": null,
        "other_cat_trait": [
            "ambitious",
            "cold",
            "righteous",
            "loyal",
            "vengeful",
            "sneaky"
        ],
        "other_cat_skill": [
            "CLEVER,2"
        ],
        "cat_negate_skill": [
            "FIGHTER,2"
        ]
    }
]
