[
    {
        "camp": "any",
        "tags": [
            "Newleaf",
            "Greenleaf",
            "Leaf-fall"
        ],
        "death_text": "Lightning struck in camp, and m_c lost a life.",
        "history_text": {
            "lead_death": "{VERB/m_c/were/was} struck by lightning"
        }
    },
    {
        "camp": "any",
        "tags": [
            "Newleaf",
            "Greenleaf",
            "Leaf-fall",
            "Leaf-bare"
        ],
        "death_text": "m_c was mortally wounded by a fox, and lost a life.",
        "history_text": {
            "lead_death": "{VERB/m_c/were/was} wounded by a fox"
        },
        "cat_negate_skill": [
            "FIGHTER,2"
        ]
    },
    {
        "camp": "any",
        "tags": [
            "Newleaf",
            "Greenleaf",
            "Leaf-fall",
            "Leaf-bare"
        ],
        "death_text": "m_c lost a life to a dog.",
        "history_text": {
            "lead_death": "{VERB/m_c/were/was} mauled by a dog"
        },
        "cat_negate_skill": [
            "FIGHTER,2"
        ]
    },
    {
        "camp": "any",
        "tags": [
            "Newleaf",
            "Greenleaf",
            "Leaf-fall",
            "Leaf-bare"
        ],
        "death_text": "m_c lost a life to a badger.",
        "history_text": {
            "lead_death": "{VERB/m_c/were/was} killed by a badger"
        },
        "cat_negate_skill": [
            "FIGHTER,2"
        ]
    },
    {
        "camp": "any",
        "tags": [
            "Newleaf",
            "Greenleaf",
            "Leaf-fall",
            "Leaf-bare"
        ],
        "death_text": "m_c lost a life while fighting off a rogue.",
        "history_text": {
            "lead_death": "fought a rogue"
        },
        "cat_negate_skill": [
            "FIGHTER,2"
        ]
    },
    {
        "camp": "any",
        "tags": [
            "Newleaf",
            "Greenleaf",
            "Leaf-fall",
            "Leaf-bare"
        ],
        "death_text": "m_c was bit by a venomous spider, and lost a life.",
        "history_text": {
            "lead_death": "{VERB/m_c/were/was} bit by a venomous spider"
        }
    },
    {
        "camp": "any",
        "tags": [
            "Newleaf",
            "Greenleaf",
            "Leaf-fall",
            "Leaf-bare"
        ],
        "death_text": "m_c was bit by a venomous snake, and lost a life.",
        "history_text": {
            "lead_death": "{VERB/m_c/were/was} bit by a venomous snake"
        }
    },
    {
        "camp": "any",
        "tags": [
            "Newleaf",
            "Greenleaf",
            "Leaf-fall",
            "Leaf-bare"
        ],
        "death_text": "m_c ate tainted fresh-kill, and lost a life.",
        "history_text": {
            "lead_death": "ate tainted fresh-kill"
        }
    },
    {
        "camp": "any",
        "tags": [
            "Newleaf",
            "Greenleaf",
            "Leaf-fall",
            "Leaf-bare"
        ],
        "death_text": "m_c failed to interpret a warning sign from StarClan, and lost a life as a result.",
        "history_text": {
            "lead_death": "failed to interpret a warning from StarClan"
        },
        "cat_negate_skill": [
            "CLEVER,2",
            "STAR,2"
        ]
    },
    {
        "camp": "any",
        "tags": [
            "other_cat",
            "Newleaf",
            "Greenleaf",
            "Leaf-fall",
            "Leaf-bare",
            "rc_to_mc",
            "platonic",
            "trust",
            "respect",
            "neg_dislike",
            "comfort"
        ],
        "death_text": "m_c lost a life defending r_c from a dog.",
        "history_text": {
            "lead_death": "defended r_c from a dog"
        },
        "cat_trait": [
            "altruistic",
            "bold",
            "bloodthirsty",
            "ambitious",
            "daring",
            "confident",
            "fierce",
            "loyal",
            "loving",
            "empathetic",
            "responsible",
            "righteous",
            "vengeful"
        ],
        "cat_negate_skill": [
            "FIGHTER,2"
        ]
    },
    {
        "camp": "any",
        "tags": [
            "other_cat",
            "Newleaf",
            "Greenleaf",
            "Leaf-fall",
            "Leaf-bare",
            "rc_to_mc",
            "platonic",
            "trust",
            "respect",
            "neg_dislike",
            "comfort"
        ],
        "death_text": "m_c lost a life defending r_c from a badger.",
        "history_text": {
            "lead_death": "defended r_c from a badger"
        },
        "cat_trait": [
            "altruistic",
            "bold",
            "bloodthirsty",
            "ambitious",
            "daring",
            "confident",
            "fierce",
            "loyal",
            "loving",
            "empathetic",
            "responsible",
            "righteous",
            "vengeful"
        ],
        "cat_negate_skill": [
            "FIGHTER,3"
        ]
    },
    {
        "camp": "any",
        "tags": [
            "other_cat",
            "Newleaf",
            "Greenleaf",
            "Leaf-fall",
            "Leaf-bare",
            "rc_to_mc",
            "platonic",
            "trust",
            "respect",
            "neg_dislike",
            "comfort"
        ],
        "death_text": "m_c lost a life defending r_c from a fox.",
        "history_text": {
            "lead_death": "defended r_c from a fox"
        },
        "cat_trait": [
            "altruistic",
            "bold",
            "bloodthirsty",
            "ambitious",
            "daring",
            "confident",
            "fierce",
            "loyal",
            "loving",
            "empathetic",
            "responsible",
            "righteous",
            "vengeful"
        ],
        "cat_negate_skill": [
            "FIGHTER,2"
        ]
    },
    {
        "camp": "any",
        "tags": [
            "other_cat",
            "Newleaf",
            "Greenleaf",
            "Leaf-fall",
            "Leaf-bare",
            "rc_to_mc",
            "platonic",
            "trust",
            "respect",
            "neg_dislike",
            "comfort"
        ],
        "death_text": "m_c lost a life saving r_c from drowning.",
        "history_text": {
            "lead_death": "saved r_c from drowning"
        },
        "cat_trait": [
            "altruistic",
            "bold",
            "compassionate",
            "ambitious",
            "daring",
            "confident",
            "fierce",
            "loyal",
            "loving",
            "empathetic",
            "responsible"
        ]
    },
    {
        "camp": "any",
        "tags": [
            "other_cat",
            "Newleaf",
            "Greenleaf",
            "Leaf-fall",
            "Leaf-bare",
            "rc_to_mc",
            "platonic",
            "trust",
            "respect",
            "neg_dislike",
            "comfort"
        ],
        "death_text": "m_c lost a life saving r_c from a monster.",
        "history_text": {
            "lead_death": "saved r_c from a monster"
        },
        "cat_trait": [
            "altruistic",
            "bold",
            "ambitious",
            "compassionate",
            "daring",
            "confident",
            "fierce",
            "loyal",
            "loving",
            "empathetic",
            "responsible"
        ]
    },
    {
        "camp": "any",
        "tags": [
            "other_cat",
            "Newleaf",
            "Greenleaf",
            "Leaf-fall",
            "Leaf-bare",
            "rc_to_mc",
            "platonic",
            "trust",
            "respect",
            "neg_dislike",
            "comfort"
        ],
        "death_text": "m_c lost a life saving r_c from a snake.",
        "history_text": {
            "lead_death": "saved r_c from a snake"
        },
        "cat_trait": [
            "altruistic",
            "bold",
            "ambitious",
            "compassionate",
            "daring",
            "confident",
            "fierce",
            "loyal",
            "loving",
            "empathetic",
            "responsible",
            "righteous",
            "vengeful"
        ]
    },
    {
        "camp": "any",
        "tags": [
            "other_clan",
            "hostile",
            "war",
            "rel_down",
            "clan_kits",
            "Newleaf",
            "Greenleaf",
            "Leaf-fall",
            "Leaf-bare"
        ],
        "death_text": "m_c lost a life defending the kits from o_c warriors.",
        "history_text": {
            "lead_death": "defended the kits from o_c warriors"
        },
        "cat_trait": [
            "altruistic",
            "bold",
            "bloodthirsty",
            "ambitious",
            "compassionate",
            "daring",
            "confident",
            "fierce",
            "loyal",
            "loving",
            "empathetic",
            "responsible",
            "righteous",
            "vengeful"
        ],
        "cat_negate_skill": [
            "FIGHTER,3"
        ]
    },
    {
        "camp": "any",
        "tags": [
            "other_clan",
            "hostile",
            "neutral",
            "rel_down",
            "other_cat",
            "Newleaf",
            "Greenleaf",
            "Leaf-fall",
            "Leaf-bare",
            "rc_to_mc",
            "platonic",
            "trust",
            "respect",
            "neg_dislike",
            "comfort"
        ],
        "death_text": "m_c lost a life defending r_c from o_c warriors.",
        "history_text": {
            "lead_death": "defended r_c from o_c warriors"
        },
        "cat_trait": [
            "altruistic",
            "bold",
            "bloodthirsty",
            "ambitious",
            "compassionate",
            "daring",
            "confident",
            "fierce",
            "loyal",
            "loving",
            "empathetic",
            "responsible",
            "righteous",
            "vengeful"
        ],
        "cat_negate_skill": [
            "FIGHTER,3"
        ]
    },
    {
        "camp": "any",
        "tags": [
            "other_clan",
            "hostile",
            "neutral",
            "rel_down",
            "Newleaf",
            "Greenleaf",
            "Leaf-fall",
            "Leaf-bare"
        ],
        "death_text": "m_c lost a life to an apprentice from o_c.",
        "history_text": {
            "lead_death": "fought an apprentice from o_c"
        },
        "cat_negate_skill": [
            "FIGHTER,1"
        ]
    },
    {
        "camp": "any",
        "tags": [
            "other_clan",
            "neutral",
            "ally",
            "rel_up",
            "Newleaf",
            "Greenleaf",
            "Leaf-fall",
            "Leaf-bare"
        ],
        "death_text": "m_c lost a life trying to save an apprentice from o_c.",
        "history_text": {
            "lead_death": "saved an apprentice from o_c"
        },
        "cat_trait": [
            "altruistic",
            "bold",
            "compassionate",
            "confident",
            "daring",
            "empathetic",
            "fierce",
            "loving",
            "responsible",
            "strange",
            "wise"
        ],
        "cat_negate_skill": [
            "FIGHTER,2"
        ]
    },
    {
        "camp": "any",
        "tags": [
            "other_clan",
            "hostile",
            "neutral",
            "rel_down",
            "Newleaf",
            "Greenleaf",
            "Leaf-fall",
            "Leaf-bare"
        ],
        "death_text": "m_c lost a life to a warrior from o_c.",
        "history_text": {
            "lead_death": "fought a warrior from o_c"
        },
        "cat_negate_skill": [
            "FIGHTER,2"
        ]
    },
    {
        "camp": "any",
        "tags": [
            "other_clan",
            "ally",
            "neutral",
            "rel_up",
            "Newleaf",
            "Greenleaf",
            "Leaf-fall",
            "Leaf-bare"
        ],
        "death_text": "m_c lost a life trying to save a warrior from o_c.",
        "history_text": {
            "lead_death": "saved a warrior from o_c"
        },
        "cat_trait": [
            "altruistic",
            "bold",
            "compassionate",
            "confident",
            "daring",
            "empathetic",
            "fierce",
            "loving",
            "responsible",
            "strange",
            "wise"
        ],
        "cat_negate_skill": [
            "FIGHTER,2"
        ]
    },
    {
        "camp": "any",
        "tags": [
            "other_clan",
            "hostile",
            "neutral",
            "rel_down",
            "Newleaf",
            "Greenleaf",
            "Leaf-fall",
            "Leaf-bare"
        ],
        "death_text": "m_c lost a life to the leader of o_c.",
        "history_text": {
            "lead_death": "fought the o_c leader"
        },
        "cat_negate_skill": [
            "FIGHTER,3"
        ]
    },
    {
        "camp": "any",
        "tags": [
            "other_clan",
            "ally",
            "neutral",
            "rel_up",
            "Newleaf",
            "Greenleaf",
            "Leaf-fall",
            "Leaf-bare"
        ],
        "death_text": "m_c lost a life trying to save the leader of o_c.",
        "history_text": {
            "lead_death": "saved the o_c leader"
        },
        "cat_trait": [
            "altruistic",
            "bold",
            "compassionate",
            "confident",
            "daring",
            "empathetic",
            "fierce",
            "loving",
            "responsible",
            "strange",
            "wise"
        ],
        "cat_negate_skill": [
            "FIGHTER,2"
        ]
    },
    {
        "camp": "any",
        "tags": [
            "other_clan",
            "hostile",
            "neutral",
            "rel_down",
            "Newleaf",
            "Greenleaf",
            "Leaf-fall",
            "Leaf-bare"
        ],
        "death_text": "m_c lost a life to the deputy of o_c.",
        "history_text": {
            "lead_death": "fought the o_c deputy"
        },
        "cat_negate_skill": [
            "FIGHTER,3"
        ]
    },
    {
        "camp": "any",
        "tags": [
            "other_clan",
            "ally",
            "neutral",
            "rel_up",
            "Newleaf",
            "Greenleaf",
            "Leaf-fall",
            "Leaf-bare"
        ],
        "death_text": "m_c lost a life trying to save the deputy of o_c.",
        "history_text": {
            "lead_death": "saved the o_c deputy"
        },
        "cat_trait": [
            "altruistic",
            "bold",
            "compassionate",
            "confident",
            "daring",
            "empathetic",
            "fierce",
            "loving",
            "responsible",
            "strange",
            "wise"
        ],
        "cat_negate_skill": [
            "FIGHTER,2"
        ]
    },
    {
        "camp": "any",
        "tags": [
            "old_age",
            "some_lives",
            "Newleaf",
            "Greenleaf",
            "Leaf-fall",
            "Leaf-bare"
        ],
        "death_text": "m_c lost some lives to {PRONOUN/m_c/poss} old age.",
        "history_text": {
            "lead_death": "succumbed to old age"
        }
    },
    {
        "camp": "any",
        "tags": [
            "old_age",
            "all_lives",
            "Newleaf",
            "Greenleaf",
            "Leaf-fall",
            "Leaf-bare"
        ],
        "death_text": "m_c's body just couldn't continue forward - {PRONOUN/m_c/subject}{VERB/m_c/'ve/'s} lost all of {PRONOUN/m_c/poss} remaining lives to old age.",
        "history_text": {
            "lead_death": "succumbed to old age"
        }
    },
    {
        "camp": "any",
        "tags": [
            "all_lives",
            "Newleaf",
            "Greenleaf",
            "Leaf-fall",
            "Leaf-bare"
        ],
        "death_text": "m_c was brutally attacked by a rogue, and lost all of {PRONOUN/m_c/poss} lives.",
        "history_text": {
            "lead_death": "{VERB/m_c/were/was} brutally attacked by a rogue"
        },
        "cat_negate_skill": [
            "FIGHTER,2"
        ]
    },
    {
        "camp": "any",
        "tags": [
            "all_lives",
            "Newleaf",
            "Greenleaf",
            "Leaf-fall",
            "Leaf-bare"
        ],
        "death_text": "m_c was mauled by dogs, and lost all of {PRONOUN/m_c/poss} lives.",
        "history_text": {
            "lead_death": "{VERB/m_c/were/was} mauled by dogs"
        },
        "cat_negate_skill": [
            "FIGHTER,2"
        ]
    },
    {
        "camp": "any",
        "tags": [
            "all_lives",
            "Newleaf",
            "Greenleaf",
            "Leaf-fall",
            "Leaf-bare",
            "no_body"
        ],
        "death_text": "m_c was burnt alive while trying to save {PRONOUN/m_c/poss} Clanmates from a fire.",
        "history_text": {
            "lead_death": "{VERB/m_c/were/was} killed in a fire trying to save {PRONOUN/m_c/poss} Clanmates"
        },
        "cat_trait": [
            "altruistic",
            "bold",
            "ambitious",
            "compassionate",
            "daring",
            "confident",
            "fierce",
            "loyal",
            "loving",
            "empathetic",
            "responsible"
        ]
    },
    {
        "camp": "any",
        "tags": [
            "all_lives",
            "hostile",
            "other_clan",
            "rel_down",
            "Newleaf",
            "Greenleaf",
            "Leaf-fall",
            "Leaf-bare"
        ],
        "death_text": "m_c was brutally murdered by a warrior from o_c, who cruelly took all {PRONOUN/m_c/poss} lives.",
        "history_text": {
            "lead_death": "{VERB/m_c/were/was} brutally murdered by a warrior from o_c"
        },
        "cat_negate_skill": [
            "FIGHTER,2"
        ]
    },
    {
        "camp": "any",
        "tags": [
            "all_lives",
            "hostile",
            "other_clan",
            "rel_down",
            "Newleaf",
            "Greenleaf",
            "Leaf-fall",
            "Leaf-bare"
        ],
        "death_text": "m_c was brutally murdered by the leader of o_c, who cruelly took all {PRONOUN/m_c/poss} lives.",
        "history_text": {
            "lead_death": "{VERB/m_c/were/was} brutally murdered by the leader of o_c"
        },
        "cat_negate_skill": [
            "FIGHTER,3"
        ]
    },
    {
        "camp": "any",
        "tags": [
            "all_lives",
            "other_clan",
            "hostile",
            "rel_down",
            "Newleaf",
            "Greenleaf",
            "Leaf-fall",
            "Leaf-bare"
        ],
        "death_text": "m_c was brutally murdered by the deputy of o_c, who cruelly took all {PRONOUN/m_c/poss} lives.",
        "history_text": {
            "lead_death": "{VERB/m_c/were/was} brutally murdered by the deputy of o_c"
        },
        "cat_negate_skill": [
            "FIGHTER,2"
        ]
    },
    {
        "camp": "any",
        "tags": [
            "classic",
            "Leaf-fall",
            "Leaf-bare"
        ],
        "death_text": "m_c lost a life to greencough.",
        "history_text": {
            "lead_death": "contracted greencough"
        }
    },
    {
        "camp": "any",
        "tags": [
            "classic",
            "some_lives",
            "Leaf-fall",
            "Leaf-bare"
        ],
        "death_text": "m_c caught greencough, and died more than once, despite the efforts of StarClan.",
        "history_text": {
            "lead_death": "contracted greencough"
        }
    },
    {
        "camp": "any",
        "tags": [
            "classic",
            "Leaf-fall",
            "Leaf-bare"
        ],
        "death_text": "m_c lost a life to whitecough.",
        "history_text": {
            "lead_death": "contracted whitecough"
        }
    },
    {
        "camp": "any",
        "tags": [
            "classic",
            "some_lives",
            "Leaf-fall",
            "Leaf-bare"
        ],
        "death_text": "m_c caught whitecough, and died more than once, despite the efforts of StarClan.",
        "history_text": {
            "lead_death": "contracted whitecough"
        }
    },
    {
        "camp": "any",
        "tags": [
            "classic",
            "Leaf-fall",
            "Leaf-bare"
        ],
        "death_text": "m_c lost a life to yellowcough.",
        "history_text": {
            "lead_death": "contracted yellowcough"
        }
    },
    {
        "camp": "any",
        "tags": [
            "classic",
            "some_lives",
            "Leaf-fall",
            "Leaf-bare"
        ],
        "death_text": "m_c caught yellowcough, and died more than once, despite the efforts of StarClan.",
        "history_text": {
            "lead_death": "contracted yellowcough"
        }
    },
    {
        "camp": "any",
        "tags": [
            "classic",
            "Leaf-fall",
            "Leaf-bare"
        ],
        "death_text": "m_c lost a life to infected wounds.",
        "history_text": {
            "lead_death": "killed by infected wounds"
        }
    },
    {
        "camp": "any",
        "tags": [
            "old_age",
            "some_lives",
            "Newleaf",
            "Greenleaf",
            "Leaf-fall",
            "Leaf-bare"
        ],
        "death_text": "m_c lost lives to old age, {PRONOUN/m_c/poss} body slowly becoming more and more frail.",
        "history_text": {
            "lead_death": "died of old age"
        }
    },
    {
        "camp": "any",
        "tags": [
            "old_age",
            "all_lives",
            "Newleaf",
            "Greenleaf",
            "Leaf-fall",
            "Leaf-bare"
        ],
        "death_text": "m_c collapses in the midst of camp, losing {PRONOUN/m_c/poss} remaining lives to old age.",
        "history_text": {
            "lead_death": "died of old age"
        }
    },
    {
        "camp": "any",
        "tags": [
            "old_age",
            "Newleaf",
            "Greenleaf",
            "Leaf-fall",
            "Leaf-bare"
        ],
        "death_text": "One day, the deputy finds m_c dead in the leader's den. Seems {PRONOUN/m_c/subject} lost a life to old age.",
        "history_text": {
            "lead_death": "died of old age"
        }
    },
    {
        "camp": "any",
        "tags": [
            "old_age",
            "all_lives",
            "Newleaf",
            "Greenleaf",
            "Leaf-fall",
            "Leaf-bare"
        ],
        "death_text": "One day, m_c is found dead in the leader's den, never to rise again. Seems {PRONOUN/m_c/subject} lost the rest of {PRONOUN/m_c/poss} lives to old age.",
        "history_text": {
            "lead_death": "died of old age"
        }
    },
    {
        "camp": "any",
        "tags": [
            "old_age",
            "all_lives",
            "Newleaf",
            "Greenleaf",
            "Leaf-fall",
            "Leaf-bare"
        ],
        "death_text": "Despite StarClan's efforts, m_c's body just couldn't continue. {PRONOUN/m_c/poss/CAP} remaining lives were taken by old age.",
        "history_text": {
            "lead_death": "died of old age"
        }
    },
    {
        "camp": "any",
        "tags": [
            "other_cat",
            "murder",
            "Newleaf",
            "Greenleaf",
            "Leaf-fall",
            "Leaf-bare",
            "to_both",
            "neg_platonic",
            "neg_trust",
            "neg_comfort",
            "dislike",
            "neg_respect"
        ],
        "death_text": "m_c was pushed under a monster, and lost a life.",
        "history_text": {
            "lead_death": "{VERB/m_c/were/was} pushed under a monster by r_c",
            "lead_murder_unrevealed": "were pushed under a monster"
        },
        "cat_trait": [
            "altruistic",
            "bold",
            "ambitious",
            "compassionate",
            "daring",
            "confident",
            "fierce",
            "loyal",
            "loving",
            "empathetic",
            "responsible",
            "righteous",
            "vengeful"
        ],
        "other_cat_trait": [
            "bloodthirsty",
            "vengeful",
            "ambitious",
            "sneaky"
        ]
    },
    {
        "camp": "any",
        "tags": [
            "all_lives",
            "other_cat_dep",
            "murder",
            "revealed",
            "Newleaf",
            "Greenleaf",
            "Leaf-fall",
            "Leaf-bare",
            "rc_to_mc",
            "jealousy",
            "neg_platonic"
        ],
        "death_text": "m_c was murdered by r_c in cold blood, with the intention of taking {PRONOUN/m_c/poss} place.",
        "history_text": {
            "lead_death": "{VERB/m_c/were/was} murdered by r_c",
            "lead_murder_unrevealed": "were murdered by an unknown killer"
        },
        "other_cat_trait": [
            "vengeful",
            "ambitious",
            "bloodthirsty",
            "righteous",
            "fierce",
            "cold",
            "sneaky"
        ],
        "other_cat_skill": [
            "FIGHTER,2"
        ],
        "cat_negate_skill": [
            "FIGHTER,2"
        ]
    },
    {
        "camp": "any",
        "tags": [
            "other_cat_dep",
            "multi_death",
            "murder",
            "revealed",
            "Newleaf",
            "Greenleaf",
            "Leaf-fall",
            "Leaf-bare",
            "mc_to_rc",
            "neg_platonic",
            "neg_respect",
            "neg_trust",
            "dislike"
        ],
        "death_text": "m_c was murdered by r_c, with the intention of taking {PRONOUN/m_c/poss} place, but r_c miscalculated how many lives m_c had left!  m_c retaliated, killing r_c in self defense.",
        "history_text": {
            "reg_death": "m_c was killed by r_c in self-defense.",
            "lead_death": "{VERB/m_c/were/was} murdered by r_c in an attempt to usurp {PRONOUN/m_c/poss} lead",
            "lead_murder_unrevealed": "were murdered by an unknown killer"
        },
        "cat_skill": [
            "FIGHTER,2"
        ],
        "other_cat_trait": [
            "vengeful",
            "ambitious",
            "bloodthirsty",
            "righteous",
            "fierce",
            "cold",
            "sneaky"
        ],
        "other_cat_negate_skill": [
            "extremely smart",
            "very smart"
        ]
    },
    {
        "camp": "any",
        "tags": [
            "Newleaf",
            "Greenleaf",
            "Leaf-fall",
            "Leaf-bare",
            "war",
            "other_cat",
            "other_cat_adult"
        ],
        "death_text": "In the chaos of battle and the throes of a war, it's nearly impossible to tell friend from foe. Blinded by blood, r_c accidentally kills m_c. m_c lost one life.",
        "history_text": {
            "reg_death": "m_c was accidentally attacked by m_c in battle.",
            "lead_death": "{VERB/m_c/were/was} accidentally attacked by r_c in the chaos of battle"
        },
        "cat_negate_skill": [
            "FIGHTER,3"
        ],
        "other_cat_trait": [
            "vengeful",
            "bloodthirsty",
            "fierce",
            "daring",
            "bold"
        ],
        "other_cat_skill": [
            "FIGHTER,1"
        ]
    },
    {
        "tags": [
            "Newleaf",
            "Greenleaf",
            "Leaf-fall",
            "Leaf-bare",
            "other_cat",
            "other_cat_mate",
            "multi_death",
            "old_age",
            "all_lives"
        ],
        "camp": "Any",
        "death_text": "m_c and r_c loved each other so much they could not be parted, even by death. c_n finds their bodies still wrapped around each other in the morning.",
        "history_text": {
            "lead_death": "died of old age"
        }
    },
    {
        "tags": [
            "other_cat",
            "Newleaf",
            "Greenleaf",
            "Leaf-fall",
            "Leaf-bare"
        ],
        "camp": "Any",
        "death_text": "m_c has always wondered where {PRONOUN/m_c/subject} came from. {PRONOUN/m_c/subject/CAP} {VERB/m_c/sneak/sneaks} out of camp, intending to find loners who might have some clues about {PRONOUN/m_c/poss} origins. Frantic with worry and confusion after finding m_c's empty nest in the morning, they launch a search. c_n finds {PRONOUN/m_c/poss} cooling body after a long search and wonders why {PRONOUN/m_c/subject} decided to leave the safety of c_n, and what killed {PRONOUN/m_c/object}.",
        "history_text": {
            "lead_death": "became a bit too curious"
        },
        "backstory_constraint": [
            "abandoned1",
            "abandoned2",
            "abandoned3"
        ]
    },
    {
        "camp": "any",
        "tags": [
            "Newleaf",
            "Greenleaf",
            "Leaf-fall",
            "Leaf-bare",
            "other_clan",
            "rel_down",
            "war",
            "other_cat",
            "other_cat_kit"
        ],
        "death_text": "o_c attempted to break into the camp. m_c died defending the nursery, r_c left hidden beneath {PRONOUN/m_c/poss} cooling body.",
        "history_text": {
            "lead_death": "defended r_c from o_c warriors"
        },
        "cat_trait": [
            "vengeful",
            "bloodthirsty",
            "loving",
            "bold",
            "confident",
            "daring",
            "faithful",
            "fierce",
            "loyal",
            "responsible",
            "righteous"
        ]
    },
    {
        "camp": "any",
        "tags": [
            "Newleaf",
            "Greenleaf",
            "Leaf-fall",
            "Leaf-bare",
            "other_clan",
            "rel_down",
            "war",
            "other_cat",
            "other_cat_warrior",
            "multi_death"
        ],
        "death_text": "o_c attempted to break into the camp. m_c and r_c are left cold on the ground in the aftermath.",
        "history_text": {
            "reg_death": "This cat died when o_c tried to break into camp.",
            "lead_death": "tried to defend the Clan from o_c"
        }
    }
]