[
    {
        "camp": "any",
        "tags": [
            "other_clan",
            "hostile",
            "neutral",
            "rel_down",
            "Newleaf",
            "Greenleaf",
            "Leaf-fall",
            "Leaf-bare"
        ],
        "death_text": "m_c died in a border skirmish against o_c.",
        "history_text": {
            "reg_death": "m_c died in a border skirmish against o_c."
        },
        "cat_negate_skill": [
            "FIGHTER,2"
        ]
    },
    {
        "camp": "any",
        "tags": [
            "Newleaf",
            "Greenleaf",
            "Leaf-fall",
            "Leaf-bare",
            "war",
            "other_cat",
            "other_cat_warrior"
        ],
        "death_text": "In the chaos of battle and the throes of a war, it's nearly impossible to tell friend from foe. Blinded by blood, r_c accidentally kills m_c.",
        "history_text": {
            "reg_death": "m_c was accidentally killed by r_c in battle."
        }
    },
    {
        "camp": "any",
        "tags": [
            "other_clan",
            "ally",
            "neutral",
            "rel_up",
            "Newleaf",
            "Greenleaf",
            "Leaf-fall",
            "Leaf-bare"
        ],
        "death_text": "m_c was killed while trying to save the medicine cat of o_c.",
        "history_text": {
            "reg_death": "m_c was killed while trying to save o_c's medicine cat."
        },
        "cat_trait": [
            "bold",
            "charismatic",
            "confident",
            "daring",
            "altruistic",
            "empathetic",
            "compassionate",
            "loving",
            "responsible",
            "thoughtful",
            "strange"
        ],
        "cat_negate_skill": [
            "FIGHTER,2"
        ]
    },
    {
        "camp": "any",
        "tags": [
            "other_clan",
            "rel_down",
            "hostile",
            "neutral",
            "Newleaf",
            "Greenleaf",
            "Leaf-fall",
            "Leaf-bare"
        ],
        "death_text": "m_c was killed by the deputy of o_c.",
        "history_text": {
            "reg_death": "m_c was killed by the deputy of o_c."
        },
        "cat_negate_skill": [
            "FIGHTER,3"
        ]
    },
    {
        "camp": "any",
        "tags": [
            "other_clan",
            "rel_up",
            "ally",
            "neutral",
            "Newleaf",
            "Greenleaf",
            "Leaf-fall",
            "Leaf-bare"
        ],
        "death_text": "m_c was killed while trying to save the deputy of o_c.",
        "history_text": {
            "reg_death": "m_c was killed while trying to save o_c's deputy."
        },
        "cat_trait": [
            "bold",
            "charismatic",
            "confident",
            "daring",
            "altruistic",
            "empathetic",
            "compassionate",
            "loving",
            "responsible",
            "thoughtful",
            "strange"
        ],
        "cat_negate_skill": [
            "FIGHTER,2"
        ]
    },
    {
        "camp": "any",
        "tags": [
            "other_clan",
            "hostile",
            "neutral",
            "rel_down",
            "Newleaf",
            "Greenleaf",
            "Leaf-fall",
            "Leaf-bare"
        ],
        "death_text": "m_c was killed by the leader of o_c.",
        "history_text": {
            "reg_death": "m_c was killed by the leader of o_c."
        },
        "cat_negate_skill": [
            "FIGHTER,3"
        ]
    },
    {
        "camp": "any",
        "tags": [
            "other_clan",
            "ally",
            "neutral",
            "rel_up",
            "Newleaf",
            "Greenleaf",
            "Leaf-fall",
            "Leaf-bare"
        ],
        "death_text": "m_c was killed while trying to save the leader of o_c.",
        "history_text": {
            "reg_death": "m_c was killed while trying to save o_c's leader."
        },
        "cat_trait": [
            "bold",
            "charismatic",
            "confident",
            "daring",
            "altruistic",
            "empathetic",
            "compassionate",
            "loving",
            "responsible",
            "thoughtful",
            "strange"
        ],
        "cat_negate_skill": [
            "FIGHTER,2"
        ]
    },
    {
        "camp": "any",
        "tags": [
            "multi_death",
            "other_cat_adult",
            "other_clan",
            "hostile",
            "neutral",
            "rel_down",
            "Newleaf",
            "Greenleaf",
            "Leaf-fall",
            "Leaf-bare"
        ],
        "death_text": "m_c and r_c are killed in a border skirmish against o_c.",
        "history_text": {
            "reg_death": "m_c died in a border skirmish against o_c.",
            "lead_death": "was killed in a border skirmish against o_c."
        },
        "cat_negate_skill": [
            "FIGHTER,2"
        ],
        "other_cat_negate_skill": [
            "great fighter",
            "excellent fighter"
        ]
    }
]