[
    {
        "camp": "any",
        "tags": [
            "Greenleaf",
            "Newleaf",
            "Leaf-fall"
        ],
        "death_text": "m_c lost a life after falling into a river.",
        "history_text": {
            "lead_death": "fell into the river"
        },
        "cat_trait": null,
        "cat_skill": null,
        "other_cat_trait": null,
        "other_cat_skill": null
    },
    {
        "camp": "any",
        "tags": [
            "Greenleaf",
            "Newleaf",
            "Leaf-fall",
            "Leaf-bare"
        ],
        "death_text": "m_c was crushed and lost a life when a tree fell into camp.",
        "history_text": {
            "lead_death": "{VERB/m_c/were/was} crushed by a falling tree"
        },
        "cat_trait": null,
        "cat_skill": null,
        "other_cat_trait": null,
        "other_cat_skill": null
    },
    {
        "camp": "any",
        "tags": [
            "Newleaf",
            "Greenleaf",
            "Leaf-fall",
            "Leaf-bare"
        ],
        "death_text": "m_c lost a life when a hawk attempted to grab and lift {PRONOUN/m_c/object}.",
        "history_text": {
            "lead_death": "{VERB/m_c/were/was} grabbed by a hawk"
        },
        "cat_trait": null,
        "cat_skill": null,
        "other_cat_trait": null,
        "other_cat_skill": null
    },
    {
        "camp": "any",
        "tags": [
            "Newleaf",
            "Greenleaf"
        ],
        "death_text": "m_c lost a life after being swept away by a flood.",
        "history_text": {
            "lead_death": "{VERB/m_c/were/was} swept away by a flood"
        },
        "cat_trait": null,
        "cat_skill": null,
        "other_cat_trait": null,
        "other_cat_skill": null
    },
    {
        "camp": "any",
        "tags": [
            "Newleaf",
            "Greenleaf",
            "Leaf-fall",
            "Leaf-bare"
        ],
        "death_text": "m_c lost a life when {PRONOUN/m_c/subject} fell from the top branches of a tree.",
        "history_text": {
            "lead_death": "fell from a tall tree"
        },
        "cat_trait": null,
        "cat_skill": null,
        "other_cat_trait": null,
        "other_cat_skill": null
    },
    {
        "camp": "any",
        "tags": [
            "other_cat",
            "Newleaf",
            "Greenleaf",
            "Leaf-fall",
            "Leaf-bare",
            "rc_to_mc",
            "neg_dislike",
            "platonic",
            "respect",
            "trust"
        ],
        "death_text": "m_c lost a life defending r_c from a hawk.",
        "history_text": {
            "lead_death": "defended r_c from a hawk"
        },
        "cat_trait": [
            "altruistic",
            "bold",
            "bloodthirsty",
            "ambitious",
            "daring",
            "confident",
            "fierce",
            "loyal",
            "loving",
            "empathetic",
            "responsible",
            "righteous",
            "vengeful"
        ],
        "cat_skill": null,
        "other_cat_trait": null,
        "other_cat_skill": null,
        "cat_negate_skill": [
            "FIGHTER,2"
        ]
    },
    {
        "camp": "any",
        "tags": [
            "all_lives",
            "Newleaf",
            "Greenleaf",
            "Leaf-fall",
            "Leaf-bare",
            "no_body"
        ],
        "death_text": "m_c was carried off by a hawk, never to be seen again.",
        "history_text": {
            "lead_death": "{VERB/m_c/were/was} carried away by a hawk"
        },
        "cat_trait": null,
        "cat_skill": null,
        "other_cat_trait": null,
        "other_cat_skill": null,
        "cat_negate_skill": [
            "FIGHTER,2"
        ]
    },
    {
        "camp": "any",
        "tags": [
            "all_lives",
            "Newleaf",
            "Greenleaf",
            "Leaf-fall",
            "no_body"
        ],
        "death_text": "m_c fell into a river and was swept away by the current, never to be seen again.",
        "history_text": {
            "lead_death": "{VERB/m_c/were/was} swept away by the river"
        },
        "cat_trait": null,
        "cat_skill": null,
        "other_cat_trait": null,
        "other_cat_skill": null
    }
]