[
    {
        "patrol_id": "bch_train_lore1",
        "biome": "beach",
        "season": "leaf-fall",
        "tags": [
            "training",
            "platonic",
            "trust"
        ],
        "intro_text": "p_l takes the patrol down to the beach to train, but wait, something's odd here...",
        "decline_text": "It's best to go back to camp and ignore the oddities on the beach.",
        "chance_of_success": 30,
        "exp": 5,
        "success_text": {
            "unscathed_common": "r_c explains that the sea has always given mysterious gifts to c_n, and that those strange ginger cat statues are probably just another gift from the ocean... probably.",
            "unscathed_rare": "The strange ginger cat statues seem to be purring slightly. r_c suggests they leave the beach as soon as possible; those things don't seem... entirely of this world.",
            "stat_skill": "s_c laughs! The ginger cat statues are Twoleg objects; {PRONOUN/s_c/subject} {VERB/s_c/spin/spins} a tale almost unbelievable, but {PRONOUN/s_c/subject} {VERB/s_c/swear/swears} it's true! The ginger cat statues used to live on something called a 'boat'.",
            "stat_trait": "Those ginger cat statues? s_c heard a kittypet call him Garfield. s_c explains that, for whatever reason, Twolegs worship the ginger cat so much that they made statues they threw into the ocean."
        },
        "fail_text": {
            "unscathed_common": "There is no way r_c is staying around here. {PRONOUN/r_c/subject/CAP} {VERB/r_c/tear/tears} off back to camp at the sight of a broken ginger cat statue.",
            "unscathed_stat": "The whole patrol agrees this beach is abandoned by StarClan. There's no way so many broken ginger cat statues are here naturally, and well, s_c has always been a little odd..."
        },
        "win_skills": [
            "STORY,1",
            "SPEAKER,3"
        ],
        "win_trait": [
            "adventurous"
        ],
        "fail_trait": [
            "sneaky",
            "strange"
        ],
        "min_cats": 2,
        "max_cats": 6,
        "antagonize_text": null,
        "antagonize_fail_text": null
    },
    {
        "patrol_id": "bch_train_lore2",
        "biome": "beach",
        "season": "leaf-fall",
        "tags": [
            "training"
        ],
        "intro_text": "p_l decides to go down to the beach by {PRONOUN/p_l/self}. There seems to be something strange here...",
        "decline_text": "It's best to go back to camp and ignore the oddities on the beach.",
        "chance_of_success": 30,
        "exp": 5,
        "success_text": {
            "unscathed_common": "p_l is shocked to find green and black lizards scattered around the beach. {PRONOUN/p_l/subject/CAP} {VERB/p_l/freeze/freezes}, trying not to get bit. When nothing moves, {PRONOUN/p_l/subject} {VERB/p_l/head/heads} back to camp unscathed.",
            "unscathed_rare": "Green and black lizards are everywhere! p_l freezes up, only to notice that they're not moving, some of them sticking striaght up. They're not real! {PRONOUN/p_l/subject/CAP} {VERB/p_l/take/takes} a fake lizard home to show the others.",
            "stat_skill": "There are green and black lizards! s_c realizes they're not real immediatelty and decided to come back to this loaction to collect fake lizards for future pranks on clanmates.",
            "stat_trait": "s_c remembers seeing these green and black lizards being shown to {PRONOUN/s_c/object} by a kittypet before, who called them 'lego dragons'. s_c wonders if Legodragon would be a proper name for a warrior."
        },
        "fail_text": {
            "unscathed_common": "It's a beach full of lizards! p_l tears back to camp before {PRONOUN/p_l/subject} can get bitten."
        },
        "win_trait": [
            "adventurous",
            "shameless",
            "sneaky",
            "strange",
            "troublesome",
            "chilish."
        ],
        "min_cats": 1,
        "max_cats": 1,
        "antagonize_text": null,
        "antagonize_fail_text": null
    }
]