[
    {
        "patrol_id": "pln_hunt_redfox_newleafscavenge1",
        "biome": "plains",
        "season": "newleaf",
        "tags": [
            "hunting",
            "large_prey",
            "fighting",
            "scar",
            "NECKBITE",
            "big_bite_injury",
            "clan_to_patrol",
            "respect",
            "rel_patrol"
        ],
        "intro_text": "Your patrol catches the scent of a red fox. Tracking it, they find the animal feeding on a pronghorn fawn carcass. It's impossible to say whether the fox killed it or found it.",
        "decline_text": "Your patrol decides not to quarrel with the fox and to find prey elsewhere.",
        "chance_of_success": 40,
        "exp": 20,
        "success_text": {
            "unscathed_common": "Your cats are smaller but they outnumber the fox, if only by a little, and it's a prize they're willing to fight for. With a prayer to StarClan they throw themselves into battle, and the fox, already half full of food and unwilling to lose blood over it, is driven off from the kill.",
            "stat_skill": "s_c shows their strength, leading the fight against the fox. By working together and keeping it distracted, the cats harry and harass the fox until it gives up and runs.",
            "stat_trait": "The patrol launches into battle, but with so few cats it's exhausting trying to keep the fox and its snapping jaws on the defensive. In an act of daring bravery, s_c darts low to the ground, gets under the jaws, and sinks {PRONOUN/s_c/poss} teeth into the fox's throat. It's only one bite, but the fox has had enough and flees."
        },
        "fail_text": {
            "unscathed_common": "Your patrol fails to drive away the fox, which keeps possession of the food. However there were no injuries.",
            "injury": "The patrol launches into battle, but r_c is caught with a nasty bite, and the cats give up on challenging for the food in favor of quickly helping r_c back to the medicine cat den.",
            "stat_injury": "s_c means well, but {PRONOUN/s_c/subject}{VERB/s_c/'re/'s} overconfident in {PRONOUN/s_c/poss} attack and the fox manages to sink their teeth into {PRONOUN/s_c/object}. The patrol is forced to retreat, forming a defensive ring around the hurt s_c."
        },
        "win_skills": [
            "FIGHTER,1"
        ],
        "win_trait": [
            "adventurous",
            "altruistic",
            "ambitious",
            "confident",
            "daring",
            "fierce",
            "responsible",
            "righteous"
        ],
        "fail_trait": [
            "troublesome",
            "vengeful",
            "bloodthirsty",
            "bold"
        ],
        "min_cats": 2,
        "max_cats": 3,
        "antagonize_text": null,
        "antagonize_fail_text": null,
        "history_text": {
            "scar": "m_c carries a scar from a fox fight."
        }
    },
    {
        "patrol_id": "pln_hunt_redfox_newleafscavenge2",
        "biome": "plains",
        "season": "newleaf",
        "tags": [
            "hunting",
            "large_prey",
            "fighting",
            "scar",
            "NECKBITE",
            "big_bite_injury",
            "clan_to_patrol",
            "respect",
            "rel_patrol"
        ],
        "intro_text": "Your patrol catches the scent of a red fox. Tracking it, they find the animal feeding on a pronghorn fawn carcass. It's impossible to say whether the fox killed it or found it.",
        "decline_text": "Your patrol decides not to quarrel with the fox and to find prey elsewhere.",
        "chance_of_success": 20,
        "exp": 20,
        "success_text": {
            "unscathed_common": "Your cats are smaller but heavily outnumber the fox, and it's a prize they're willing to fight for. With a prayer to StarClan they throw themselves into battle, and the fox, already half full and unwilling to lose blood over it, is driven off from the kill.",
            "stat_skill": "s_c shows their strength, leading the fight against the fox. By working together and keeping it distracted, the cats harry and harass the fox until s_c lands a crucial blow, snapping a tendon in one of the fox's hind legs. The fox runs, but there's no way it'll live long with such a crippling injury.",
            "stat_trait": "The patrol launches into battle, keeping the fox on the defensive with teamwork. In an act of daring bravery, s_c darts low to the ground, gets under the jaws, and sinks {PRONOUN/s_c/poss} teeth into the fox's throat. Holding on grimly, s_c's daring move gives the rest of the patrol the opportunity needed to bring the fox down for good."
        },
        "fail_text": {
            "unscathed_common": "Your patrol fails to drive away the fox, which keeps possession of the food. However with so many cats to protect each other, there were no injuries.",
            "injury": "The patrol launches into battle, but r_c is caught with a nasty bite, and the cats give up on challenging for the food in favor of quickly helping r_c back to the medicine cat den.",
            "stat_injury": "s_c means well, but {PRONOUN/s_c/subject}{VERB/s_c/'re/'s} overconfident in {PRONOUN/s_c/poss} attack and the fox manages to sink their teeth into {PRONOUN/s_c/object}. The patrol is forced to retreat, forming a defensive ring around the hurt s_c."
        },
        "win_skills": [
            "FIGHTER,1"
        ],
        "win_trait": [
            "adventurous",
            "altruistic",
            "ambitious",
            "confident",
            "daring",
            "fierce",
            "responsible",
            "righteous"
        ],
        "fail_trait": [
            "troublesome",
            "vengeful",
            "bloodthirsty",
            "bold"
        ],
        "min_cats": 4,
        "max_cats": 6,
        "antagonize_text": null,
        "antagonize_fail_text": null,
        "history_text": {
            "scar": "m_c carries a scar from a fox fight."
        }
    },
    {
        "patrol_id": "pln_hunt_redfox_newleafscavenge3",
        "biome": "plains",
        "season": "newleaf",
        "tags": [
            "hunting",
            "large_prey",
            "fighting",
            "scar",
            "THROAT",
            "big_bite_injury",
            "clan_to_patrol",
            "respect"
        ],
        "intro_text": "r_c catches the scent of a red fox. Tracking it, {PRONOUN/r_c/self} {VERB/r_c/find/finds} the animal feeding on a pronghorn fawn carcass. It's impossible to say whether the fox killed it or found it.",
        "decline_text": "r_c decides not to quarrel with the fox and to find prey elsewhere.",
        "chance_of_success": 30,
        "exp": 30,
        "success_text": {
            "unscathed_common": "r_c may be smaller, alone, and half its weight, but the fox has a prize {PRONOUN/r_c/subject}{VERB/r_c/'re/'s} willing to fight for. With a prayer to StarClan, {PRONOUN/r_c/subject} {VERB/r_c/throw/throws} {PRONOUN/r_c/self} into battle. The fox, already stuffed full and unwilling to lose blood over it, leaves the kill with a grumble.",
            "stat_skill": "s_c uses every trick in their talented fighting skillset to attack the fox with no one to watch their flank, until the perfect opportunity opens up. They pounce onto the fox's back, digging in their claws. It's a wild ride through the plains until the fox bucks them off, but it wins them the fawn carcass.",
            "stat_trait": "In an act of daring bravery, s_c darts low to the ground, gets under the jaws, and sinks {PRONOUN/s_c/poss} teeth into the fox's throat. But then {PRONOUN/s_c/subject}{VERB/s_c/'re/'s} stuck, unwilling to let go and risk being bitten. {PRONOUN/s_c/subject/CAP}{VERB/s_c/'re/'s} dragged through the plains, over rocks and through bushes, until the fox finally collapses and the battered s_c goes back to proudly claim the fawn."
        },
        "fail_text": {
            "unscathed_common": "r_c fails to drive away the fox, which keeps possession of the food. However, there were no injuries.",
            "death": "Fiercely, r_c throws {PRONOUN/r_c/self} at the fox, determined to win the fawn prize. But the fox values it just as dearly, and manages to get a good grip on r_c, shaking {PRONOUN/r_c/object} to pieces and killing {PRONOUN/r_c/object}.",
            "injury": "r_c launches into battle, but is caught with a nasty bite, and retreats to limp back home. The fox doesn't follow, happy enough to eat the fawn instead of the foolish cat.",
            "stat_injury": "s_c is overconfident in {PRONOUN/s_c/poss} attack, and the fox manages to sink their teeth into {PRONOUN/s_c/object}. {PRONOUN/s_c/subject/CAP} {VERB/s_c/retreat/retreats}, bleeding and in pain, and the fox settles back down to its meal."
        },
        "win_skills": [
            "FIGHTER,2"
        ],
        "win_trait": [
            "adventurous",
            "altruistic",
            "ambitious",
            "confident",
            "daring",
            "fierce",
            "responsible",
            "righteous"
        ],
        "fail_trait": [
            "troublesome",
            "vengeful",
            "bloodthirsty",
            "bold"
        ],
        "min_cats": 1,
        "max_cats": 1,
        "antagonize_text": null,
        "antagonize_fail_text": null,
        "history_text": {
            "scar": "m_c carries a scar from a solo fox fight.",
            "reg_death": "m_c fell in a solo battle with a fox.",
            "lead_death": "died in battle with a fox"
        }
    },
    {
        "patrol_id": "pln_hunt_newleaf_redvixen1",
        "biome": "plains",
        "season": "newleaf",
        "tags": [
            "fighting",
            "death",
            "scar",
            "NECKBITE",
            "big_bite_injury",
            "respect",
            "trust",
            "clan_to_r_c",
            "patrol_to_r_c",
            "clan_to_patrol"
        ],
        "intro_text": "Your patrol catches the scent of a fox - but is it red, or swift?",
        "decline_text": "Your patrol decides not to pursue the fox.",
        "chance_of_success": 30,
        "exp": 30,
        "success_text": {
            "unscathed_common": "The red vixen smells of milk, and hopefully by driving her out of the territory, her litter this newleaf won't be a threat to the Clan. If they don't starve, c_n will hunt them down - they do not share territory with foxes.",
            "unscathed_rare": "Your patrol drives away the red fox, seeks out her den, and kills her young cubs. It's brutal, but these fluffy baby foxes would one day have grown to be kit-killers and thieves.",
            "stat_skill": "s_c displays incredible skill, driving the mother red vixen out of the territory almost by themselves. Now neither the fox nor her cubs pose a threat to the Clan. It truly proves s_c's place as one of c_n's most talented and skillful fighters.",
            "stat_trait": "The patrol overcomes the red vixen and drives her off thanks to a brilliant battle move by s_c at a critical moment. {PRONOUN/s_c/poss/CAP} bravery ensures the patrol's success, and the cats arrive back at camp singing {PRONOUN/s_c/poss} praises to make sure the Clan knows it."
        },
        "fail_text": {
            "unscathed_common": "The mother red fox is vicious and determined, and the small patrol is beaten back. But these plains belong to c_n, and they haven't given up. They may have lost this battle, but c_n will win this war.",
            "unscathed_stat": "s_c is determined to win, but their confidence is misplaced. They're a good fighter, but not a great one, and in a moment that embarrasses them deeply. the rest of the patrol have to rescue them from the red vixen.",
            "death": "Never threaten a mother's young - the red vixen kills r_c in the skirmish.",
            "injury": "The mother red fox's snapping jaws leave r_c dripping blood onto the grass, forcing the patrol to back off.",
            "stat_injury": "s_c is determined to win, but {PRONOUN/s_c/poss} confidence is misplaced. {PRONOUN/s_c/subject}{VERB/s_c/'re/'s} a good fighter, but not a great one, and the red vixen manages to sink her teeth into {PRONOUN/s_c/object}. The patrol rallies around s_c, but they have to give up on the fight.",
            "leader_death": "As their hunt descends into a full on battle with a red vixen determined to protect her young, p_l takes a blow meant for one of {PRONOUN/p_l/poss} Clanmates, losing a life."
        },
        "win_skills": [
            "FIGHTER,3"
        ],
        "win_trait": [
            "adventurous",
            "altruistic",
            "ambitious",
            "bloodthirsty",
            "bold",
            "confident",
            "daring",
            "fierce",
            "responsible",
            "righteous",
            "troublesome",
            "vengeful"
        ],
        "min_cats": 2,
        "max_cats": 3,
        "antagonize_text": null,
        "antagonize_fail_text": null,
        "history_text": {
            "scar": "m_c carries a scar from a fox fight.",
            "reg_death": "m_c fell in battle with a fox.",
            "lead_death": "died in battle with a fox"
        }
    },
    {
        "patrol_id": "pln_hunt_newleaf_redvixen2",
        "biome": "plains",
        "season": "newleaf",
        "tags": [
            "hunting",
            "fighting",
            "scar",
            "NECKBITE",
            "big_bite_injury",
            "respect",
            "trust",
            "clan_to_r_c",
            "patrol_to_r_c",
            "clan_to_patrol"
        ],
        "intro_text": "Your patrol catches the scent of a fox - but is it red, or swift?",
        "decline_text": "Your patrol decides not to pursue the fox.",
        "chance_of_success": 10,
        "exp": 30,
        "success_text": {
            "unscathed_common": "Led by p_l, and with a heap of cooperation and teamwork, the patrol drives away a red fox vixen, seeking out her den and killing her young cubs. The plains will be safe from both the threat the vixen posed this season, and the threat her cubs would've given c_n in the seasons to come.",
            "unscathed_rare": "With so many cats working together in tight coordination, they manage to accomplish the near-impossible, finding and killing a mother red vixen and ending the threat to the Clan that she and her cubs pose.",
            "stat_skill": "s_c displays incredible skill, driving the mother red vixen they track down out of the territory almost by themselves. Now neither the fox nor her dependent cubs pose a threat to the Clan. It truly proves s_c's place as one of c_n's most talented and skillful fighters.",
            "stat_trait": "The patrol hunts down and overcomes the red vixen they discover, driving her off thanks to a brilliant battle move by s_c at a critical moment. {PRONOUN/s_c/poss/CAP} bravery ensures the patrol's success, and the cats arrive back at camp singing {PRONOUN/s_c/poss} praises to make sure the Clan knows it."
        },
        "fail_text": {
            "unscathed_common": "The mother red fox is vicious and determined. Although they lose this battle, through teamwork the cats manage to retreat without injury.",
            "unscathed_stat": "s_c is determined to win, but their confidence is misplaced. They're a good fighter, but not a great one, and in a moment that embarrasses them deeply the rest of the patrol have to rescue them from the red vixen.",
            "injury": "r_c is left wounded as the patrol and the mother red vixen fight to a stalemate. Hopefully they've given the fox mother a reason not to return to this part of the forest.",
            "stat_injury": "s_c is determined to win, but {PRONOUN/s_c/poss} confidence is misplaced. {PRONOUN/s_c/subject}{VERB/s_c/'re/'s} a good fighter, but not a great one, and the red vixen manages to sink her teeth into {PRONOUN/s_c/object}. The patrol rallies around s_c, but they have to give up on the fight."
        },
        "win_skills": [
            "FIGHTER,3"
        ],
        "win_trait": [
            "adventurous",
            "altruistic",
            "ambitious",
            "bloodthirsty",
            "bold",
            "confident",
            "daring",
            "fierce",
            "responsible",
            "righteous",
            "troublesome",
            "vengeful"
        ],
        "min_cats": 4,
        "max_cats": 6,
        "antagonize_text": null,
        "antagonize_fail_text": null,
        "history_text": {
            "scar": "m_c carries a scar from a fox fight."
        }
    },
    {
        "patrol_id": "pln_hunt_newleaf_redvixen3",
        "biome": "plains",
        "season": "newleaf",
        "tags": [
            "fighting",
            "death",
            "scar",
            "FACE",
            "big_bite_injury",
            "respect",
            "trust",
            "clan_to_patrol",
            "no_body"
        ],
        "intro_text": "Your patrol catches the scent of a fox - but is it red, or swift?",
        "decline_text": "Your patrol decides not to pursue the fox.",
        "chance_of_success": 20,
        "exp": 50,
        "success_text": {
            "unscathed_common": "The red vixen smells of milk, and hopefully by driving her out of the territory, her litter this newleaf won't be a threat to the Clan. If they don't starve, c_n will hunt them down - they do not share territory with foxes.",
            "stat_skill": "s_c displays incredible skill, driving the mother red vixen and her brood out of c_n's plains all by themselves. Now neither the fox nor her dependent cubs pose a threat to the Clan. They swell with pride, feeling the confidence of knowing that they're truly one of the best fighters c_n has ever produced.",
            "stat_trait": "A brilliant battle move by s_c knocks the red vixen they find off balance, and s_c manages to drive her out of c_n territory, though it takes every spark of strength in their pelt to do it alone."
        },
        "fail_text": {
            "death": "Never threaten a mother's young - the red vixen kills r_c in the skirmish, and carries off the body to feed her litter.",
            "injury": "The mother red fox's snapping jaws leave r_c dripping blood onto the grass, and barely able to escape further injury.",
            "stat_injury": "s_c is determined to win, but the vixen is determined to live, and that makes all the difference. s_c ends up pinned in a defensible hiding spot, bleeding and terrified, until the vixen judges them no longer a threat and continues on her way."
        },
        "win_skills": [
            "FIGHTER,3"
        ],
        "win_trait": [
            "adventurous",
            "altruistic",
            "ambitious",
            "bloodthirsty",
            "bold",
            "confident",
            "daring",
            "fierce",
            "responsible",
            "righteous",
            "troublesome",
            "vengeful"
        ],
        "min_cats": 1,
        "max_cats": 1,
        "antagonize_text": null,
        "antagonize_fail_text": null,
        "history_text": {
            "scar": "m_c carries a scar from a solo fight with a vixen.",
            "reg_death": "m_c fell in a solo battle with a vixen.",
            "lead_death": "died in battle with a fox"
        }
    },
    {
        "patrol_id": "pln_hunt_swiftfox_newleafvixen1",
        "biome": "plains",
        "season": "newleaf",
        "tags": [
            "hunting",
            "comfort",
            "respect",
            "rel_patrol"
        ],
        "intro_text": "Your patrol catches the scent of a fox - but is it red, or swift?",
        "decline_text": "Your patrol decides not to pursue the fox.",
        "chance_of_success": 40,
        "exp": 30,
        "success_text": {
            "unscathed_common": "Anticipating the coming greenleaf, this swift fox is checking for a suitable burrow for her litter. And that burrow will not be in c_n's territory. The patrol makes that clear, screaming and charging at her until the fox flees beyond their borders, away from where her cubs could threaten the Clan.",
            "unscathed_rare": "This swift vixen is looking for a place to den, and the patrol sets up an ambush. She crossed their borders, but she won't cross back over them again, and with her life ends the threat her cubs would have posed to c_n's kits.",
            "stat_skill": "s_c holds the patrol back until the swift fox's yips bring her mate, then the patrol strikes. While the vixen flees, her mate fights, and against warriors he doesn't stand a chance."
        },
        "fail_text": {
            "unscathed_common": "The swift fox spots the patrol coming and scarpers, tucking tail and fleeing across the horizon in an example of speed that shows where the small carnivore gets its name."
        },
        "win_skills": [
            "CLEVER,1"
        ],
        "min_cats": 2,
        "max_cats": 6,
        "antagonize_text": null,
        "antagonize_fail_text": null
    },
    {
        "patrol_id": "pln_hunt_swiftfox_newleafvixen2",
        "biome": "plains",
        "season": "newleaf",
        "tags": [
            "hunting",
            "fighting",
            "scar",
            "LEGBITE",
            "respect",
            "clan_to_r_c",
            "small_bite_injury"
        ],
        "intro_text": "r_c catches the scent of a fox - but is it red, or swift?",
        "decline_text": "Your patrol decides not to pursue the fox.",
        "chance_of_success": 40,
        "exp": 20,
        "success_text": {
            "unscathed_common": "This swift vixen is scouting out potential dens for greenleaf, r_c realises, who rushes to warn her off. Forget about hunting, driving off this vixen before she sets up a den within c_n's borders is more important.",
            "unscathed_rare": "This swift vixen is scouting out potential dens for greenleaf, r_c realises. This could be bad, and r_c gives up on the hunt, instead following the vixen, yowling and hissing, using their persistence to warn her off from trying to live here.",
            "stat_skill": "s_c positions themselves down a burrow in the vixen's path, and as the swift fox approaches s_c bursts from it, pinning her down and using surprise to get in a crucial blow to her throat."
        },
        "fail_text": {
            "unscathed_common": "The swift fox spots r_c coming and scarpers, tucking tail and fleeing across the horizon in an example of speed that shows where the small carnivore gets its name.",
            "injury": "Puffed up, r_c approaches the swift fox. But there's only one of them, and the fox is their equal in size and weight. Instead of running or giving up, it snarls, and attacks. r_c gives just as good as they get, and both animals end up limping away."
        },
        "win_skills": [
            "CLEVER,1",
            "FIGHTER,1"
        ],
        "min_cats": 1,
        "max_cats": 1,
        "antagonize_text": null,
        "antagonize_fail_text": null,
        "history_text": {
            "scar": "m_c carries a scar from fighting with a swift fox."
        }
    },
    {
        "patrol_id": "pln_hunt_swiftfox_newleafscavenge1",
        "biome": "plains",
        "season": "newleaf",
        "tags": [
            "hunting",
            "large_prey",
            "comfort",
            "respect",
            "rel_patrol"
        ],
        "intro_text": "Your patrol catches the scent of a fox. Tracking it, they find a swift fox feeding on a calf carcass. The cat-sized predator definitely didn't kill this massive hunk of fresh-kill.",
        "decline_text": "Your patrol decides not to quarrel with the fox - bigger predators will be attracted here. Best to leave sooner rather than later.",
        "chance_of_success": 40,
        "exp": 20,
        "success_text": {
            "unscathed_common": "As the patrol approaches, the swift fox spots them and backs off from the carcass with a whine. Your cats can feed in peace for now, but larger predators will surely soon come to throw them off the kill. By cooperating together, the patrol is able to at least drag some of the intestines home to camp.",
            "stat_skill": "s_c sits and watches the swift fox as the patrol takes over the kill without a fight. It wanders the area, grabbing pieces of gristle and meat and caching them in little holes, giving s_c an idea. Together the Clan cats gnaw off a leg, and take their bony prize back to camp for c_n.",
            "stat_trait": "While the rest of the patrol feeds on the kill, the swift fox gnawing on the head at the other end in uneasy truce, s_c keeps watch. It turns out to have been a wise move, as they spot a cougar's ears sticking up out of the grass. The kill's original owner is coming back, and the cats vacate with speed."
        },
        "fail_text": {
            "unscathed_common": "The swift fox gives up on the kill with a snarl, but a coyote yip in the distance sends both the smaller predator species running, the cats puffed up and uncomfortable.",
            "unscathed_stat": "The swift fox gives up the kill, but s_c pursues the fox anyway... up until it turns and threatens them with snapping teeth. s_c calls the rest of the patrol for backup and no one is injured, but by the time they get back to the kill ravens are circling overhead. The patrol gives it up, knowing bigger predators will arrive soon."
        },
        "win_skills": [
            "CLEVER,1"
        ],
        "win_trait": [
            "altruistic",
            "patient",
            "responsible",
            "thoughtful",
            "wise",
            "calm",
            "careful",
            "insecure",
            "nervous",
            "sneaky"
        ],
        "fail_trait": [
            "bold",
            "childish",
            "confident",
            "daring",
            "playful",
            "shameless"
        ],
        "min_cats": 2,
        "max_cats": 6,
        "antagonize_text": null,
        "antagonize_fail_text": null
    },
    {
        "patrol_id": "pln_hunt_swiftfox_newleafscavenge2",
        "biome": "plains",
        "season": "newleaf",
        "tags": [
            "hunting",
            "small_prey",
            "fighting",
            "scar",
            "NECKBITE",
            "death",
            "no_body",
            "small_bite_injury"
        ],
        "intro_text": "r_c catches the scent of a fox. Tracking it, they find a swift fox feeding on a calf carcass. The cat-sized predator definitely didn't kill this massive hunk of fresh-kill.",
        "decline_text": "r_c decides not to quarrel with the fox - bigger predators will be attracted here. Best to leave sooner rather than later.",
        "chance_of_success": 40,
        "exp": 10,
        "success_text": {
            "unscathed_common": "r_c approaches the kill, fur puffed up. The swift fox grumbles, but with a hiss both animals agree to disagree, feeding from opposite ends of the calf without further trouble. r_c is able to find some decent scraps to carry back to camp, though with only them there they can't bring back as much meat as they'd like.",
            "stat_skill": "Watching the swift fox at the carcass, s_c notices it stripping meat from the calf and caching it in little holes, and starts to copy it. The bigger predators will return to claim the calf soon, but by the time they do s_c will have hidden away the choicest morsels to fetch later.",
            "stat_trait": "With great care, aware that the kill's original owner must be somewhere about, s_c snatches the first large scrap they find and leaves the swift fox to risk the wrath of the bigger predators."
        },
        "fail_text": {
            "unscathed_common": "A coyote yip in the distance sends both the smaller predator species running before r_c can muscle in on the feeding opportunity.",
            "unscathed_stat": "The swift fox gives up the kill, but s_c pursues the fox anyway... up until it turns and threatens them with snapping teeth. s_c dances out of the way, but hears the caw of ravens descending on the carcass, and knows it would be too dangerous to return.",
            "death": "r_c happily tucks into the massive calf - there's more than enough room for both them and the small fox to feed. They hear a massive, outraged yowl, and a blow from behind sends them to StarClan with a single hit. They never saw what did it.",
            "injury": "Puffed up, r_c approaches the swift fox. But there's only one of them, and the fox is their equal in size and weight. Instead of running or giving it, it snarls, and attacks. r_c gives just as good as they get, and both animals end up limping away from the kill.",
            "stat_injury": "The swift fox gives up the kill, but s_c pursues the fox anyway... up until it turns and threatens them with snapping teeth, sinking them into s_c and giving them bigger problems than scavenging from a carcass."
        },
        "win_skills": [
            "FIGHTER,1"
        ],
        "win_trait": [
            "altruistic",
            "patient",
            "responsible",
            "thoughtful",
            "wise",
            "calm",
            "careful",
            "insecure",
            "nervous",
            "sneaky"
        ],
        "fail_trait": [
            "bold",
            "childish",
            "confident",
            "daring",
            "playful",
            "shameless"
        ],
        "min_cats": 1,
        "max_cats": 1,
        "antagonize_text": null,
        "antagonize_fail_text": null,
        "history_text": {
            "scar": "m_c carries a scar from fighting with a swift fox.",
            "reg_death": "While scavenging alone, m_c was killed by a predator they didn't see.",
            "lead_death": "{VERB/m_c/were/was} killed by a predator"
        }
    },
    {
        "patrol_id": "pln_hunt_newleaf_solosquirrel1",
        "biome": "plains",
        "season": "newleaf",
        "tags": [
            "hunting",
            "no_app",
            "medium_prey"
        ],
        "intro_text": "p_l walks low to the ground, paws soft and light so as not to make a sound. Their jaws hang open to taste at the air, and a tingle of satisfaction shoots through them as they scent a nearby ground squirrel, just awakening from its leaf-bare hibernation.",
        "decline_text": "Though they're pleased to know the squirrels are waking up, they don't pursue this one. It hasn't properly eaten in moons; better to let it wake up and get fatter before bringing it home.",
        "chance_of_success": 60,
        "exp": 10,
        "success_text": {
            "unscathed_common": "The wind shifts, but before the squirrel can react p_l acts fast and leaps, stopping it from shrieking an alarm call with a quick nip to the back of the neck.",
            "unscathed_rare": "The squirrel, thankfully still bleary-eyed from sleep, doesn't notice p_l stalking up to them.. that is, until they've already pounced and have it between their jaws. It's a little late to do anything about it at that point, though.",
            "stat_skill": "The squirrel blissfully snuffles around in the grass, completely unaware of the looming danger it's in. s_c stalks, as quiet as the wind, and doesn't even need to pounce; they just walk right up behind it and take the kill."
        },
        "fail_text": {
            "unscathed_common": "The wind shifts, and the squirrel stiffens, shrieks out an alarm call, and vanishes back into its burrow. Oh well."
        },
        "win_skills": [
            "HUNTER,1"
        ],
        "min_cats": 1,
        "max_cats": 1,
        "antagonize_text": null,
        "antagonize_fail_text": null
    },
    {
        "patrol_id": "pln_hunt_newleaf_soloappsquirrel1",
        "biome": "plains",
        "season": "newleaf",
        "tags": [
            "hunting",
            "apprentice",
            "medium_prey",
            "no_fail_prey"
        ],
        "intro_text": "app1 has snuck out of camp alone, hoping to be able to bring back one of the first squirrels of newleaf. Running through everything they've been taught in their head, they carefully scent the air and strain their ears, hoping for any hint of the burrowing critters.",
        "decline_text": "They're focusing so hard, they don't notice a Clanmate is standing silently behind them, waiting for them to notice that they've been caught red-pawed. Oops!",
        "chance_of_success": 40,
        "exp": 20,
        "success_text": {
            "unscathed_common": "The wind blows a scent towards them, and app1 immediately drops into a crouch. It's hard to locate between the swaying stalks of grass, and they're pretty sure at one point it's long gone, but in the end they find and catch it!",
            "unscathed_rare": "app1 hears a quiet snuffling nearby, and slides into a hunting crouch. Slinking forward, they find the source is a squirrel, foraging for newleaf food! They stalk carefully and catch it while it's distracted, heading home with their head held high."
        },
        "fail_text": {
            "unscathed_common": "Unfortunately, they don't end up finding anything, and they slink back to camp empty-pawed."
        },
        "min_cats": 1,
        "max_cats": 1,
        "antagonize_text": null,
        "antagonize_fail_text": null
    },
    {
        "patrol_id": "pln_hunt_newleaf_mentorsquirrel1",
        "biome": "plains",
        "season": "newleaf",
        "tags": [
            "hunting",
            "warrior",
            "apprentice",
            "medium_prey",
            "comfort",
            "trust"
        ],
        "intro_text": "p_l and app1 sit in the plains, near a network of ground squirrel burrows. This is one of a few such networks, rotated around by mentors to teach apprentices their hunting skills. app1 scents the air as instructed, and points out a burrow; sure enough, there's a squirrel's head poking out the entrance, blinking in the newleaf sun!",
        "decline_text": "p_l praises them and smiles, but reminds app1 that they aren't there to hunt, just to observe and discuss. There'll be plenty of time another day!",
        "chance_of_success": 60,
        "exp": 20,
        "success_text": {
            "unscathed_common": "p_l praises them and smiles, and app1 drops into a hunting crouch as the squirrel crawls out of the burrow. Though their paws are rather unpracticed, the basic knowledge is solid, and their hunt is a success!",
            "unscathed_rare": "p_l praises them and smiles, and app1 drops into a hunting crouch as the squirrel crawls out of the burrow. They're nervous, of course, but their technique is pretty-near flawless, and they catch the squirrel easily!"
        },
        "fail_text": {
            "unscathed_common": "p_l praises them and smiles, and app1 drops into a hunting crouch as the squirrel crawls out of the burrow. Unfortunately, in their excitement, app1 rustles the grass a little too hard; the squirrel shrieks at them and vanishes into the burrow."
        },
        "min_cats": 2,
        "max_cats": 2,
        "antagonize_text": null,
        "antagonize_fail_text": null
    },
    {
        "patrol_id": "pln_hunt_newleaf_squirrel_burrowbusiness1",
        "biome": "plains",
        "season": "newleaf",
        "tags": [
            "hunting",
            "medium_prey0",
            "large_prey1",
            "apprentice",
            "three_apprentices",
            "comfort",
            "trust",
            "platonic",
            "injury",
            "injure_all",
            "non_lethal",
            "scrapes",
            "claw-wound",
            "scar",
            "SNOUT"
        ],
        "intro_text": "The trio is gathered around an isolated burrow, discussing their plan in hushed mews. This burrow is an abandoned rabbit's warren, but currently is home to ground squirrels. The three entrances seem just big enough for the three apprentices to crawl inside, bringing the hunt right to the squirrels, who are hopefully just waking up from hibernation.",
        "decline_text": "... On second thought, maybe this is too risky. app1 and app2 exchange nervous glances, and app3 shuffles their paws before suggesting they go home instead, to which the others gladly agree. Better to stick to what they know.",
        "chance_of_success": 40,
        "exp": 40,
        "success_text": {
            "unscathed_common": "Slowly, carefully, the young cats enter the burrow. It's dark and cramped, but they fit fine, and are able to follow their noses to the heart of the den. It's easy pickings at that point; the squirrels are awake, and some wriggle past, but when they emerge (covered in dirt and mud), it's with a good haul of squirrels to bring home!",
            "unscathed_rare": "Slowly, carefully, the young cats enter the burrow. It's dark and cramped, but they fit fine, and are able to follow their noses to the heart of the den. It's easy pickings at that point; with the squirrels all asleep, the apprentices kill them quietly and without any fuss. It takes two trips for them to bring it all home!"
        },
        "fail_text": {
            "unscathed_common": "Slowly, carefully, the young cats enter the burrow. It's dark and cramped, but they fit fine, and are able to follow their noses to the heart of the den. Unfortunately, the burrow is barren, not a single squirrel to be found, and the apprentices head home disappointed.",
            "injury": "Slowly, carefully, the young cats enter the burrow. It's dark and cramped, but they fit fine, and are able to follow their noses to the heart of the den. Unfortunately, the squirrels are awake, and angry! They hiss and chitter in rage, swiping at their muzzles and driving the apprentices back out of the burrow, where they turn tail and run home."
        },
        "min_cats": 3,
        "max_cats": 3,
        "antagonize_text": null,
        "antagonize_fail_text": null,
        "history_text": {
            "scar": "m_c was scarred as an apprentice by an angry ground squirrel."
        }
    },
    {
        "patrol_id": "pln_hunt_newleaf_groupsquirrel1",
        "biome": "plains",
        "season": "newleaf",
        "tags": [
            "hunting",
            "medium_prey",
            "comfort",
            "trust",
            "platonic",
            "respect"
        ],
        "intro_text": "p_l's patrol strolls leisurely through the plains, enjoying the smells of newleaf. One cat raises their tail, signaling the others to be still; they've scented ground squirrels nearby.",
        "decline_text": "p_l quietly shakes their head and leads the patrol elsewhere. Better not to disturb the squirrels, who are still thin and hungry from hibernation.",
        "chance_of_success": 50,
        "exp": 20,
        "success_text": {
            "unscathed_common": "The patrol makes short work of locating the squirrels, spreading out into a loose formation to encircle their prey. Slowly, they move in, the circle getting tighter and tighter, until they're finally seen. The squirrels screech and scatter in different directions, but the circle cuts off their escape, and by the end of it they're fresh-kill.",
            "unscathed_rare": "First order of business is blocking their access to any nearby burrows, which r_c takes care of. After that, it's a matter of finding and catching the squirrels, which proves to be simple, especially with their access to safety denied. One really couldn't ask for a better hunt.",
            "stat_skill": "s_c murmurs instructions to their Clanmates, who nod silently and move into position. One cat feints at a squirrel, who raises the alarm and turns to run; another cat blocks off the nearby burrow's entrance, forcing the squirrels to run towards s_c; and s_c lunges in for the kill. A flawless hunt, not a single squirrel left behind."
        },
        "fail_text": {
            "unscathed_common": "It only takes one squirrel spotting r_c to raise the alarm before they've all vanished into their burrows. Though the others made a few catches before they scattered, they didn't get nearly what they would have otherwise."
        },
        "win_skills": [
            "HUNTER,1"
        ],
        "min_cats": 3,
        "max_cats": 6,
        "antagonize_text": null,
        "antagonize_fail_text": null
    },
    {
        "patrol_id": "pln_hunt_newleaf_solomouse1",
        "biome": "plains",
        "season": "newleaf",
        "tags": [
            "hunting",
            "no_app",
            "medium_prey"
        ],
        "intro_text": "r_c catches scent of a mouse nearby. With the snows of leaf-bare melting away into sad puddles of leftover dirty white, escape tunnels set up in leaf-bare will have collpased. r_c can take advantage of that.",
        "decline_text": "Your patrol ignores the mouse.",
        "success_text": {
            "unscathed_common": "r_c locates the mouse and begins to stalk. The mouse nibbles on a seed, unaware of the hunting cat. r_c waggles their haunches and leaps, pinning the mouse beneath a paw as they make the killing bite.",
            "unscathed_rare": "r_c pinpoints the location of the prey and begins creeping forward. They're almost within pouncing distance when the mouse suddenly bolts. With a lash of their tail, r_c leaps after the mouse, barely snagging it before it reaches a burrow. They purr in satisfaction as prey-blood hits their tongue.",
            "stat_skill": "s_c immediately drops into a practised crouch, shimmying flawlessly along the ground and taking the perfectly plump mouse completely by surprise."
        },
        "fail_text": {
            "unscathed_common": "r_c narrowly misses the mouse."
        },
        "chance_of_success": 60,
        "exp": 10,
        "win_skills": [
            "HUNTER,1"
        ],
        "min_cats": 1,
        "max_cats": 1,
        "antagonize_text": null,
        "antagonize_fail_text": null
    },
    {
        "patrol_id": "pln_hunt_newleaf_soloappmouse1",
        "biome": "plains",
        "season": "newleaf",
        "tags": [
            "hunting",
            "apprentice",
            "medium_prey"
        ],
        "intro_text": "app1 catches scent of a mouse nearby. All the grass that the newleaf sun has brought to the world probalby seems like a banquet to mice - app1 has meatier tastes.",
        "decline_text": "Your patrol ignores the mouse.",
        "chance_of_success": 40,
        "exp": 20,
        "success_text": {
            "unscathed_common": "app1 pounces on the mouse, with a squeak of surprise from both prey and apprentice. Still, no one else was around to see their inelegant kill, and app1 feels very mature, bringing in prey to the fresh-kill pile by themselves.",
            "unscathed_rare": "app1 leaps onto the mouse, an easy kill! They're really getting the hang of hunting!"
        },
        "fail_text": {
            "unscathed_common": "Your patrol narrowly misses the mouse."
        },
        "min_cats": 1,
        "max_cats": 1,
        "antagonize_text": null,
        "antagonize_fail_text": null
    },
    {
        "patrol_id": "pln_hunt_newleaf_mentormouse1",
        "biome": "plains",
        "season": "newleaf",
        "tags": [
            "hunting",
            "apprentice",
            "small_prey",
            "comfort",
            "trust",
            "warrior"
        ],
        "intro_text": "app1 catches scent of a mouse nearby. p_l points out the little path devloping between the growing strands of grass - the mouse comes this way often.",
        "decline_text": "Your patrol ignores the mouse.",
        "chance_of_success": 60,
        "exp": 20,
        "success_text": {
            "unscathed_common": "app1 sets themselves up in ambush, pouncing on the mouse with a squeak of surprise from both prey and apprentice. They look up, holding their fresh-kill, meeting p_l's eyes with a purr.",
            "unscathed_rare": "app1 stalks the mouse to an easy kill! They're really getting the hang of hunting, p_l tells them, and as the pair head back home there's a happy bounce in app1's steps."
        },
        "fail_text": {
            "unscathed_common": "app1 narrowly misses the mouse, their tail drooping sadly as it scurries off into the distance."
        },
        "min_cats": 2,
        "max_cats": 2,
        "antagonize_text": null,
        "antagonize_fail_text": null
    },
    {
        "patrol_id": "pln_hunt_newleaf_mice_appshowoff1",
        "biome": "plains",
        "season": "newleaf",
        "tags": [
            "hunting",
            "romantic",
            "respect",
            "rel_two_apps",
            "apprentice",
            "two_apprentices",
            "medium_prey"
        ],
        "intro_text": "As the patrol heads out into the grass-sea to hunt, taking advantage of a break in the rain, app1 seems more focused on app2 than the pursuit of prey.",
        "decline_text": "The cats are called back to camp - there's something the deputy needs to discuss with them.",
        "chance_of_success": 60,
        "exp": 20,
        "success_text": {
            "unscathed_common": "While p_l was right - app1 definitely cares more about how they look to app2 than hunting - it turns out fine. The patrol picks up a good haul of mice that were out foraging in the newleaf grass, and p_l indulgently makes sure to tell app1 their reaction speed was very good in front of app2.",
            "unscathed_rare": "While the way app1 tries to burst out of a bush on a rabbit was categorically silly, the mice that were startled into the claws of the rest of the hunting patrol make up for it, and all the adults remember being young, dumb, and stupid with the desire to impress a pretty pelt. p_l takes app1 aside for a quiet word about toning it down a little, but the hunting trip goes well.",
            "stat_trait": "There is a time and a place for app1 to try their luck looking good in front of app2 - and that time is now! They trot back to camp at the front of the hunting patrol, carrying the mice they caught with slightly more than the right amount of pride."
        },
        "fail_text": {
            "unscathed_common": "app1 is so busy watching if app2 is watching <i>them</i> that they forget to watch their own paws - and falling into the deep newleaf mud impressed nobody."
        },
        "win_trait": [
            "bold",
            "charismatic",
            "confident",
            "daring",
            "fierce",
            "shameless",
            "troublesome"
        ],
        "min_cats": 3,
        "max_cats": 6,
        "antagonize_text": null,
        "antagonize_fail_text": null
    },
    {
        "patrol_id": "pln_hunt_newleaf_groupmice1",
        "biome": "plains",
        "season": "newleaf",
        "tags": [
            "hunting",
            "respect",
            "patrol_to_r_c",
            "medium_prey0",
            "large_prey1",
            "large_prey2"
        ],
        "intro_text": "r_c suggests that the patrol might consider going out to a distant spot on the plains. With slightly higher ground, it should be drier, proving better footing for hunting, and they think the grass there will be lush enough to attract mice.",
        "decline_text": "The cats are called back to camp - there's something the deputy needs to discuss with them.",
        "chance_of_success": 60,
        "exp": 20,
        "success_text": {
            "unscathed_common": "As they arrive, the patrol startles two mice, and r_c manages to react quick enough to kill one with an inelegant pounce. It's a good omen for the rest of the morning's work, which proves to be a productive and satisfying hunt.",
            "unscathed_rare": "Your cats sneak into the hunting grounds, ears rotating as different spots catch their interest. r_c's suggestion proves to be a fruitful hunting ground, one that c_n hasn't used for a while and whose creatures (as predicted, nearly all mice) have lost their edge of wariness. It's a good hunt.",
            "stat_skill": "These are the times that it really pays to have a hunter of s_c's caliber on the patrol - they really go above and beyond, impressing everyone and leaving a trail of terror among the local mice."
        },
        "fail_text": {
            "unscathed_common": "Ah. r_c's suggested hunting grounds don't work out, not that anyone blames them for it."
        },
        "win_skills": [
            "HUNTER,1"
        ],
        "min_cats": 3,
        "max_cats": 6,
        "antagonize_text": null,
        "antagonize_fail_text": null
    }
]