[
	{
		"id": "admire_de_low1",
		"intensity": "low",
		"interactions": [
			"m_c saw r_c being rude."
		]
	},
	{
		"id": "admire_de_low2",
		"intensity": "low",
		"interactions": [
			"m_c complains about something r_c did."
		],
		"reaction_random_cat": {
			"admiration": "decrease"
		}
	},
	{
		"id": "admire_de_medium1",
		"interactions": [
			"m_c saw r_c take the last piece of prey from the fresh-kill pile.",
			"m_c thinks r_c has a strange sense of humor.",
			"m_c is frustrated that r_c won't take {PRONOUN/r_c/poss} actions more seriously.",
			"m_c feels like r_c isn't taking {PRONOUN/r_c/poss} own personal health seriously."
		]
	},
	{
		"id": "admire_de_medium2",
		"interactions": [
			"m_c tried to bring r_c's behaviour up to them, but it turned into a fight that someone else had to break up."
		],
		"reaction_random_cat": {
			"admiration": "decrease"
		}
	},
	{
		"id": "admire_de_medium3",
		"interactions": [
			"m_c and r_c had to fix something around camp and argued about how to fix it. It ended up being fixed by some other cat in the end."
		],
		"reaction_random_cat": {
			"admiration": "decrease"
		},
		"main_status_constraint": [
			"elder",
			"apprentice",
			"warrior",
			"mediator apprentice",
			"mediator",
			"medicine cat apprentice",
			"medicine cat",
			"deputy",
			"leader"
		],
		"random_status_constraint": [
			"elder",
			"apprentice",
			"warrior",
			"mediator apprentice",
			"mediator",
			"medicine cat apprentice",
			"medicine cat",
			"deputy",
			"leader"
		]
	},
	{
		"id": "admire_adult_de_med1",
		"interactions": [
			"m_c saw r_c miss an easy catch today."
		],
		"main_status_constraint": [
			"apprentice",
			"warrior",
			"deputy",
			"leader"
		],
		"random_status_constraint": [
			"apprentice",
			"warrior",
			"deputy",
			"leader"
		]
	},
	{
		"id": "admire_adult_de_med2",
		"interactions": [
			"m_c has noticed r_c isn't doing a lot of work lately."
		],
		"main_status_constraint": [
			"elder",
			"apprentice",
			"warrior",
			"deputy",
			"leader",
			"medicine cat",
			"mediator"
		],
		"random_status_constraint": [
			"apprentice",
			"warrior",
			"mediator apprentice",
			"mediator",
			"medicine cat apprentice",
			"medicine cat",
			"deputy",
			"leader"
		]
	},
	{
		"id": "admire_de_high1",
		"intensity": "high",
		"interactions": [
			"m_c heard an ugly rumor about r_c."
		]
	},
	{
		"id": "admire_de_high2",
		"intensity": "high",
		"interactions": [
			"m_c had a difficult conversation with r_c, and they both ended up resentful of each other.",
			"m_c was noticeably distracted while r_c was trying to tell a story."
		],
		"reaction_random_cat": {
			"admiration": "decrease"
		}
	}
]