[
    {
        "camp": "any",
        "tags": [
            "Newleaf",
            "Greenleaf",
            "Leaf-fall",
            "Leaf-bare",
            "malnourished"
        ],
        "death_text": "m_c feels {PRONOUN/m_c/poss} stomach rumble, but {PRONOUN/m_c/subject} {VERB/m_c/try/tries} to stay strong for the Clan and be a good example.",
        "history_text": [
            null,
            null
        ],
        "cat_trait": [
            "empathetic",
            "strict",
            "responsible",
            "altruistic"
        ],
        "cat_skill": null,
        "other_cat_trait": null,
        "other_cat_skill": null
    }
]