[
	{
		"id": "group_3_positive_meditate",
		"cat_amount": 3,
		"intensity": "high",
		"interactions": [
			"m_c is convincing r_c1 that r_c2 isn't so bad once you get to know {PRONOUN/r_c2/object}.",
			"m_c chats with r_c1 about how r_c2 is a nice cat."
		],
		"trait_constraint": {
			"m_c": ["charismatic", "empathetic", "loyal", "charming"]
		},
		"relationship_constraint": {
			"m_c_to_r_c2": ["platonic_20"],
			"r_c1_to_r_c2": ["dislike_20"]
		},
		"specific_reaction": {
			"m_c_to_r_c1": {
				"platonic": "increase",
				"comfortable": "increase",
				"trust": "increase"
			},
			"m_c_to_r_c2": {
				"platonic": "increase",
				"comfortable": "increase",
				"trust": "increase"
			},
			"r_c1_to_r_c2": {
				"dislike": "decrease"
			}
		}
	}
]