{
  "general": {
    "body": [
      "r_c bends over the body of {PRONOUN/r_c/poss} love, wailing {PRONOUN/r_c/poss} despair into m_c's fur. {PRONOUN/r_c/subject/CAP} {VERB/r_c/sit/sits} vigil next to the body, wishing {PRONOUN/r_c/subject} could wake from this nightmare.",
      "r_c stares dully at m_c, the world fading from awareness as {PRONOUN/r_c/subject} {VERB/r_c/try/tries} to comprehend {PRONOUN/m_c/poss} death. All the things they'll never do together, the places r_c wanted to show {PRONOUN/r_c/object}, the life they could have lived by each other's sides, all wiped away in an instant.",
      "As the Clan sits vigil for m_c, r_c refuses to even move from {PRONOUN/r_c/poss} nest, refuses to eat or drink or talk, as though by refusing to face the world will bring {PRONOUN/m_c/object} back.",
      "Surely, surely the world can't go on, surely the sun won't rise and the seasons won't turn, not now that m_c is dead. r_c doesn't know how to go on without {PRONOUN/m_c/object}.",
      "r_c lies next to m_c as the Clan sits vigil for {PRONOUN/m_c/object}. {PRONOUN/r_c/poss} world has ended with m_c.",
      "So many happy memories, gone in an instant. r_c buries {PRONOUN/r_c/poss} nose in m_c's cold pelt, promising {PRONOUN/r_c/self} that {PRONOUN/r_c/subject} will never forget the warmth of m_c's scent.",
      "r_c can't believe that the stiff body before {PRONOUN/r_c/object} was once {PRONOUN/r_c/poss} love, m_c. At any moment, {PRONOUN/r_c/subject} {VERB/r_c/expect/expects} m_c to open {PRONOUN/m_c/poss} eyes and laugh; but it never happens. The world seems so much darker now."

    ],
    "no_body": [
      "Surely, surely the world can't go on, surely the sun won't rise and the seasons won't turn, not now that m_c is dead. r_c doesn't know how to go on without {PRONOUN/m_c/object}.",
      "As the Clan sits vigil for m_c, r_c refuses to even move from {PRONOUN/r_c/poss} nest, refuses to eat or drink or talk, as though by refusing to face the world will bring {PRONOUN/m_c/object} back.",
      "Though {PRONOUN/r_c/subject} {VERB/r_c/know/knows} it's unrealistic, deep down, r_c is praying to StarClan that m_c isn't truly gone.",
      "r_c feels lost without m_c's body to sit vigil over. {PRONOUN/r_c/subject} {VERB/r_c/stare/stares} up at Silverpelt all night, straining to see if a new star has joined the sky and refusing to move until daybreak.",
      "r_c's nest feels so big and empty without m_c's body next to {PRONOUN/r_c/inposs}. {PRONOUN/r_c/subject/CAP} can barely sleep, surrounded by m_c's scent and cold night air."
    ]
  },
  "adventurous": {
    "body": [


    ],
    "no_body": [

    ]
  },
  "altruistic": {
    "body": [

    ],
    "no_body": [

    ]
  },
  "ambitious": {
    "body": [

    ],
    "no_body": [

    ]
  },
  "bloodthirsty": {
    "body": [

    ],
    "no_body": [

    ]
  },
  "bold": {
    "body": [

    ],
    "no_body": [

    ]
  },
  "calm": {
    "body": [
      "r_c doesn't show {PRONOUN/r_c/poss} emotions often, but when m_c's body is returned to camp, {PRONOUN/r_c/subject} can't suppress a shriek of grief. The cats around {PRONOUN/r_c/object} give {PRONOUN/r_c/object} space as {PRONOUN/r_c/subject} {VERB/r_c/collapse/collapses} next to {PRONOUN/r_c/poss} former love."

    ],
    "no_body": [

    ]
  },
  "careful": {
    "body": [

    ],
    "no_body": [

    ]
  },
  "charismatic": {
    "body": [

    ],
    "no_body": [

    ]
  },
  "childish": {
    "body": [

    ],
    "no_body": [

    ]
  },
  "cold": {
    "body": [
      "r_c doesn't show {PRONOUN/r_c/poss} emotions often, but when m_c's body is returned to camp, {PRONOUN/r_c/subject} can't suppress a shriek of grief. The cats around {PRONOUN/r_c/object} give {PRONOUN/r_c/object} space as {PRONOUN/r_c/subject} {VERB/r_c/collapse/collapses} next to {PRONOUN/r_c/poss} former love."

    ],
    "no_body": [

    ]
  },
  "compassionate": {
    "body": [
      "Although r_c's grief at the loss of m_c is overwhelming, {PRONOUN/r_c/subject} {VERB/r_c/make/makes} sure to tend to {PRONOUN/r_c/poss} Clanmates before indulging in {PRONOUN/r_c/poss} own mourning. It's all {PRONOUN/r_c/subject} can do not to collapse, but caring for the cats around {PRONOUN/r_c/object} has always brought {PRONOUN/r_c/object} comfort in times of need."

    ],
    "no_body": [

    ]
  },
  "confident": {
    "body": [

    ],
    "no_body": [

    ]
  },
  "daring": {
    "body": [

    ],
    "no_body": [

    ]
  },
  "empathetic": {
    "body": [

    ],
    "no_body": [

    ]
  },
  "faithful": {
    "body": [

    ],
    "no_body": [

    ]
  },
  "fierce": {
    "body": [

    ],
    "no_body": [

    ]
  },
  "insecure": {
    "body": [

    ],
    "no_body": [
      "Maybe m_c didn't really die. Maybe {PRONOUN/m_c/subject} {VERB/m_c/were/was} just finally fed up with r_c and decided to leave. r_c stays in {PRONOUN/r_c/poss} nest, numb and terrified."

    ]
  },
  "lonesome": {
    "body": [
      "r_c had thought that {PRONOUN/r_c/subject} would never feel alone again after m_c entered {PRONOUN/r_c/poss} life. Now, staring at m_c's lifeless body, r_c doesn't know what {PRONOUN/r_c/subject}'ll do, how {PRONOUN/r_c/subject}'ll ever go on from here.",
      "r_c's Clanmates make sure to spend extra time with {PRONOUN/r_c/object} in the days since m_c's death, sharing their fresh-kill and tongues. One night, r_c even finds extra moss lining {PRONOUN/r_c/poss} bed. Maybe {PRONOUN/r_c/subject}{VERB/r_c/'re/'s} not as alone as {PRONOUN/r_c/subject} always thought {PRONOUN/r_c/subject} {VERB/r_c/were/was}."

    ],
    "no_body": [
      "If only r_c had proof that m_c was really dead... with no body, the void left by m_c's absence is so much harder to bear. r_c sits motionless in {PRONOUN/r_c/poss} nest, staring at the camp entrance and waiting, hoping, for a familiar face to appear."

    ]
  },
  "loving": {
    "body": [
      "When m_c's body is returned to camp, r_c can't help but break down in caterwauls. {PRONOUN/r_c/subject/CAP} {VERB/r_c/press/presses} {PRONOUN/r_c/poss} muzzle into m_c's icy pelt, shivering with grief.",
      "Despite feeling like {PRONOUN/r_c/poss} heart has been torn in two, r_c gently places m_c's favorite nest decorations next to {PRONOUN/m_c/poss} still body, so that it looks like {PRONOUN/m_c/subject}{VERB/m_c/'re/'s} not dead, but simply in a deep and peaceful sleep."
      
    ],
    "no_body": [
      "Even with no body, r_c is determined to never fall in love with another cat again. m_c was {PRONOUN/r_c/poss} one true love, and maybe, just maybe, {PRONOUN/m_c/subject} will return someday."

    ]
  },
  "loyal": {
    "body": [
    

    ],
    "no_body": [
      "Even with no body, r_c is determined to never fall in love with another cat again. Maybe, just maybe, m_c will return someday."

    ]
  },
  "nervous": {
    "body": [

    ],
    "no_body": [

    ]
  },
  "patient": {
    "body": [

    ],
    "no_body": [

    ]
  },
  "playful": {
    "body": [

    ],
    "no_body": [

    ]
  },
  "responsible": {
    "body": [

    ],
    "no_body": [

    ]
  },
  "righteous": {
    "body": [

    ],
    "no_body": [

    ]
  },
  "shameless": {
    "body": [

    ],
    "no_body": [

    ]
  },
  "sneaky": {
    "body": [

    ],
    "no_body": [

    ]
  },
  "strange": {
    "body": [

    ],
    "no_body": [

    ]
  },
  "strict": {
    "body": [

    ],
    "no_body": [

    ]
  },
  "thoughtful": {
    "body": [

    ],
    "no_body": [

    ]
  },
  "troublesome": {
    "body": [

    ],
    "no_body": [

    ]
  },
  "vengeful": {
    "body": [
      "r_c wants to tear the world apart. Looking down at m_c's lifeless body, r_c digs {PRONOUN/r_c/poss} claws into the ground and grits {PRONOUN/r_c/poss} teeth, vowing to {PRONOUN/r_c/self} to avenge {PRONOUN/r_c/poss} lost love in any way possible."

    ],
    "no_body": [
      "The world is so much colder now without m_c in it. r_c stares up at the sky, yowling {PRONOUN/r_c/poss} fury at StarClan for taking away {PRONOUN/r_c/poss} love. No matter what, and wherever {PRONOUN/r_c/subject} go, {PRONOUN/r_c/subject} will never stop searching for m_c."

    ]
  },
  "wise": {
    "body": [

    ],
    "no_body": [

    ]
  },
  "attention-seeker": {
    "body": [

    ],
    "no_body": [

    ]
  },
  "bossy": {
    "body": [

    ],
    "no_body": [

    ]
  },
  "bouncy": {
    "body": [

    ],
    "no_body": [

    ]
  },
  "bullying": {
    "body": [

    ],
    "no_body": [

    ]
  },
  "charming": {
    "body": [

    ],
    "no_body": [

    ]
  },
  "daydreamer": {
    "body": [

    ],
    "no_body": [

    ]
  },
  "impulsive": {
    "body": [

    ],
    "no_body": [

    ]
  },
  "inquisitive": {
    "body": [

    ],
    "no_body": [

    ]
  },
  "noisy": {
    "body": [

    ],
    "no_body": [

    ]
  },
  "polite": {
    "body": [
      "r_c doesn't want to trouble {PRONOUN/r_c/poss} Clanmates with {PRONOUN/r_c/poss} grief. Everyone is hurting after m_c's death. r_c waits until {PRONOUN/r_c/subject} {VERB/r_c/are/is} alone, then sits a silent vigil under Silverpelt, holding back {PRONOUN/r_c/poss} wails."


    ],
    "no_body": [

    ]
  },
  "quiet": {
    "body": [
      "r_c doesn't want to trouble {PRONOUN/r_c/poss} Clanmates with {PRONOUN/r_c/poss} grief. Everyone is hurting after m_c's death. r_c waits until {PRONOUN/r_c/subject} {VERB/r_c/are/is} alone, then sits a silent vigil under Silverpelt, holding back {PRONOUN/r_c/poss} wails."

    ],
    "no_body": [

    ]
  },
  "sweet": {
    "body": [

    ],
    "no_body": [

    ]
  }
}
