[
	{
		"id": "dislike_de_low1",
		"intensity": "low",
		"interactions": [
			"m_c is surprised by r_c being thoughtful."
		]
	},
	{
		"id": "dislike_de_low2",
		"intensity": "low",
		"interactions": [
			"m_c apologized to r_c for something or other."
		],
		"reaction_random_cat": {
			"dislike": "decrease"
		}
	},
	{
		"id": "dislike_de_med1",
		"interactions": [
			"m_c realized that {PRONOUN/m_c/subject} {VERB/m_c/were/was} too harsh in {PRONOUN/m_c/poss} judgment of r_c."
		]
	},
	{
		"id": "dislike_de_med2",
		"interactions": [
			"m_c covered for r_c on something minor."
		],
		"reaction_random_cat": {
			"dislike": "decrease"
		}
	},
	{
		"id": "dislike_de_high1",
		"intensity": "high",
		"interactions": [
			"m_c is surprised to hear r_c express an ideal {PRONOUN/m_c/subject} can agree with."
		]
	},
	{
		"id": "dislike_de_high2",
		"intensity": "high",
		"interactions": [
			"m_c and r_c joke around about how bad the other Clans smell."
		],
		"reaction_random_cat": {
			"dislike": "decrease"
		}
	},
	{
		"id": "dislike_de_high3",
		"intensity": "high",
		"interactions": [
			"m_c and r_c heckled another Clan at the gathering together."
		],
		"reaction_random_cat": {
			"dislike": "decrease"
		},
		"main_status_constraint": [
			"elder",
			"apprentice",
			"warrior",
			"mediator apprentice",
			"mediator",
			"medicine cat apprentice",
			"medicine cat",
			"deputy",
			"leader"
		],
		"random_status_constraint": [
			"elder",
			"apprentice",
			"warrior",
			"mediator apprentice",
			"mediator",
			"medicine cat apprentice",
			"medicine cat",
			"deputy",
			"leader"
		]
	}
]