[
	{
		"id": "dislike_inc_low1",
		"intensity": "low",
		"interactions": [
			"m_c had r_c bump into {PRONOUN/m_c/object}, and {PRONOUN/r_c/subject} didn't even apologize!"
		]
	},
	{
		"id": "dislike_inc_low2",
		"intensity": "low",
		"interactions": [
			"m_c had a disagreement with r_c about something or other."
		],
		"reaction_random_cat": {
			"dislike": "increase"
		}
	},
	{
		"id": "dislike_inc_med1",
		"intensity": [
			"m_c wishes r_c would take things more seriously."
		]
	},
	{
		"id": "dislike_inc_med2",
		"interactions": [
			"m_c ignores r_c.",
			"m_c had a huge argument with r_c.",
			"m_c had a spat with r_c over a piece of prey on the fresh-kill pile."
		],
		"reaction_random_cat": {
			"dislike": "increase"
		}
	},
	{
		"id": "dislike_inc_med3",
		"interactions": [
			"m_c had a disagreement with r_c while on patrol earlier.",
			"m_c stole r_c's catch right out from under {PRONOUN/r_c/poss} claws.",
			"m_c prays that {PRONOUN/m_c/subject} {VERB/m_c/aren't/isn't} on patrol with r_c tomorrow."
		],
		"main_status_constraint": [
			"apprentice",
			"warrior",
			"deputy",
			"leader"
		],
		"random_status_constraint": [
			"apprentice",
			"warrior",
			"deputy",
			"leader"
		],
		"reaction_random_cat": {
			"dislike": "increase"
		}
	},
	{
		"id": "dislike_inc_med4",
		"interactions": [
			"m_c is thinking about how r_c wronged {PRONOUN/m_c/object}.",
			"m_c is watching r_c scornfully.",
			"m_c is glaring daggers at r_c."
		],
		"main_trait_constraint": [
			"vengeful"
		]
	},
	{
		"id": "dislike_inc_med5",
		"interactions": [
			"r_c is asking m_c to tell {PRONOUN/r_c/object} about how good {PRONOUN/r_c/subject} {VERB/m_c/look/looks}.",
			"r_c offends m_c with {PRONOUN/r_c/poss} brutal honesty.",
			"r_c is boasting about {PRONOUN/r_c/poss} accomplishments to m_c, but m_c isn't impressed."
		],
		"random_trait_constraint": [
			"shameless"
		]
	},
	{
		"id": "dislike_inc_med6",
		"interactions": [
			"r_c pulled a prank on m_c.",
			"r_c blamed m_c for {PRONOUN/r_c/poss} own mistake.",
			"r_c won't stop bothering m_c."
		],
		"random_trait_constraint": [
			"troublesome"
		]
	},
	{
		"id": "dislike_effect_other1",
		"relationship_constraint": [
			"dislike_40"
		],
		"interactions": [
			"r_c is spreading a rumor about m_c.",
			"r_c is mocking m_c."
		]
	},
	{
		"id": "dislike_kit_inc_med1",
		"interactions": [
			"m_c trips over r_c.",
			"m_c had to nip r_c on the rump because {PRONOUN/r_c/subject} {VERB/r_c/were/was} being naughty.",
			"m_c growls at r_c to get out from under {PRONOUN/m_c/poss} paws."
		],
		"main_status_constraint": [
			"elder",
			"apprentice",
			"warrior",
			"mediator apprentice",
			"mediator",
			"medicine cat apprentice",
			"medicine cat",
			"deputy",
			"leader"
		],
		"random_status_constraint": [
			"kitten"
		],
		"reaction_random_cat": {
			"dislike": "increase"
		}
	},
	{
		"id": "dislike_dep_leader_inc_med1",
		"interactions": [
			"m_c punishes r_c with extra work.",
			"m_c divides r_c into extra patrols."
		],
		"main_status_constraint": [
			"deputy",
			"leader"
		],
		"random_status_constraint": [
			"apprentice",
			"warrior"
		],
		"reaction_random_cat": {
			"dislike": "increase"
		}
	},
	{
		"id": "dislike_med_inc_med1",
		"interactions": [
			"m_c gives r_c bitter herbs on purpose."
		],
		"main_status_constraint": [
			"medicine cat apprentice",
			"medicine cat"
		],
		"reaction_random_cat": {
			"dislike": "increase"
		}
	},
	{
		"id": "dislike_inc_high1",
		"intensity": "high",
		"interactions": [
			"m_c thinks r_c is being annoying."
		]
	},
	{
		"id": "dislike_inc_high2",
		"intensity": "high",
		"interactions": [
			"m_c had a fight with r_c."
		],
		"reaction_random_cat": {
			"dislike": "increase"
		}
	},
	{
		"id": "dislike_inc_high3",
		"intensity": "high",
		"relationship_constraint": [
			"dislike_50"
		],
		"interactions": [
			"m_c shudders at the sound of r_c's voice."
		]
	},
	{
		"id": "dislike_inc_high4",
		"intensity": "high",
		"interactions": [
			"m_c accuses r_c of being a bad leader."
		],
		"relationship_constraint": [
			"dislike_50"
		],
		"random_status_constraint": [
			"leader"
		]
	},
	{
		"id": "dislike_inc_high5",
		"intensity": "high",
		"interactions": [
			"m_c accuses r_c of being a bad deputy."
		],
		"relationship_constraint": [
			"dislike_50"
		],
		"random_status_constraint": [
			"deputy"
		],
		"reaction_random_cat": {
			"dislike": "increase"
		}
	},
	{
		"id": "dislike_inc_high6",
		"intensity": "high",
		"interactions": [
			"m_c is scolding r_c.",
			"m_c is bossing r_c around."
		],
		"main_status_constraint": [
			"elder",
			"medicine cat",
			"deputy",
			"leader"
		],
		"reaction_random_cat": {
			"platonic": "decrease",
			"comfortable": "decrease",
			"admiration": "decrease",
			"trust": "decrease"
		}
	},
	{
		"id": "dislike_inc_high7",
		"intensity": "high",
		"interactions": [
			"m_c thinks {PRONOUN/m_c/subject} should be deputy instead of r_c.",
			"m_c is tired from r_c putting {PRONOUN/m_c/object} on so many patrols."
		],
		"relationship_constraint": [
			"dislike_40"
		],
		"random_status_constraint": [
			"deputy"
		],
		"main_status_constraint": [
			"apprentice",
			"warrior"
		],
		"also_influences": {
			"jealousy": "increase"
		}
	},
	{
		"id": "dislike_kit_de_med1",
		"interactions": [
			"m_c sticks {PRONOUN/m_c/poss} tongue out at r_c"
		],
		"main_status_constraint": [
			"kitten"
		],
		"reaction_random_cat": {
			"dislike": "increase"
		}
	},
	{
		"id": "dislike_kit_de_med2",
		"interactions": [
			"m_c tried to have a friendly discussion with r_c about what prey tastes best, but it turned into an argument."
		],
		"main_status_constraint": [
			"kitten"
		],
		"random_status_constraint": [
			"kitten"
		],
		"reaction_random_cat": {
			"dislike": "increase"
		}
	},
	{
		"id": "dislike_kit_inc_med3",
		"interactions": [
			"m_c whines that r_c won't play with {PRONOUN/m_c/object}, even though {PRONOUN/r_c/subject}{VERB/r_c/'re/'s} always around camp.",
			"m_c doesn't understand why r_c won't let {PRONOUN/m_c/object} play in the medicine cat den."
		],
		"main_status_constraint": [
			"kitten"
		],
		"random_status_constraint": [
			"elder",
			"mediator apprentice",
			"medicine cat apprentice"
		]
	}
]