[
    {
        "injury": "claw-wound",
        "tags": [
            "other_cat",
            "other_cat_adult",
            "Newleaf",
            "Greenleaf",
            "Leaf-fall",
            "Leaf-bare",
            "mc_to_rc",
            "comfort",
            "trust",
            "respect",
            "platonic",
            "scar",
            "TWO"
        ],
        "event_text": "m_c was grabbed by an eagle, but luckily r_c saves {PRONOUN/m_c/object}! The kit is still left injured from the ordeal.",
        "history_text": {
            "scar": "m_c was scarred as a kit, when an eagle tried to carry {PRONOUN/m_c/object} off.",
            "reg_death": "m_c died from {PRONOUN/m_c/poss} wounds after an eagle tried to carry {PRONOUN/m_c/object} off."
        },
        "cat_trait": null,
        "cat_skill": null,
        "other_cat_trait": null,
        "other_cat_skill": null
    },
    {
        "injury": "claw-wound",
        "tags": [
            "other_cat",
            "other_cat_adult",
            "Newleaf",
            "Greenleaf",
            "Leaf-fall",
            "Leaf-bare",
            "mc_to_rc",
            "comfort",
            "trust",
            "respect",
            "platonic",
            "scar",
            "TWO"
        ],
        "event_text": "m_c was grabbed by a hawk, but luckily r_c saves {PRONOUN/m_c/object}! The kit is still left injured from the ordeal.",
        "history_text": {
            "scar": "m_c was scarred as a kit, when a hawk tried to carry {PRONOUN/m_c/object} off.",
            "reg_death": "m_c died from {PRONOUN/m_c/poss} wounds after a hawk tried to carry {PRONOUN/m_c/object} off."
        },
        "cat_trait": null,
        "cat_skill": null,
        "other_cat_trait": null,
        "other_cat_skill": null
    },
    {
        "injury": "frostbite",
        "tags": [
            "Leaf-bare",
            "scar",
            "FROSTSOCK"
        ],
        "event_text": "m_c snuck out of camp and returned cold and shivering, frostbite nipping at {PRONOUN/m_c/poss} paws.",
        "history_text": {
            "scar": "m_c was scarred as a kit by frostbite.",
            "reg_death": "m_c died after they got frostbite sneaking out of camp."
        },
        "cat_trait": [
            "daring",
            "impulsive",
            "inquisitive",
            "troublesome"
        ],
        "cat_skill": null,
        "other_cat_trait": null,
        "other_cat_skill": null
    }
]