{
  "INFO": [
    "default should be what you'd like to display on the cat profile",
    "plural and singular will be used on events"
  ],
  "MAPLE LEAF": {
    "default": "maple leaf",
    "plural": "maple leaves",
    "singular": "maple leaf"
  },
  "HOLLY": {
    "default": "holly",
    "plural": "holly",
    "singular": "holly"
  },
  "BLUE BERRIES": {
    "default": "blue berries",
    "plural": "blue berries",
    "singular": "blue berry"
  },
  "FORGET ME NOTS": {
    "default": "forget-me-not flowers",
    "plural": "forget-me-not flowers",
    "singular": "forget-me-not flower"
  },
  "RYE STALK": {
    "default": "rye stalk",
    "plural": "rye stalks",
    "singular": "rye stalk"
  },
  "LAUREL": {
    "default": "laurel",
    "plural": "laurels",
    "singular": "laurel"
  },
  "BLUEBELLS": {
    "default": "bluebells",
    "plural": "bluebells",
    "singular": "bluebell"
  },
  "NETTLE": {
    "default": "nettle",
    "plural": "nettles",
    "singular": "nettle"
  },
  "POPPY": {
    "default": "poppy",
    "plural": "poppies",
    "singular": "poppy"
  },
  "LAVENDER": {
    "default": "lavender",
    "plural": "lavender flowers",
    "singular": "lavender"
  },
  "HERBS": {
    "default": "herb-covered pelt",
    "plural": "herbs",
    "singular": "bunch of herbs",
    "comment": ["just 'herb' sounds wrong, since the acc is visually multiple leaves on the cat. so i've structured",
      "this in a way that allows it to sound correct when used for the singular_acc abbreviation"]
  },
  "PETALS": {
    "default": "petal-covered pelt",
    "plural": "petals",
    "singular": "bunch of petals",
    "comment": ["just 'petal' sounds wrong, since the acc is visually multiple petals on the cat. so i've structured",
      "this in a way that allows it to sound correct when used for the singular_acc abbreviation"]
  },
  "DRY HERBS": {
    "default": "herb-covered pelt",
    "plural": "dry herbs",
    "singular": "bunch of dry herbs",
    "comment": ["just 'dry herb' sounds wrong, since the acc is visually multiple leaves on the cat. so i've structured",
      "this in a way that allows it to sound correct when used for the singular_acc abbreviation"]
  },
  "OAK LEAVES": {
    "default": "oak leaves",
    "plural": "oak leaves",
    "singular": "oak leaf"
  },
  "CATMINT": {
    "default": "catmint",
    "plural": "catmint",
    "singular": "catmint"
  },
  "MAPLE SEED": {
    "default": "maple seed",
    "plural": "maple seeds",
    "singular": "maple seed"
  },
  "JUNIPER": {
    "default": "juniper",
    "plural": "juniper",
    "singular": "juniper"
  },
  "RED FEATHERS": {
    "default": "cardinal feathers",
    "plural": "cardinal feathers",
    "singular": "cardinal feather"
  },
  "BLUE FEATHERS": {
    "default": "crow feathers",
    "plural": "crow feathers",
    "singular": "crow feather"
  },
  "JAY FEATHERS": {
    "default": "jay feathers",
    "plural": "jay feathers",
    "singular": "jay feather"
  },
  "MOTH WINGS": {
    "default": "moth wings",
    "plural": "moth wings",
    "singular": "moth wing"
  },
  "CICADA WINGS": {
    "default": "cicada wings",
    "plural": "cicada wings",
    "singular": "cicada wing"
  },
  "CRIMSON": {
    "default": "crimson leather collar",
    "plural": "crimson leather collars",
    "singular": "crimson leather collar"
  },
  "BLUE": {
    "default": "blue leather collar",
    "plural": "blue leather collars",
    "singular": "blue leather collar"
  },
  "CYAN": {
    "default": "cyan leather collar",
    "plural": "cyan leather collars",
    "singular": "cyan leather collar"
  },
  "YELLOW": {
    "default": "yellow leather collar",
    "plural": "yellow leather collars",
    "singular": "yellow leather collar"
  },
  "LIME": {
    "default": "lime leather collar",
    "plural": "lime leather collars",
    "singular": "lime leather collar"
  },
  "GREEN": {
    "default": "green leather collar",
    "plural": "green leather collars",
    "singular": "green leather collar"
  },
  "RED": {
    "default": "red leather collar",
    "plural": "red leather collars",
    "singular": "red leather collar"
  },
  "RAINBOW": {
    "default": "rainbow leather collar",
    "plural": "rainbow leather collars",
    "singular": "rainbow leather collar"
  },
  "BLACK": {
    "default": "black leather collar",
    "plural": "black leather collars",
    "singular": "black leather collar"
  },
  "SPIKES": {
    "default": "spiky leather collar",
    "plural": "spiky leather collars",
    "singular": "spiky leather collar"
  },
  "WHITE": {
    "default": "white leather collar",
    "plural": "white leather collars",
    "singular": "white leather collar"
  },
  "PINK": {
    "default": "pink leather collar",
    "plural": "pink leather collars",
    "singular": "pink leather collar"
  },
  "PURPLE": {
    "default": "purple leather collar",
    "plural": "purple leather collars",
    "singular": "purple leather collar"
  },
  "MULTI": {
    "default": "lilac leather collar",
    "plural": "lilac leather collars",
    "singular": "lilac leather collar"
  },
  "INDIGO": {
    "default": "indigo leather collar",
    "plural": "indigo leather collars",
    "singular": "indigo leather collar"
  },
  "CRIMSONBELL": {
    "default": "crimson bell collar",
    "plural": "crimson bell collars",
    "singular": "crimson bell collar"
  },
  "BLUEBELL": {
    "default": "blue bell collar",
    "plural": "blue bell collars",
    "singular": "blue bell collar"
  },
  "CYANBELL": {
    "default": "cyan bell collar",
    "plural": "cyan bell collars",
    "singular": "cyan bell collar"
  },
  "YELLOWBELL": {
    "default": "yellow bell collar",
    "plural": "yellow bell collars",
    "singular": "yellow bell collar"
  },
  "LIMEBELL": {
    "default": "lime bell collar",
    "plural": "lime bell collars",
    "singular": "lime bell collar"
  },
  "GREENBELL": {
    "default": "green bell collar",
    "plural": "green bell collars",
    "singular": "green bell collar"
  },
  "REDBELL": {
    "default": "red bell collar",
    "plural": "red bell collars",
    "singular": "red bell collar"
  },
  "RAINBOWBELL": {
    "default": "rainbow bell collar",
    "plural": "rainbow bell collars",
    "singular": "rainbow bell collar"
  },
  "BLACKBELL": {
    "default": "black bell collar",
    "plural": "black bell collars",
    "singular": "black bell collar"
  },
  "SPIKESBELL": {
    "default": "spiky bell collar",
    "plural": "spiky bell collars",
    "singular": "spikybell collar"
  },
  "WHITEBELL": {
    "default": "white bell collar",
    "plural": "white bell collars",
    "singular": "white bell collar"
  },
  "PINKBELL": {
    "default": "pink bell collar",
    "plural": "pink bell collars",
    "singular": "pink bell collar"
  },
  "PURPLEBELL": {
    "default": "purple bell collar",
    "plural": "purple bell collars",
    "singular": "purple bell collar"
  },
  "MULTIBELL": {
    "default": "lilac bell collar",
    "plural": "lilac bell collars",
    "singular": "lilac bell collar"
  },
  "INDIGOBELL": {
    "default": "indigo bell collar",
    "plural": "indigo bell collars",
    "singular": "indigo bell collar"
  },
  "CRIMSONBOW": {
    "default": "crimson bow collar",
    "plural": "crimson bow collars",
    "singular": "crimson bow collar"
  },
  "BLUEBOW": {
    "default": "blue bow collar",
    "plural": "blue bow collars",
    "singular": "blue bow collar"
  },
  "CYANBOW": {
    "default": "cyan bow collar",
    "plural": "cyan bow collars",
    "singular": "cyan bow collar"
  },
  "YELLOWBOW": {
    "default": "yellow bow collar",
    "plural": "yellow bow collars",
    "singular": "yellow bow collar"
  },
  "LIMEBOW": {
    "default": "lime bow collar",
    "plural": "lime bow collars",
    "singular": "lime bow collar"
  },
  "GREENBOW": {
    "default": "green bow collar",
    "plural": "green bow collars",
    "singular": "green bow collar"
  },
  "REDBOW": {
    "default": "red bow collar",
    "plural": "red bow collars",
    "singular": "red bow collar"
  },
  "RAINBOWBOW": {
    "default": "rainbow bow collar",
    "plural": "rainbow bow collars",
    "singular": "rainbow bow collar"
  },
  "BLACKBOW": {
    "default": "black bow collar",
    "plural": "black bow collars",
    "singular": "black bow collar"
  },
  "SPIKESBOW": {
    "default": "gold foil bow collar",
    "plural": "gold foil bow collars",
    "singular": "gold foil bow collar"
  },
  "WHITEBOW": {
    "default": "white bow collar",
    "plural": "white bow collars",
    "singular": "white bow collar"
  },
  "PINKBOW": {
    "default": "pink bow collar",
    "plural": "pink bow collars",
    "singular": "pink bow collar"
  },
  "PURPLEBOW": {
    "default": "purple bow collar",
    "plural": "purple bow collars",
    "singular": "purple bow collar"
  },
  "MULTIBOW": {
    "default": "lilac bow collar",
    "plural": "lilac bow collars",
    "singular": "lilac bow collar"
  },
  "INDIGOBOW": {
    "default": "indigo bow collar",
    "plural": "indigo bow collars",
    "singular": "indigo bow collar"
  },
  "CRIMSONNYLON": {
    "default": "crimson nylon collar",
    "plural": "crimson nylon collars",
    "singular": "crimson nylon collar"
  },
  "BLUENYLON": {
    "default": "blue nylon collar",
    "plural": "blue nylon collars",
    "singular": "blue nylon collar"
  },
  "CYANNYLON": {
    "default": "cyan nylon collar",
    "plural": "cyan nylon collars",
    "singular": "cyan nylon collar"
  },
  "YELLOWNYLON": {
    "default": "yellow nylon collar",
    "plural": "yellow nylon collars",
    "singular": "yellow nylon collar"
  },
  "LIMENYLON": {
    "default": "lime nylon collar",
    "plural": "lime nylon collars",
    "singular": "lime nylon collar"
  },
  "GREENNYLON": {
    "default": "green nylon collar",
    "plural": "green nylon collars",
    "singular": "green nylon collar"
  },
  "REDNYLON": {
    "default": "red nylon collar",
    "plural": "red nylon collars",
    "singular": "red nylon collar"
  },
  "RAINBOWNYLON": {
    "default": "rainbow nylon collar",
    "plural": "rainbow nylon collars",
    "singular": "rainbow nylon collar"
  },
  "BLACKNYLON": {
    "default": "black nylon collar",
    "plural": "black nylon collars",
    "singular": "black nylon collar"
  },
  "SPIKESNYLON": {
    "default": "blue and gold nylon collar",
    "plural": "blue and gold nylon collars",
    "singular": "blue and gold nylon collar"
  },
  "WHITENYLON": {
    "default": "white nylon collar",
    "plural": "white nylon collars",
    "singular": "white nylon collar"
  },
  "PINKNYLON": {
    "default": "pink nylon collar",
    "plural": "pink nylon collars",
    "singular": "pink nylon collar"
  },
  "PURPLENYLON": {
    "default": "purple nylon collar",
    "plural": "purple nylon collars",
    "singular": "purple nylon collar"
  },
  "MULTINYLON": {
    "default": "lilac nylon collar",
    "plural": "lilac nylon collars",
    "singular": "lilac nylon collar"
  },
  "INDIGONYLON": {
    "default": "indigo nylon collar",
    "plural": "indigo nylon collars",
    "singular": "indigo nylon collar"
  }
}