{
  "virtues": {
    "comment": "THIS DICT DOES NOTHING - it's purely here for quick reference of some possible virtues, you are not constrained to using these nor should you use these lists",
    "queen_virtues": ["affection", "compassion", "empathy", "duty", "protection", "pride"],
    "warrior_virtues": ["acceptance", "bravery", "certainty", "clear judgement", "confidence", "courage", "determination", "endurance", "sympathy", "farsightedness", "friendship", "instincts", "mercy", "strength", "unity"],
    "kit_virtues": ["adventure", "curiosity", "forgiveness", "hope", "perspective", "protection"],
    "app_virtues": ["happiness", "honesty", "humor", "justice", "mentoring", "trust"],
    "elder_virtues": ["empathy", "grace", "humility", "integrity", "persistence", "resilience"],
    "med_cat_virtues": ["clear sight", "devotion", "faith", "healing", "patience", "selflessness", "wisdom"],
    "prev_lead_virtues": ["endurance in the face of hardship", "knowing when to fight and when to choose peace", "leadership through the darkest times", "loyalty to their Clan", "the strength to overcome their fears", "tireless energy"]
  },
  
  "intros": {
    "default": {
      "tags": [],
      "lead_trait": [],
      "text": [
        "m_c leaves to speak with StarClan. {PRONOUN/m_c/subject/CAP} {VERB/m_c/close/closes} {PRONOUN/m_c/poss} eyes and {VERB/m_c/are/is} immediately surrounded by {PRONOUN/m_c/poss} loved ones, friends, and Clanmates who have passed on. Stars shine throughout their pelts, and their eyes are warm as they greet the new leader."
      ]
    },
    "new_clan": {
      "tags": ["new_clan"],
      "lead_trait": [],
      "text": [
        "As m_c dreams that night, {PRONOUN/m_c/subject} {VERB/m_c/find/finds} {PRONOUN/m_c/self} walking the stars of Silverpelt, a ghostly landscape surrounding {PRONOUN/m_c/object} and a single, starry cat sat within a clearing."
      ]
    },
    "bloodthirsty": {
      "tags": [],
      "lead_trait": ["bloodthirsty"],
      "text": [
            "m_c leaves to speak with StarClan. {PRONOUN/m_c/subject/CAP} {VERB/m_c/close/closes} {PRONOUN/m_c/poss} eyes and {VERB/m_c/awaken/awakens} under a vast, inky black sky. {PRONOUN/m_c/subject/CAP} {VERB/m_c/turn/turns} around to see a wary group of cats approaching, stars dotting their fur."
      ]

    }
  },

  "default_life": {
          "text": "r_c approaches, dipping {PRONOUN/r_c/poss} head in greeting. \"I give you a life for [virtue].\" {PRONOUN/r_c/subject/CAP} {VERB/r_c/meow/meows}, before slipping back into the crowd.",
          "virtue": ["energy", "strength", "wisdom"]
        },

  "lives": {
    "only_guide": {
      "tags": ["new_clan", "guide"],
      "lead_trait": [],
      "star_trait": [],
      "rank": [],
      "life_giving": [
        {
          "text": "The starry cat approaches {PRONOUN/m_c/object} and, although the cat is unfamiliar, their meeting still feels like a reunion with an old friend. \"My name is r_c. You meet me tonight, but the cats under your care will all meet me one day when they join the stars. For now,\" the cat presses {PRONOUN/r_c/poss} nose to m_c's forehead, \"Take this gift, to help you [virtue].\"",
          "virtue": ["endure in the face of hardship", "know when to fight and when to choose peace", "have the strength to overcome your fears", "lead with tireless energy", "see the dawn behind the darkness", "find wisdom in desperate times"]
        }
      ]
    },

    "unknown_ghosts": {
      "tags": ["unknown_blessing"],
      "lead_trait": [],
      "star_trait": [],
      "rank": [],
      "life_giving": [
        {
          "text": "Suddenly, the mist at the edge of the clearing takes shape. Dozens of wispy, starry spirits emerge, quickly surrounding m_c. \"We grant you your remaining [life_num] lives.\"  Individually, each voice is distant, but together, the force of their words shakes m_c to {PRONOUN/m_c/poss} core.  \"Use them well, with our blessing.\"  And in a heartbeat, they were gone.",
          "virtue": []
        }
      ]
    },

    "benevolent_adult": {
      "tags": [],
      "lead_trait": [],
      "star_trait": ["faithful", "loving", "responsible", "thoughtful", "wise", "charismatic"],
      "rank": ["warrior", "elder", "medicine cat", "mediator", "apprentice", "deputy"],
      "life_giving": [
        {
          "text": "r_c pads up to the new leader, softly touching {PRONOUN/r_c/poss} nose to m_c's head. {PRONOUN/r_c/subject/CAP} {VERB/r_c/give/gives} a life for [virtue].",
          "virtue": ["affection", "compassion", "empathy", "duty", "protection", "pride"]
        }
      ]
    },

    "parent": {
      "tags": ["leader_parent"],
      "lead_trait": [],
      "star_trait": [],
      "rank": ["warrior", "elder", "medicine cat", "mediator", "apprentice", "deputy", "medicine cat apprentice", "mediator apprentice"],
      "life_giving": [
        {
          "text": "m_c is breathless when {PRONOUN/m_c/subject} {VERB/m_c/see/sees} r_c approach. Fierce pride burns in r_c's eyes as {PRONOUN/r_c/subject} {VERB/r_c/greet/greets} {PRONOUN/r_c/poss} child, pressing {PRONOUN/r_c/poss} nose to m_c's forehead and giving {PRONOUN/m_c/object} a life for [virtue].",
          "virtue": ["courage in the face of hardship", "unconditional love", "compassion", "protection", "endurance through thick and thin", "empathy", "pride", "forgiveness"]
        }
      ]
    },

    "parent_exiled": {
      "tags": ["leader_parent"],
      "lead_trait": [],
      "star_trait": [],
      "rank": ["exiled"],
      "life_giving": [
        {
          "text": "m_c is breathless when {PRONOUN/m_c/subject} {VERB/m_c/see/sees} r_c approach. Fierce pride, and a bit of guilt, burns in r_c's eyes as {PRONOUN/r_c/subject} {VERB/r_c/greet/greets} {PRONOUN/r_c/poss} child, pressing {PRONOUN/r_c/poss} nose to m_c's forehead and giving {PRONOUN/m_c/object} a life for [virtue]. {PRONOUN/r_c/subject/CAP} {VERB/r_c/whisper/whispers} a quick apology for what {PRONOUN/r_c/subject}{VERB/r_c/'ve'/'s'} done, before {PRONOUN/r_c/subject} {VERB/r_c/turn/turns} and {VERB/r_c/walk/walks} back into the gloom.",
          "virtue": ["courage in the face of hardship", "unconditional love", "compassion", "protection", "endurance through thick and thin", "empathy", "pride", "forgiveness"]
        }
      ]
    },
    
    "child": {
      "tags": ["leader_child"],
      "lead_trait": [],
      "star_trait": [],
      "rank": ["warrior", "elder", "medicine cat", "mediator", "apprentice", "deputy", "medicine cat apprentice", "mediator apprentice"],
      "life_giving": [
        {
          "text": "It feels like a dream when r_c emerges from the star-filled crowd. m_c can barely stand {PRONOUN/m_c/poss} ground, resisting the temptation to run forward and press into {PRONOUN/m_c/poss} kit's fur. Love shines in r_c's eyes as {PRONOUN/r_c/subject} {VERB/r_c/give/gives} a life for [virtue].",
          "virtue": ["courage in the face of hardship", "unconditional love", "compassion", "protection", "endurance through thick and thin", "empathy", "pride", "forgiveness"]
        }
      ]
    },
    
    "benevolent_adult_bloodthirsty_lead": {
      "tags": [],
      "lead_trait": ["bloodthirsty"],
      "star_trait": ["faithful", "loving", "responsible", "thoughtful", "wise", "charismatic"],
      "rank": ["warrior", "elder", "medicine cat", "mediator", "apprentice", "deputy", "medicine cat apprentice", "mediator apprentice"],
      "life_giving": [
        {
          "text": "r_c stalks up to the new leader, eyes burning with unexpected ferocity. {PRONOUN/r_c/subject/CAP} {VERB/r_c/touch/touches} {PRONOUN/r_c/poss} nose to m_c's head, giving {PRONOUN/m_c/object} a life for [virtue]. m_c reels back with the emotion of the life that courses through {PRONOUN/m_c/object}.",
          "virtue": ["affection", "compassion", "empathy", "duty", "protection", "pride"]
        }
      ]
    },

    "default_warrior": {
      "tags": [],
      "lead_trait": [],
      "star_trait": [],
      "rank": ["warrior", "deputy"],
      "life_giving": [
        {
          "text": "r_c walks up to m_c, offering a life for [virtue]. {PRONOUN/r_c/subject/CAP} {VERB/r_c/smile/smiles}, and {VERB/r_c/state/states} that the Clan will do well under m_c's leadership.",
          "virtue": ["acceptance", "bravery", "certainty", "clear judgement", "confidence", "courage", "determination", "endurance", "sympathy", "farsightedness", "friendship", "instincts", "mercy", "strength", "unity"]
        },
        {
          "text": "r_c steps forward to give m_c a life for [virtue]. m_c grits {PRONOUN/m_c/poss} teeth as the life rushes into {PRONOUN/m_c/object}.",
          "virtue": ["acceptance", "bravery", "certainty", "clear judgement", "confidence", "courage", "determination", "endurance", "sympathy", "farsightedness", "friendship", "instincts", "mercy", "strength", "unity"]
        },
        {
          "text": "r_c dips {PRONOUN/r_c/poss} head in greeting. Energy surges through m_c's pelt as {PRONOUN/m_c/subject} {VERB/m_c/receive/receives} a life for [virtue]. {PRONOUN/r_c/subject/CAP} {VERB/r_c/reassure/reassures} m_c that {PRONOUN/m_c/subject} {VERB/m_c/are/is} almost done.",
          "virtue": ["acceptance", "bravery", "certainty", "clear judgement", "confidence", "courage", "determination", "endurance", "sympathy", "farsightedness", "friendship", "instincts", "mercy", "strength", "unity"]
        }
      ]
    },
    "warrior_bloodthirsty_lead": {
      "tags": [],
      "lead_trait": ["bloodthirsty"],
      "star_trait": [],
      "rank": ["warrior", "deputy"],
      "life_giving": [
        {
          "text": "r_c walks up to m_c, giving {PRONOUN/m_c/object} a life for [virtue]. {PRONOUN/r_c/subject/CAP} {VERB/r_c/pause/pauses}, then {VERB/r_c/shake/shakes} {PRONOUN/r_c/poss} head, heading back into the ranks of StarClan.",
          "virtue": ["acceptance", "bravery", "certainty", "clear judgement", "confidence", "courage", "determination", "endurance", "sympathy", "farsightedness", "friendship", "instincts", "mercy", "strength", "unity"]
        },
        {
          "text": "A new cat approaches. r_c steps forward to give m_c a life for [virtue]. m_c yowls in pain as the life rushes into {PRONOUN/m_c/object}.",
          "virtue": ["acceptance", "bravery", "certainty", "clear judgement", "confidence", "courage", "determination", "endurance", "sympathy", "farsightedness", "friendship", "instincts", "mercy", "strength", "unity"]
        },
        {
          "text": "r_c approaches. Pain surges through m_c's pelt as {PRONOUN/m_c/subject} receive a life for [virtue]. r_c watches dispassionately.",
          "virtue": ["acceptance", "bravery", "certainty", "clear judgement", "confidence", "courage", "determination", "endurance", "sympathy", "farsightedness", "friendship", "instincts", "mercy", "strength", "unity"]
        }
      ]
    },
    
    "adventurous_warrior": {
      "tags": [],
      "lead_trait": ["adventurous"],
      "star_trait": [],
      "rank": ["warrior", "elder", "medicine cat", "mediator", "apprentice", "deputy", "medicine cat apprentice", "mediator apprentice"],
      "life_giving": [
        {
          "text": "r_c waltzes up to m_c's side like a whirlwind, {PRONOUN/r_c/poss} fur sticking up in all angles. {PRONOUN/r_c/subject/CAP} {VERB/r_c/give/gives} the new leader a life for [virtue] before dashing off into the crowd of starlight.",
          "virtue": ["acceptance", "bravery", "certainty", "clear judgement", "confidence", "courage", "determination", "endurance", "sympathy", "farsightedness", "friendship", "instincts", "mercy", "strength", "unity"]
        },
        {
          "text": "r_c presses {PRONOUN/r_c/poss} nose to m_c's forehead, offering a life for [virtue]. Before {PRONOUN/r_c/subject} {VERB/r_c/return/returns} to the line of StarClan cats, {PRONOUN/r_c/subject} {VERB/r_c/whisper/whispers} to keep an eye on c_n, not just the horizons.",
          "virtue": ["acceptance", "bravery", "certainty", "clear judgement", "confidence", "courage", "determination", "endurance", "sympathy", "farsightedness", "friendship", "instincts", "mercy", "strength", "unity"]
        },
        {
          "text": "After giving a small lecture on the blessings and curses of being so open minded to what lay beyond the border, r_c happily gives m_c a life for [virtue].",
          "virtue": ["acceptance", "bravery", "certainty", "clear judgement", "confidence", "courage", "determination", "endurance", "sympathy", "farsightedness", "friendship", "instincts", "mercy", "strength", "unity"]
        }
      ]
    },

    "ambitious_warrior": {
      "tags": [],
      "lead_trait": ["ambitious"],
      "star_trait": [],
      "rank": ["warrior", "elder", "medicine cat", "mediator", "apprentice", "deputy", "medicine cat apprentice", "mediator apprentice"],
      "life_giving": [
        {
          "text": "r_c steps in front of m_c, a worried look crossing {PRONOUN/r_c/poss} features for a moment before {PRONOUN/r_c/subject} {VERB/r_c/shake/shakes} {PRONOUN/r_c/poss} head. {PRONOUN/r_c/subject/CAP} {VERB/r_c/press/presses} {PRONOUN/r_c/poss} muzzle against m_c's and give a life for [virtue].",
          "virtue": ["acceptance", "bravery", "certainty", "clear judgement", "confidence", "courage", "determination", "endurance", "sympathy", "farsightedness", "friendship", "instincts", "mercy", "strength", "unity"]
        },
        {
          "text": "With a calm whisper that m_c should keep {PRONOUN/m_c/poss} ambitions in check and not lose {PRONOUN/m_c/self} to greed, r_c delivers a life for [virtue].",
          "virtue": ["acceptance", "bravery", "certainty", "clear judgement", "confidence", "courage", "determination", "endurance", "sympathy", "farsightedness", "friendship", "instincts", "mercy", "strength", "unity"]
        }
      ]
    },
  
  	"bold_warrior": {
      "tags": [],
      "lead_trait": ["bold"],
      "star_trait": [],
      "rank": ["warrior", "elder", "medicine cat", "mediator", "apprentice", "deputy", "medicine cat apprentice", "mediator apprentice"],
      "life_giving": [
        {
          "text": "Knowing that c_n may tread upon new ground under m_c's leadership, r_c carefully gives a life for [virtue] and urges caution before being so bold.",
          "virtue": ["acceptance", "bravery", "certainty", "clear judgement", "confidence", "courage", "determination", "endurance", "sympathy", "farsightedness", "friendship", "instincts", "mercy", "strength", "unity"]
        },
        {
          "text": "r_c grunts out a warning to the new leader to not be so thick-headed in the future. Bold action can yield victory, but would the cost of life be worth it? r_c lets the question sink in after giving a life for [virtue].",
          "virtue": ["acceptance", "bravery", "certainty", "clear judgement", "confidence", "courage", "determination", "endurance", "sympathy", "farsightedness", "friendship", "instincts", "mercy", "strength", "unity"]
        },
        {
          "text": "r_c gave m_c a searching look, hesitation crossing {PRONOUN/r_c/poss} features before placing {PRONOUN/r_c/poss} muzzle against m_c's head. {PRONOUN/r_c/subject/CAP} {VERB/r_c/give/gives} a life for [virtue] and stepped away as quietly as {PRONOUN/r_c/subject} came.",
          "virtue": ["acceptance", "bravery", "certainty", "clear judgement", "confidence", "courage", "determination", "endurance", "sympathy", "farsightedness", "friendship", "instincts", "mercy", "strength", "unity"]
        }
      ]
    },
  
    "calm_warrior": {
      "tags": [],
      "lead_trait": ["calm"],
      "star_trait": [],
      "rank": ["warrior", "elder", "medicine cat", "mediator", "apprentice", "deputy", "medicine cat apprentice", "mediator apprentice"],
      "life_giving": [
        {
          "text": "With a graceful gait, r_c treated forward, {PRONOUN/r_c/poss} serene presence washing over m_c like one would be put under a spell. In the moment of peace, r_c tenderly extends an offer; a life infused with the essence of [virtue].",
          "virtue": ["acceptance", "bravery", "certainty", "clear judgement", "confidence", "courage", "determination", "endurance", "sympathy", "farsightedness", "friendship", "instincts", "mercy", "strength", "unity"]
        },
        {
          "text": "Paws treading softly, as if the very ground beneath recognizes {PRONOUN/r_c/poss} sacred touch, r_c gracefully navigates the hallowed path that leads to m_c. In the depths of {PRONOUN/r_c/poss} tranquil gaze, a reflection of countless moons shines forth, a testament to the unmatched wisdom that resides within. {PRONOUN/r_c/subject/CAP} inches forward, offering a life for [virtue].",
          "virtue": ["acceptance", "bravery", "certainty", "clear judgement", "confidence", "courage", "determination", "endurance", "sympathy", "farsightedness", "friendship", "instincts", "mercy", "strength", "unity"]
        }
      ]
    },
  
    "careful_warrior_EXAMPLE": {
      "tags": [],
      "lead_trait": ["careful"],
      "star_trait": [],
      "rank": ["warrior", "elder", "medicine cat", "mediator", "apprentice", "deputy", "medicine cat apprentice", "mediator apprentice"],
      "life_giving": [
        {
          "text": "r_c walks up to m_c, offering a life for [virtue]. They smile, and state that the Clan will do well under m_c's leadership.",
          "virtue": ["acceptance", "bravery", "certainty", "clear judgement", "confidence", "courage", "determination", "endurance", "sympathy", "farsightedness", "friendship", "instincts", "mercy", "strength", "unity"]
        },
        {
          "text": "A new cat approaches. r_c steps forward to give m_c a life for [virtue]. m_c grits their teeth as the life rushes into them.",
          "virtue": ["acceptance", "bravery", "certainty", "clear judgement", "confidence", "courage", "determination", "endurance", "sympathy", "farsightedness", "friendship", "instincts", "mercy", "strength", "unity"]
        },
        {
          "text": "r_c dips their head in greeting. Energy surges through m_c's pelt as they receive a life for [virtue]. They reassure m_c that they are almost done.",
          "virtue": ["acceptance", "bravery", "certainty", "clear judgement", "confidence", "courage", "determination", "endurance", "sympathy", "farsightedness", "friendship", "instincts", "mercy", "strength", "unity"]
        }
      ]
    },
  
    "charismatic_warrior": {
      "tags": [],
      "lead_trait": ["charismatic"],
      "star_trait": [],
      "rank": ["warrior", "elder", "medicine cat", "mediator", "apprentice", "deputy", "medicine cat apprentice", "mediator apprentice"],
      "life_giving": [
        {
          "text": "r_c can only hope that m_c uses {PRONOUN/m_c/poss} honeyed words and silver tongue well as {PRONOUN/r_c/subject} {VERB/r_c/give/gives} a life for [virtue].",
          "virtue": ["acceptance", "bravery", "certainty", "clear judgement", "confidence", "courage", "determination", "endurance", "sympathy", "farsightedness", "friendship", "instincts", "mercy", "strength", "unity"]
        },
        {
          "text": "r_c can't help but wonder if m_c will use {PRONOUN/m_c/poss} charm and popularity to make c_n a better Clan, or for their own selfish gain. Regardless, r_c bestows a life for [virtue].",
          "virtue": ["acceptance", "bravery", "certainty", "clear judgement", "confidence", "courage", "determination", "endurance", "sympathy", "farsightedness", "friendship", "instincts", "mercy", "strength", "unity"]
        }
      ]
    },
  
    "childish_warrior": {
      "tags": [],
      "lead_trait": ["childish"],
      "star_trait": [],
      "rank": ["warrior", "elder", "medicine cat", "mediator", "apprentice", "deputy", "medicine cat apprentice", "mediator apprentice"],
      "life_giving": [
        {
          "text": "There is some doubt in r_c's eyes as {PRONOUN/r_c/subject} {VERB/r_c/consider/considers} the cat before {PRONOUN/r_c/object}. Eventually, attempting to stress the importance of leadership, {PRONOUN/r_c/subject} {VERB/r_c/give/gives} a life for [virtue].",
          "virtue": ["acceptance", "bravery", "certainty", "clear judgement", "confidence", "courage", "determination", "endurance", "sympathy", "farsightedness", "friendship", "instincts", "mercy", "strength", "unity"]
        },
        {
          "text": "r_c can't help but laugh along with a small joke m_c uses to interrupt the stuffy, serious ceremony, and {VERB/r_c/give/gives} {PRONOUN/m_c/object} a life for [virtue].",
          "virtue": ["acceptance", "bravery", "certainty", "clear judgement", "confidence", "courage", "determination", "endurance", "sympathy", "farsightedness", "friendship", "instincts", "mercy", "strength", "unity"]
        },
        {
          "text": "r_c greets m_c like an old friend, pressing {PRONOUN/r_c/poss} nose to {PRONOUN/m_c/poss} forehead with a wide grin. {PRONOUN/r_c/subject/CAP} {VERB/r_c/give/gives} a life for [virtue] and {VERB/r_c/walk/walks} away in much higher spirits.",
          "virtue": ["acceptance", "bravery", "certainty", "clear judgement", "confidence", "courage", "determination", "endurance", "sympathy", "farsightedness", "friendship", "instincts", "mercy", "strength", "unity"]
        }
      ]
    },

    "cold_warrior": {
      "tags": [],
      "lead_trait": ["cold"],
      "star_trait": [],
      "rank": ["warrior", "elder", "medicine cat", "mediator", "apprentice", "deputy"],
      "life_giving": [
        {
          "text": "The air grows crisp and brittle as r_c, a feline known for {PRONOUN/r_c/poss} cold demeanor, draws near. Gaze, as piercing as the winter moon, examines m_c with caution, gifting a life for [virtue].",
          "virtue": ["acceptance", "bravery", "certainty", "clear judgement", "confidence", "courage", "determination", "endurance", "sympathy", "farsightedness", "friendship", "instincts", "mercy", "strength", "unity"]
        },
        {
          "text": "r_c steps foward with indomitable strength that commands both respect and a reverent awe, as an enigmatic beauty of {PRONOUN/r_c/poss} steps catches m_c's gaze. {PRONOUN/r_c/subject/CAP} {VERB/r_c/offer/offers} a life for [virtue], but {VERB/r_c/retreat/retreats} to {PRONOUN/r_c/poss} chilling solitude as swiftly as {PRONOUN/r_c/subject} emerged.",
          "virtue": ["acceptance", "bravery", "certainty", "clear judgement", "confidence", "courage", "determination", "endurance", "sympathy", "farsightedness", "friendship", "instincts", "mercy", "strength", "unity"]
        }
      ]
    },
  
    "compassionate_warrior": {
      "tags": [],
      "lead_trait": ["compassionate"],
      "star_trait": [],
      "rank": ["warrior", "elder", "medicine cat", "mediator", "apprentice", "deputy"],
      "life_giving": [
        {
          "text": "The cats of StarClan were well aware of m_c's compassionate nature. r_c prances forward and gives the new leader a life for [virtue], whispering to keep {PRONOUN/m_c/poss} heart pure and open to others.",
          "virtue": ["acceptance", "bravery", "certainty", "clear judgement", "confidence", "courage", "determination", "endurance", "sympathy", "farsightedness", "friendship", "instincts", "mercy", "strength", "unity"]
        },
        {
          "text": "Stars flicker in r_c's fur, and pride lit {PRONOUN/r_c/poss} friendly gaze. {PRONOUN/r_c/subject/CAP} {VERB/r_c/give/gives} m_c a life for [virtue], the sensation feeling like a warm nest surrounded by loved ones.",
          "virtue": ["acceptance", "bravery", "certainty", "clear judgement", "confidence", "courage", "determination", "endurance", "sympathy", "farsightedness", "friendship", "instincts", "mercy", "strength", "unity"]
        },
        {
          "text": "r_c gently presses {PRONOUN/r_c/poss} nose against m_c and gives a life for [virtue]. {PRONOUN/r_c/subject/CAP} {VERB/r_c/wrap/wraps} {PRONOUN/r_c/poss} tail around m_c and keeps a warm gaze around the new leader until {PRONOUN/r_c/subject} finally stepped away.",
          "virtue": ["acceptance", "bravery", "certainty", "clear judgement", "confidence", "courage", "determination", "endurance", "sympathy", "farsightedness", "friendship", "instincts", "mercy", "strength", "unity"]
        }
      ]
    },

    "confident_warrior": {
      "tags": [],
      "lead_trait": ["confident"],
      "star_trait": [],
      "rank": ["warrior", "elder", "medicine cat", "mediator", "apprentice", "deputy"],
      "life_giving": [
        {
          "text": "With a warning of overconfidence being a slow and insidious killer on {PRONOUN/r_c/poss} maw, r_c gives m_c a life for [virtue].",
          "virtue": ["acceptance", "bravery", "certainty", "clear judgement", "confidence", "courage", "determination", "endurance", "sympathy", "farsightedness", "friendship", "instincts", "mercy", "strength", "unity"]
        },
        {
          "text": "r_c placed {PRONOUN/r_c/poss} maw against m_c's head, starlight shining in {PRONOUN/r_c/poss} fur. {PRONOUN/r_c/poss/CAP} life for [virtue] felt like a rush of energy, like m_c could fight through a pack of wolves and rogues in order to protect c_n.",
          "virtue": ["acceptance", "bravery", "certainty", "clear judgement", "confidence", "courage", "determination", "endurance", "sympathy", "farsightedness", "friendship", "instincts", "mercy", "strength", "unity"]
        }
      ]
    },
  
    "daring_warrior": {
      "tags": [],
      "lead_trait": ["daring"],
      "star_trait": [],
      "rank": ["warrior", "elder", "medicine cat", "mediator", "apprentice", "deputy"],
      "life_giving": [
        {
          "text": "Urging caution and care upon the path {PRONOUN/m_c/subject} {VERB/m_c/tread/treads}, r_c gives the new leader a life for [virtue].",
          "virtue": ["acceptance", "bravery", "certainty", "clear judgement", "confidence", "courage", "determination", "endurance", "sympathy", "farsightedness", "friendship", "instincts", "mercy", "strength", "unity"]
        },
        {
          "text": "As r_c gives a life for [virtue], {PRONOUN/r_c/subject} {VERB/m_c/urge/urges} m_c to keep {PRONOUN/m_c/poss} head on straight, and to remember to sheathe {PRONOUN/r_c/poss} claws.",
          "virtue": ["acceptance", "bravery", "certainty", "clear judgement", "confidence", "courage", "determination", "endurance", "sympathy", "farsightedness", "friendship", "instincts", "mercy", "strength", "unity"]
        }
      ]
    },
  
    "faithful_warrior": {
      "tags": [],
      "lead_trait": ["faithful"],
      "star_trait": [],
      "rank": ["warrior", "elder", "medicine cat", "mediator", "apprentice", "deputy"],
      "life_giving": [
        {
          "text": "There is no doubt in r_c's eyes that StarClan made a good choice in leader. m_c had demonstrated {PRONOUN/m_c/poss} faith in StarClan time and time again, and it is {PRONOUN/r_c/poss} honor to give {PRONOUN/m_c/object} a life for [virtue].",
          "virtue": ["acceptance", "bravery", "certainty", "clear judgement", "confidence", "courage", "determination", "endurance", "sympathy", "farsightedness", "friendship", "instincts", "mercy", "strength", "unity"]
        },
        {
          "text": "When r_c presses {PRONOUN/r_c/poss} nose against m_c's head to give a life for [virtue], {PRONOUN/r_c/subject} {VERB/r_c/swear/swears} that {PRONOUN/r_c/subject} can already see starlight in {PRONOUN/m_c/poss} fur.",
          "virtue": ["acceptance", "bravery", "certainty", "clear judgement", "confidence", "courage", "determination", "endurance", "sympathy", "farsightedness", "friendship", "instincts", "mercy", "strength", "unity"]
        }
      ]
    },
  
    "fierce_warrior": {
      "tags": [],
      "lead_trait": ["fierce"],
      "star_trait": [],
      "rank": ["warrior", "elder", "medicine cat", "mediator", "apprentice", "deputy"],
      "life_giving": [
        {
          "text": "Not all battles must end in death. Not all problems can be dealt with claws alone. r_c hopes that m_c will remember this as the life of [virtue] is given.",
          "virtue": ["acceptance", "bravery", "certainty", "clear judgement", "confidence", "courage", "determination", "endurance", "sympathy", "farsightedness", "friendship", "instincts", "mercy", "strength", "unity"]
        },
        {
          "text": "r_c hesitates for a moment, a vision of blood across m_c's claws assaulting the StarClan cat's mind. But eventually, {PRONOUN/r_c/subject} {VERB/r_c/relent/relents} and gives a life for [virtue].",
          "virtue": ["acceptance", "bravery", "certainty", "clear judgement", "confidence", "courage", "determination", "endurance", "sympathy", "farsightedness", "friendship", "instincts", "mercy", "strength", "unity"]
        }
      ]
    },
  
    "insecure_warrior_EXAMPLE": {
      "tags": [],
      "lead_trait": ["insecure"],
      "star_trait": [],
      "rank": ["warrior", "elder", "medicine cat", "mediator", "apprentice", "deputy"],
      "life_giving": [
        {
          "text": "r_c walks up to m_c, offering a life for [virtue]. They smile, and state that the Clan will do well under m_c's leadership.",
          "virtue": ["acceptance", "bravery", "certainty", "clear judgement", "confidence", "courage", "determination", "endurance", "sympathy", "farsightedness", "friendship", "instincts", "mercy", "strength", "unity"]
        },
        {
          "text": "A new cat approaches. r_c steps forward to give m_c a life for [virtue]. m_c grits their teeth as the life rushes into them.",
          "virtue": ["acceptance", "bravery", "certainty", "clear judgement", "confidence", "courage", "determination", "endurance", "sympathy", "farsightedness", "friendship", "instincts", "mercy", "strength", "unity"]
        },
        {
          "text": "r_c dips their head in greeting. Energy surges through m_c's pelt as they receive a life for [virtue]. They reassure m_c that they are almost done.",
          "virtue": ["acceptance", "bravery", "certainty", "clear judgement", "confidence", "courage", "determination", "endurance", "sympathy", "farsightedness", "friendship", "instincts", "mercy", "strength", "unity"]
        }
      ]
    },
  
    "lonesome_warrior_EXAMPLE": {
      "tags": [],
      "lead_trait": ["lonesome"],
      "star_trait": [],
      "rank": ["warrior", "elder", "medicine cat", "mediator", "apprentice", "deputy"],
      "life_giving": [
        {
          "text": "r_c walks up to m_c, offering a life for [virtue]. They smile, and state that the Clan will do well under m_c's leadership.",
          "virtue": ["acceptance", "bravery", "certainty", "clear judgement", "confidence", "courage", "determination", "endurance", "sympathy", "farsightedness", "friendship", "instincts", "mercy", "strength", "unity"]
        },
        {
          "text": "A new cat approaches. r_c steps forward to give m_c a life for [virtue]. m_c grits their teeth as the life rushes into them.",
          "virtue": ["acceptance", "bravery", "certainty", "clear judgement", "confidence", "courage", "determination", "endurance", "sympathy", "farsightedness", "friendship", "instincts", "mercy", "strength", "unity"]
        },
        {
          "text": "r_c dips their head in greeting. Energy surges through m_c's pelt as they receive a life for [virtue]. They reassure m_c that they are almost done.",
          "virtue": ["acceptance", "bravery", "certainty", "clear judgement", "confidence", "courage", "determination", "endurance", "sympathy", "farsightedness", "friendship", "instincts", "mercy", "strength", "unity"]
        }
      ]
    },
  
    "loving_warrior_EXAMPLE": {
      "tags": [],
      "lead_trait": ["loving"],
      "star_trait": [],
      "rank": ["warrior", "elder", "medicine cat", "mediator", "apprentice", "deputy"],
      "life_giving": [
        {
          "text": "r_c walks up to m_c, offering a life for [virtue]. They smile, and state that the Clan will do well under m_c's leadership.",
          "virtue": ["acceptance", "bravery", "certainty", "clear judgement", "confidence", "courage", "determination", "endurance", "sympathy", "farsightedness", "friendship", "instincts", "mercy", "strength", "unity"]
        },
        {
          "text": "A new cat approaches. r_c steps forward to give m_c a life for [virtue]. m_c grits their teeth as the life rushes into them.",
          "virtue": ["acceptance", "bravery", "certainty", "clear judgement", "confidence", "courage", "determination", "endurance", "sympathy", "farsightedness", "friendship", "instincts", "mercy", "strength", "unity"]
        },
        {
          "text": "r_c dips their head in greeting. Energy surges through m_c's pelt as they receive a life for [virtue]. They reassure m_c that they are almost done.",
          "virtue": ["acceptance", "bravery", "certainty", "clear judgement", "confidence", "courage", "determination", "endurance", "sympathy", "farsightedness", "friendship", "instincts", "mercy", "strength", "unity"]
        }
      ]
    },
  
  	"loyal_warrior": {
      "tags": [],
      "lead_trait": ["loyal"],
      "star_trait": [],
      "rank": ["warrior", "elder", "medicine cat", "mediator", "apprentice", "deputy"],
      "life_giving": [
        {
          "text": "m_c squares {PRONOUN/m_c/poss} shoulders, standing up as straight as {PRONOUN/m_c/subject} can, as r_c approaches. r_c's whiskers twitch in amusement as {PRONOUN/r_c/subject} {VERB/r_c/give/gives} a life for [virtue].",
          "virtue": ["acceptance", "bravery", "certainty", "clear judgement", "confidence", "courage", "determination", "endurance", "sympathy", "farsightedness", "friendship", "instincts", "mercy", "strength", "unity"]
        },
        {
          "text": "m_c can't help but notice that r_c looks pleased as {PRONOUN/r_c/subject} {VERB/r_c/trot/trots} up. As {PRONOUN/r_c/subject} {VERB/r_c/give/gives} a life for [virtue], {PRONOUN/r_c/subject} {VERB/r_c/whisper/whispers} that c_n is surely in good paws.",
          "virtue": ["acceptance", "bravery", "certainty", "clear judgement", "confidence", "courage", "determination", "endurance", "sympathy", "farsightedness", "friendship", "instincts", "mercy", "strength", "unity"]
        }
      ]
    },

    "nervous_warrior": {
      "tags": [],
      "lead_trait": ["nervous"],
      "star_trait": [],
      "rank": ["warrior", "elder", "medicine cat", "mediator", "apprentice", "deputy"],
      "life_giving": [
        {
          "text": "m_c tries to keep {PRONOUN/m_c/poss} whiskers from trembling as r_c pads forward. r_c looks at {PRONOUN/m_c/object} sympathetically before pressing {PRONOUN/r_c/poss} nose to m_c's head, giving a life for [virtue], and telling {PRONOUN/m_c/object} that {PRONOUN/m_c/poss} Clan needs {PRONOUN/m_c/object} now.",
          "virtue": ["bravery", "certainty", "confidence", "courage", "strength"]
        },
        {
          "text": "m_c can barely meet r_c's gaze as the starry cat approaches. {PRONOUN/m_c/poss/CAP} head snaps up as r_c mews at {PRONOUN/m_c/object} to take heart in the life {PRONOUN/r_c/subject} {VERB/r_c/are/is} about to give. As r_c touches {PRONOUN/m_c/poss} forehead, a life for [virtue] surges through {PRONOUN/m_c/object}, filling {PRONOUN/m_c/object} with a resolve {PRONOUN/m_c/subject}{VERB/m_c/'ve/'s} never felt before.",
          "virtue": ["bravery", "certainty", "confidence", "courage", "strength"]
        },
        {
          "text": "Tail flicking nervously, m_c watches the StarClan cat approach. r_c dips {PRONOUN/r_c/poss} head and reassures m_c that if {PRONOUN/m_c/subject} {VERB/m_c/weren't/wasn't} fit to be leader, {PRONOUN/m_c/subject} wouldn't have made it this far. m_c braces as {PRONOUN/m_c/subject} {VERB/m_c/receive/receives} a life for [virtue], hoping that the starry cat is right.",
          "virtue": ["acceptance", "bravery", "certainty", "clear judgement", "confidence", "courage", "determination", "endurance", "sympathy", "farsightedness", "instincts"]
        }
      ]
    },
  
    "playful_warrior": {
      "tags": [],
      "lead_trait": ["playful"],
      "star_trait": [],
      "rank": ["warrior", "elder", "medicine cat", "mediator", "apprentice", "deputy"],
      "life_giving": [
        {
          "text": "Endeared by m_c's playful nature and kit-like wonder at the world, r_c happily gives the new leader a life for [virtue].",
          "virtue": ["acceptance", "bravery", "certainty", "clear judgement", "confidence", "courage", "determination", "endurance", "sympathy", "farsightedness", "friendship", "instincts", "mercy", "strength", "unity"]
        },
        {
          "text": "Stone-faced, r_c bestows a life for [virtue] with a lecture on taking things more seriously than m_c had done in the past.",
          "virtue": ["acceptance", "bravery", "certainty", "clear judgement", "confidence", "courage", "determination", "endurance", "sympathy", "farsightedness", "friendship", "instincts", "mercy", "strength", "unity"]
        }
      ]
    },
  
  	"responsible_warrior": {
      "tags": [],
      "lead_trait": ["responsible"],
      "star_trait": [],
      "rank": ["warrior", "elder", "medicine cat", "mediator", "apprentice", "deputy"],
      "life_giving": [
        {
          "text": "A cool breeze buffets m_c's fur as {PRONOUN/m_c/subject} {VERB/m_c/watch/watches} r_c approach. r_c gives a life for [virtue]. {PRONOUN/r_c/subject/CAP} add that it may seem easy to follow the Warrior Code, but the Code doesn't always have the answers.",
          "virtue": ["trusting their instincts"]
        },
        {
          "text": "m_c looks up as r_c pads towards {PRONOUN/m_c/object}. r_c dips {PRONOUN/m_c/poss} head and offers a life for [virtue]. {PRONOUN/r_c/subject/CAP} {VERB/r_c/continue/continues} that {PRONOUN/m_c/poss} Clanmates may push {PRONOUN/m_c/object} to the very edge sometimes, but a leader must remain firm yet fair.",
          "virtue": ["patience", "grace"]
        }
      ]
    },

    "righteous_warrior": {
      "tags": [],
      "lead_trait": ["righteous"],
      "star_trait": [],
      "rank": ["warrior", "deputy"],
      "life_giving": [
        {
          "text": "r_c approaches, dipping {PRONOUN/r_c/poss} head in greeting to m_c. {PRONOUN/r_c/subject/CAP} {VERB/r_c/meow/meows} something about not being afraid to look beyond traditions before touching {PRONOUN/r_c/poss} muzzle to m_c's head and a cool energy begins to fizz through {PRONOUN/m_c/poss} body. This life is for [virtue], the starry cat tells {PRONOUN/m_c/object}.",
          "virtue": ["curiosity"]
        },
        {
          "text": "m_c suppresses {PRONOUN/m_c/poss} shivers of excitement as r_c pads up, a small smile on {PRONOUN/r_c/poss} face. The StarClan cat delicately touches {PRONOUN/r_c/poss} nose to m_c's head, murmuring that this life is for [virtue], and {PRONOUN/r_c/subject} {VERB/r_c/expect/expects} m_c to use it well.",
          "virtue": ["devotion", "determination", "honesty", "justice"]
        },
        {
          "text": "Tail lashing excitedly, m_c dips {PRONOUN/m_c/poss} head to r_c as {PRONOUN/r_c/subject} walk up. r_c returns the gesture and offers a life for [virtue], adding that {PRONOUN/r_c/subject}{VERB/r_c/'re/'s} not sure {PRONOUN/m_c/subject} {VERB/m_c/need/needs} it, but it can't hurt.",
          "virtue": ["devotion", "courage in the face of hardship", "compassion", "honor"]
        }
      ]
    },
  
    "shameless_warrior": {
      "tags": [],
      "lead_trait": ["shameless"],
      "star_trait": [],
      "rank": ["warrior", "elder", "medicine cat", "mediator", "apprentice", "deputy"],
      "life_giving": [
        {
          "text":  "r_c winces at a question m_c asks, tail low with second-claw embarrassment. Nonetheless, {PRONOUN/r_c/subject} {VERB/r_c/give/gives} a life for [virtue].",
          "virtue": ["acceptance", "bravery", "certainty", "clear judgement", "confidence", "courage", "determination", "endurance", "sympathy", "farsightedness", "friendship", "instincts", "mercy", "strength", "unity"]
        },
        {
          "text": "m_c ignores the dubious glance r_c gives {PRONOUN/m_c/object} as {PRONOUN/m_c/subject} {VERB/m_c/push/pushes} through the glittering crowd to stand next to {PRONOUN/r_c/object}. With hesitation, r_c rasps {PRONOUN/r_c/poss} tongue across m_c's cheek in [virtue]'s name.",
          "virtue": ["acceptance", "bravery", "certainty", "clear judgement", "confidence", "courage", "determination", "endurance", "sympathy", "farsightedness", "friendship", "instincts", "mercy", "strength", "unity"]
        },
        {
          "text":  "r_c pushes m_c with a gentle paw, an amused purr starting up in {PRONOUN/r_c/poss} throat. m_c doesn't need any more [virtue], but r_c jokes and says that some extra can't hurt.",
          "virtue": ["acceptance", "bravery", "certainty", "clear judgement", "confidence", "courage", "determination", "endurance", "sympathy", "farsightedness", "friendship", "instincts", "mercy", "strength", "unity"]
        }
      ]
    },
  
    "sneaky_warrior": {
      "tags": [],
      "lead_trait": ["sneaky"],
      "star_trait": [],
      "rank": ["warrior", "elder", "medicine cat", "mediator", "apprentice", "deputy"],
      "life_giving": [
        {
          "text": "Eyes aglow with mischievous gleam, r_c stealthily closes the distance, carrying a precious offering for m_c; a life imbued with the virtue of [virtue]. Like a fleeting wisp of smoke, r_c departs, leaving behind no trace of {PRONOUN/r_c/poss} enigmatic presence.",
          "virtue": ["acceptance", "bravery", "certainty", "clear judgement", "confidence", "courage", "determination", "endurance", "sympathy", "farsightedness", "friendship", "instincts", "mercy", "strength", "unity"]
        },
        {
          "text": "A lone figure emerges, sleek and silent as a ghost. With a predatory glare, r_c advances to m_c, ears twitching with acute sensitivity, attuned to the symphony of whispers that surround {PRONOUN/r_c/subject}. The feline conveys a life for [virtue], a noble essence that emanates from {PRONOUN/r_c/subject} very being, then gracefully {VERB/r_c/retreat/retreats}.",
          "virtue": ["acceptance", "bravery", "certainty", "clear judgement", "confidence", "courage", "determination", "endurance", "sympathy", "farsightedness", "friendship", "instincts", "mercy", "strength", "unity"]
        }
      ]
    },
  
    "strange_warrior": {
      "tags": [],
      "lead_trait": ["strange"],
      "star_trait": [],
      "rank": ["warrior", "elder", "medicine cat", "mediator", "apprentice", "deputy"],
      "life_giving": [
        {
          "text": "r_c had to get m_c's attention once or twice during the ceremony, but eventually gives the new c_n leader a life for [virtue].",
          "virtue": ["acceptance", "bravery", "certainty", "clear judgement", "confidence", "courage", "determination", "endurance", "sympathy", "farsightedness", "friendship", "instincts", "mercy", "strength", "unity"]
        },
        {
          "text": "r_c and m_c seem to only watch one another as the life for [virtue] is given, the two deep in a silent conversation before the two go their separate ways.",
          "virtue": ["acceptance", "bravery", "certainty", "clear judgement", "confidence", "courage", "determination", "endurance", "sympathy", "farsightedness", "friendship", "instincts", "mercy", "strength", "unity"]
        }
      ]
    },
  
    "strict_warrior": {
      "tags": [],
      "lead_trait": ["strict"],
      "star_trait": [],
      "rank": ["warrior"],
      "life_giving": [
        {
          "text": "m_c squares {PRONOUN/m_c/poss} jaw as r_c approaches, preparing for receiving another life. r_c gazes at {PRONOUN/m_c/object}, an intensity in {PRONOUN/r_c/poss} eyes that makes m_c want to shrink back, but {PRONOUN/m_c/subject} stay frozen to the spot. r_c gives a life for [virtue], implying that m_c could use it.",
          "virtue": ["grace", "mercy", "offering second chances", "forgiveness"]
        }
      ]
    },
  
    "thoughtful_warrior": {
      "tags": [],
      "lead_trait": ["thoughtful"],
      "star_trait": [],
      "rank": ["warrior", "elder", "medicine cat", "mediator", "apprentice", "deputy"],
      "life_giving": [
        {
          "text": "Valuing m_c's thoughtful nature, r_c hopes that {PRONOUN/m_c/subject} will not let the stress of leadership get to {PRONOUN/m_c/object} as the StarClan cat gives a life for [virtue].",
          "virtue": ["acceptance", "bravery", "certainty", "clear judgement", "confidence", "courage", "determination", "endurance", "sympathy", "farsightedness", "friendship", "instincts", "mercy", "strength", "unity"]
        },
        {
          "text": "Urging m_c to take {PRONOUN/r_c/poss} time and to chart out c_n's future carefully, r_c bestows a life of [virtue] upon the new leader.",
          "virtue": ["acceptance", "bravery", "certainty", "clear judgement", "confidence", "courage", "determination", "endurance", "sympathy", "farsightedness", "friendship", "instincts", "mercy", "strength", "unity"]
        }
      ]
    },

  	"troublesome_warrior": {
      "tags": [],
      "lead_trait": ["troublesome"],
      "star_trait": [],
      "rank": ["warrior", "elder", "medicine cat", "mediator", "apprentice", "deputy"],
      "life_giving": [
        {
          "text": "r_c grits {PRONOUN/r_c/poss} teeth to not chide m_c like a kitten once more about {PRONOUN/m_c/poss} troublesome ways, and gives {PRONOUN/m_c/object} a life for [virtue].",
          "virtue": ["acceptance", "bravery", "certainty", "clear judgement", "confidence", "courage", "determination", "endurance", "sympathy", "farsightedness", "friendship", "instincts", "mercy", "strength", "unity"]
        },
        {
          "text": "r_c carefully encourages m_c to keep out of too much trouble before giving a life for [virtue].",
          "virtue": ["acceptance", "bravery", "certainty", "clear judgement", "confidence", "courage", "determination", "endurance", "sympathy", "farsightedness", "friendship", "instincts", "mercy", "strength", "unity"]
        }
      ]
    },
  
    "vengeful_warrior_EXAMPLE": {
      "tags": [],
      "lead_trait": ["vengeful"],
      "star_trait": [],
      "rank": ["warrior", "elder", "medicine cat", "mediator", "apprentice", "deputy"],
      "life_giving": [
        {
          "text": "r_c walks up to m_c, offering a life for [virtue]. They smile, and state that the Clan will do well under m_c's leadership.",
          "virtue": ["acceptance", "bravery", "certainty", "clear judgement", "confidence", "courage", "determination", "endurance", "sympathy", "farsightedness", "friendship", "instincts", "mercy", "strength", "unity"]
        },
        {
          "text": "A new cat approaches. r_c steps forward to give m_c a life for [virtue]. m_c grits their teeth as the life rushes into them.",
          "virtue": ["acceptance", "bravery", "certainty", "clear judgement", "confidence", "courage", "determination", "endurance", "sympathy", "farsightedness", "friendship", "instincts", "mercy", "strength", "unity"]
        },
        {
          "text": "r_c dips their head in greeting. Energy surges through m_c's pelt as they receive a life for [virtue]. They reassure m_c that they are almost done.",
          "virtue": ["acceptance", "bravery", "certainty", "clear judgement", "confidence", "courage", "determination", "endurance", "sympathy", "farsightedness", "friendship", "instincts", "mercy", "strength", "unity"]
        }
      ]
    },
  
    "wise_warrior": {
      "tags": [],
      "lead_trait": ["wise"],
      "star_trait": [],
      "rank": ["warrior", "elder", "medicine cat", "mediator", "apprentice", "deputy"],
      "life_giving": [
        {
          "text": "There was no doubt in r_c's mind that m_c would be a wise leader of legend one day. It was {PRONOUN/r_c/poss} pleasure to give the new leader a life for [virtue].",
          "virtue": ["acceptance", "bravery", "certainty", "clear judgement", "confidence", "courage", "determination", "endurance", "sympathy", "farsightedness", "friendship", "instincts", "mercy", "strength", "unity"]
        },
        {
          "text": "Wisdom was a virtue that was well valued in StarClan. r_c hopes that with this life of [virtue] that m_c can find the courage and power to be a great leader one day.",
          "virtue": ["acceptance", "bravery", "certainty", "clear judgement", "confidence", "courage", "determination", "endurance", "sympathy", "farsightedness", "friendship", "instincts", "mercy", "strength", "unity"]
        }
      ]
    },

    "arrogant_warrior": {
      "tags": [],
      "lead_trait": ["arrogant"],
      "star_trait": [],
      "rank": ["warrior", "deputy"],
      "life_giving": [
        {
          "text": "m_c holds {PRONOUN/m_c/poss} head high as r_c approaches. r_c looks mildly amused - or is that annoyance? The starry cat offers m_c a life for [virtue], saying that {PRONOUN/m_c/subject} could definitely use it. m_c scoffs internally at the implication.",
          "virtue": ["humility"]
        }
      ]
    },
    "competitive_warrior": {
      "tags": [],
      "lead_trait": ["competitive"],
      "star_trait": [],
      "rank": ["warrior", "deputy"],
      "life_giving": [
        {
          "text": "Puffing out {PRONOUN/r_c/poss} chest, r_c gives m_c a life for [virtue] and dares {PRONOUN/m_c/object} to make c_n an even better Clan than anyone ever could!",
          "virtue": ["acceptance", "bravery", "certainty", "clear judgement", "confidence", "courage", "determination", "endurance", "sympathy", "farsightedness", "friendship", "instincts", "mercy", "strength", "unity"]
        }
      ]
    },
    "flamboyant_warrior": {
      "tags": [],
      "lead_trait": ["flamboyant"],
      "star_trait": [],
      "rank": ["warrior", "deputy"],
      "life_giving": [
        {
          "text": "m_c had always been known for a dramatic persona, but r_c hopes that the new leader will let that become an asset than a bane. r_c gives the c_n cat a life for [virtue].",
          "virtue": ["acceptance", "bravery", "certainty", "clear judgement", "confidence", "courage", "determination", "endurance", "sympathy", "farsightedness", "friendship", "instincts", "mercy", "strength", "unity"]
        }
      ]
    },
    
    "grumpy_warrior": {
      "tags": [],
      "lead_trait": ["grumpy"],
      "star_trait": [],
      "rank": ["warrior", "deputy"],
      "life_giving": [
        {
          "text": "Despite r_c's best efforts, m_c didn't once crack a smile during the starry spirit's part of the ceremony. r_c awkwardly gives a life for [virtue] before leaving the grumpy cat behind.",
          "virtue": ["acceptance", "bravery", "certainty", "clear judgement", "confidence", "courage", "determination", "endurance", "sympathy", "farsightedness", "friendship", "instincts", "mercy", "strength", "unity"]
        }
      ]
    },
    "rebellious_warrior": {
      "tags": [],
      "lead_trait": ["Rebellious"],
      "star_trait": [],
      "rank": ["warrior", "deputy"],
      "life_giving": [
        {
          "text": "Not all of StarClan is as rigid as the Code some cling to. r_c hopes that m_c will use {PRONOUN/m_c/poss} rebellious nature to make c_n a better place as {PRONOUN/r_c/subject} {VERB/r_c/gives/give} a life for [virtue].",
          "virtue": ["acceptance", "bravery", "certainty", "clear judgement", "confidence", "courage", "determination", "endurance", "sympathy", "farsightedness", "friendship", "instincts", "mercy", "strength", "unity"]
        }
      ]
    },
    "sincere_warrior": {
      "tags": [],
      "lead_trait": ["sincere"],
      "star_trait": [],
      "rank": ["warrior", "deputy"],
      "life_giving": [
        {
          "text": "Sincerity and honesty was one of the most prominent trait of a StarClan cat. r_c presses {PRONOUN/r_c/poss} nose against m_c and with a serene voice gives the new leader a life for [virtue].",
          "virtue": ["acceptance", "bravery", "certainty", "clear judgement", "confidence", "courage", "determination", "endurance", "sympathy", "farsightedness", "friendship", "instincts", "mercy", "strength", "unity"]
        }
      ]
    },
    "default_kit": {
      "tags": [],
      "lead_trait": [],
      "star_trait": [],
      "rank": ["kitten"],
      "life_giving": [
        {
          "text": "r_c bounds up to the new leader, reaching up on {PRONOUN/r_c/poss} hind legs to give {PRONOUN/m_c/object} a new life for [virtue]. {PRONOUN/r_c/subject/CAP} {VERB/r_c/flick/flicks} {PRONOUN/r_c/poss} tail and {VERB/r_c/head/heads} back to make room for the next cat.",
          "virtue": ["adventure", "curiosity", "forgiveness", "hope", "perspective", "protection"]
        }
      ]
    },
    "kit_bloodthirsty_lead": {
      "tags": [],
      "lead_trait": ["bloodthirsty"],
      "star_trait": [],
      "rank": ["kitten"],
      "life_giving": [
        {
          "text": "r_c hesitantly approaches the new leader, reaching up on {PRONOUN/r_c/poss} hind legs to give {PRONOUN/m_c/object} a new life for [virtue]. {PRONOUN/r_c/subject/CAP} {VERB/r_c/lash/lashes} {PRONOUN/r_c/poss} tail and {VERB/r_c/head/heads} back to make room for the next cat.",
          "virtue": ["adventure", "curiosity", "forgiveness", "hope", "perspective", "protection"]
        }
      ]
    },

    "loud_kit": {
      "tags": [],
      "lead_trait": [],
      "star_trait": ["bouncy", "impulsive", "noisy", "troublesome", "attention-seeker", "daring"],
      "rank": ["kitten"],
      "life_giving": [
        {
          "text": "A tiny kit, r_c, runs up to m_c, stars twinkling in {PRONOUN/r_c/poss} eyes. {PRONOUN/r_c/subject/CAP} loudly and theatrically {VERB/r_c/proclaim/proclaims} that {PRONOUN/r_c/subject}'ll be giving m_c a life for [virtue] before dashing back into line, looking very proud of {PRONOUN/r_c/self}.",
          "virtue": ["excitement", "cheerfulness", "optimism", "friendship", "hope", "confidence", "pride"]
        }
      ]
    },

    "kind_kit": {
      "tags": [],
      "lead_trait": [],
      "star_trait": ["polite", "sweet", "quiet", "insecure"],
      "rank": ["kitten"],
      "life_giving": [
        {
          "text": "Emerging from the line comes r_c, a quiet calm to {PRONOUN/r_c/object} despite {PRONOUN/r_c/poss} small stature. {PRONOUN/r_c/subject} very carefully {VERB/r_c/offer/offers} a life for [virtue], sounding as though {PRONOUN/r_c/subject}{VERB/r_c/'re/'s} trying very hard to remember the right words to say. Once finished, {PRONOUN/r_c/subject} {VERB/r_c/rush/rushes} back to the line of starry pelts.",
          "virtue": ["caution", "love", "patience", "trust", "optimism", "friendship"]
        }
      ]
    },
    
    "child_kit": {
      "tags": ["leader_child"],
      "lead_trait": [],
      "star_trait": [],
      "rank": ["kitten"],
      "life_giving": [
        {
          "text": "r_c nearly sprints out of the crowd, caught last moment by an older StarClan cat who gives a sharp, but endeared, whisper before setting {PRONOUN/r_c/object} back down. r_c continues towards m_c, but slower this time, barely containing {PRONOUN/r_c/poss} excitement. When {PRONOUN/r_c/subject} {VERB/r_c/give/gives} a life for [virtue], {PRONOUN/r_c/subject} {VERB/r_c/press/presses} {PRONOUN/r_c/self} tightly against m_c's legs before returning to the ranks of StarClan.",
          "virtue": ["love", "patience", "trust", "optimism", "happiness", "courage", "protection", "resilience", "adventure", "curiosity", "forgiveness"]
        }
      ]
    },

    "default_app": {
      "tags": [],
      "lead_trait": [],
      "star_trait": [],
      "rank": ["apprentice", "medicine cat apprentice", "mediator apprentice"],
      "life_giving": [
        {
          "text": "A young cat emerges from the starry ranks to give a life. Starlight reflects off {PRONOUN/r_c/poss} youthful eyes. r_c stretches up to give a life for [virtue].",
          "virtue": ["happiness", "honesty", "humor", "justice", "mentoring", "trust"]
        }
      ]
    },
    "app_bloodthirsty_lead": {
      "tags": [],
      "lead_trait": ["bloodthirsty"],
      "star_trait": [],
      "rank": ["apprentice", "medicine cat apprentice", "mediator apprentice"],
      "life_giving": [
        {
          "text": "A young cat emerges from the starry ranks to give a life. {PRONOUN/r_c/subject/CAP} {VERB/r_c/hesitate/hesitates}, before an older cat nudges {PRONOUN/r_c/object} forward, whispering something in {PRONOUN/r_c/poss} ear. r_c stretches up to give a life for [virtue].",
          "virtue": ["happiness", "honesty", "humor", "justice", "mentoring", "trust"]
        }
      ]
    },
    
    "child_app": {
      "tags": ["leader_child"],
      "lead_trait": [],
      "star_trait": [],
      "rank": ["apprentice", "medicine cat apprentice", "mediator apprentice"],
      "life_giving": [
        {
          "text": "r_c bounds out of the crowd, <i>mrrp</i>-ing as {PRONOUN/r_c/subject} {VERB/r_c/press/presses} {PRONOUN/r_c/self} into m_c's fur. m_c chokes back a startled laugh before returning the affection as r_c offers a life for [virtue].",
          "virtue": ["happiness", "compassion", "protection", "pride", "certainty", "confidence", "sympathy", "unity", "humor", "justice", "trust", "forgiveness"]
        }
      ]
    },
    
    "default_elder": {
      "tags": [],
      "lead_trait": [],
      "star_trait": [],
      "rank": ["elder"],
      "life_giving": [
        {
          "text": "r_c strides forward, an energy in {PRONOUN/r_c/poss} steps that wasn't present in {PRONOUN/r_c/poss} last moments. {PRONOUN/r_c/subject/CAP} {VERB/r_c/give/gives} a life for [virtue].",
          "virtue": ["empathy", "grace", "humility", "integrity", "persistence", "resilience"]
        }
      ]
    },
    "elder_bloodthirsty_lead": {
      "tags": [],
      "lead_trait": ["bloodthirsty"],
      "star_trait": [],
      "rank": ["elder"],
      "life_giving": [
        {
          "text": "r_c pads forward with a wary expression. {PRONOUN/r_c/subject/CAP} {VERB/r_c/give/gives} a life for [virtue].",
          "virtue": ["empathy", "grace", "humility", "integrity", "persistence", "resilience"]
        }
      ]
    },

    "default_med": {
      "tags": [],
      "lead_trait": [],
      "star_trait": [],
      "rank": ["medicine cat"],
      "life_giving": [
        {
          "text": "r_c approaches, a warm smile on {PRONOUN/r_c/poss} face. {PRONOUN/r_c/subject/CAP} {VERB/r_c/offer/offers} a life for [virtue], whispering to take care of the Clan the best {PRONOUN/m_c/subject} can.",
          "virtue": ["clear sight", "devotion", "faith", "healing", "patience", "selflessness", "wisdom"]
        }
      ]
    },
    "med_bloodthirsty_lead": {
      "tags": [],
      "lead_trait": ["bloodthirsty"],
      "star_trait": [],
      "rank": ["medicine cat"],
      "life_giving": [
        {
          "text": "r_c approaches, a blank expression on {PRONOUN/r_c/poss} face. {PRONOUN/r_c/subject/CAP} {VERB/r_c/offer/offers} a life for [virtue], whispering to not lose {PRONOUN/m_c/poss} way.",
          "virtue": ["clear sight", "devotion", "faith", "healing", "patience", "selflessness", "wisdom"]
        }
      ]
    },

    "default_leader": {
      "tags": [],
      "lead_trait": [],
      "star_trait": [],
      "rank": ["leader"],
      "life_giving": [
        {
          "text": "Finally, r_c steps forward. There is pride in {PRONOUN/r_c/poss} gaze as {PRONOUN/r_c/subject} {VERB/r_c/stare/stares} into m_c's eyes. {PRONOUN/r_c/subject/CAP} {VERB/r_c/give/gives} a life for [virtue].",
          "virtue": ["endurance in the face of hardship", "knowing when to fight and when to choose peace", "leadership through the darkest times", "loyalty to their Clan", "the strength to overcome their fears", "tireless energy"]
        }
      ]
    },
    "default_leader_ancient": {
      "tags": ["old_leader"],
      "lead_trait": [],
      "star_trait": [],
      "rank": ["leader"],
      "life_giving": [
        {
          "text": "Finally, r_c steps forward. There is a conflicted expression on {PRONOUN/r_c/poss} face when {PRONOUN/r_c/subject} {VERB/r_c/step/steps} forward and {VERB/r_c/stare/stares} into m_c's eyes. {PRONOUN/r_c/subject/CAP} {VERB/r_c/give/gives} a life for [virtue].",
          "virtue": ["endurance in the face of hardship", "knowing when to fight and when to choose peace", "leadership through the darkest times", "loyalty to their Clan", "the strength to overcome their fears", "tireless energy"]
        }
      ]
    },

    "leader_bloodthirsty_lead": {
      "tags": [],
      "lead_trait": ["bloodthirsty"],
      "star_trait": [],
      "rank": ["leader"],
      "life_giving": [
        {
          "text": "Finally, r_c steps forward. There is a conflicted expression on {PRONOUN/r_c/poss} face when {PRONOUN/r_c/subject} {VERB/r_c/step/steps} forward and {VERB/r_c/stare/stares} into m_c's eyes. {PRONOUN/r_c/subject/CAP} {VERB/r_c/give/gives} a life for [virtue].",
          "virtue": ["endurance in the face of hardship", "knowing when to fight and when to choose peace", "leadership through the darkest times", "loyalty to their Clan", "the strength to overcome their fears", "tireless energy"]
        }
      ]
    },
    "leader_ancient_bloodthirsty_lead": {
      "tags": ["old_leader"],
      "lead_trait": ["bloodthirsty"],
      "star_trait": [],
      "rank": ["leader"],
      "life_giving": [
        {
          "text": "r_c, one of StarClan's oldest leaders, looks at the new leader with a conflicted expression. {PRONOUN/r_c/subject/CAP} {VERB/r_c/give/gives} a last life, the gift of [virtue].",
          "virtue": ["endurance in the face of hardship", "knowing when to fight and when to choose peace", "leadership through the darkest times", "loyalty to their Clan", "the strength to overcome their fears", "tireless energy"]
        }
      ]
    }
  },
  
  "outros": {
    "default": {
      "tags": [],
      "lead_trait": [],
      "text": [
            "r_c hails m_c by {PRONOUN/m_c/poss} new name, m_c_star, telling {PRONOUN/m_c/object} that {PRONOUN/m_c/poss} old life is no more. {PRONOUN/m_c/subject/CAP} {VERB/m_c/are/is} granted guardianship of c_n, and are told to use {PRONOUN/m_c/poss} new power wisely. The group of starry cats yowls m_c_star's name in support. m_c_star wakes up feeling a new strength within {PRONOUN/m_c/poss} body and know that {PRONOUN/m_c/subject} {VERB/m_c/are/is} now ready to lead the Clan."
      ]
    },

    "new_clan": {
      "tags": ["new_clan"],
      "lead_trait": [],
      "text": [
        "m_c_star wakes, {PRONOUN/m_c/poss} new name echoing in {PRONOUN/m_c/poss} ears."
      ]
    },

    "bloodthirsty": {
      "tags": [],
      "lead_trait": ["bloodthirsty"],
      "text": [
        "r_c hails m_c by {PRONOUN/m_c/poss} new name, m_c_star, telling {PRONOUN/m_c/object} that {PRONOUN/m_c/poss} old life is no more. {PRONOUN/m_c/subject/CAP} {VERB/m_c/are/is} granted guardianship of c_n, and are told to use {PRONOUN/m_c/poss} new power wisely. StarClan is silent as the new leader begins to wake up. m_c_star stands, feeling a new strength within {PRONOUN/m_c/poss} body, and grins."
      ]
    }
  }
}