{
  "abbreviations": {
    "b_tp_l_s": "beach_tinyprey_land_singular",
    "b_tp_l_p": "beach_tinyprey_land_plural",
    "b_tp_a_s": "beach_tinyprey_aquatic_singular",
    "b_tp_a_p": "beach_tinyprey_aquatic_plural",
    "b_mp_l_s": "beach_midprey_land_singular",
    "b_mp_l_p": "beach_midprey_land_singular",
    "b_mp_a_s": "beach_midprey_aquatic_singular",
    "b_mp_a_p": "beach_midprey_aquatic_plural",
    "b_lp_l_s": "beach_largeprey_land_singular",
    "b_lp_l_p": "beach_largeprey_land_plural",
    "b_lp_a_s": "beach_largeprey_aquatic_singular",
    "b_lp_a_p": "beach_largeprey_aquatic_plural",

    "d_tp_s": "desert_tinyprey_singular",
    "d_tp_p": "desert_tinyprey_plural",
    "d_mp_s": "desert_midprey_singular",
    "d_mp_p": "desert_midprey_plural",
    "d_lp_s": "desert_largeprey_singular",
    "d_lp_p": "desert_largeprey_plural",

    "f_tp_s": "forest_tinyprey_singular",
    "f_tp_p": "forest_tinyprey_plural",
    "f_mp_s": "forest_midprey_singular",
    "f_mp_p": "forest_midprey_plural",
    "f_lp_s": "forest_midprey_singular",
    "f_lp_p": "forest_midprey_plural",

    "m_tp_s": "mountain_tinyprey_singular",
    "m_tp_p": "mountain_tinyprey_plural",
    "m_mp_s": "mountain_midprey_singular",
    "m_mp_p": "mountain_midprey_plural",
    "m_lp_s": "mountain_largeprey_singular",
    "m_lp_p": "mountain_largeprey_plural",

    "p_tp_s": "plains_tinyprey_singular",
    "p_tp_p": "plains_tinyprey_plural",
    "p_mp_s": "plains_midprey_singular",
    "p_mp_p": "plains_midprey_plural",
    "p_lp_s": "plains_largeprey_singular",
    "p_lp_p": "plains_largeprey_plural",

    "w_tp_l_s": "wetlands_tinyprey_land_singular",
    "w_tp_l_p": "wetlands_tinyprey_land_plural",
    "w_tp_a_s": "wetlands_tinyprey_aquatic_singular",
    "w_tp_a_p": "wetlands_tinyprey_aquatic_plural",
    "w_mp_l_s": "wetlands_midprey_land_singular",
    "w_mp_l_p": "wetlands_midprey_land_singular",
    "w_mp_a_s": "wetlands_midprey_aquatic_singular",
    "w_mp_a_p": "wetlands_midprey_aquatic_plural",
    "w_lp_l_s": "wetlands_largeprey_land_singular",
    "w_lp_l_p": "wetlands_largeprey_land_plural",
    "w_lp_a_s": "wetlands_largeprey_aquatic_singular",
    "w_lp_a_p": "wetlands_largeprey_aquatic_plural"
  },

  "beach_tinyprey_land_singular": [
    "fiddler crab", "hermit crab", "beach vole", "fog shrew", "beach mouse",
    "yellow-cheeked chipmunk", "ornate shrew", "pocket mouse", "marsh shrew", "crab", "non-toxic jellyfish",
    "clam cluster", "sandpiper", "crawdad", "jackdaw", "cockle shell", "plover", "finch", "thrush"
  ],
  "beach_tinyprey_land_plural": [
    "fiddler crabs", "hermit crabs", "beach voles", "fog shrews", "beach mice",
    "yellow-cheeked chipmunks", "ornate shrews", "pocket mice", "marsh shrews", "crabs", "non-toxic jellyfish",
    "clam clusters", "sandpipers", "crawdads", "jackdaws", "cockle shells", "plovers", "finches", "thrush"
  ],
  "beach_tinyprey_aquatic_singular": [
    "shad", "anchovy", "sardine", "smelt", "pink shrimp", "white shrimp", "tropical fish", "sand fish", 
    "flat head fish", "small brine fish", "prawn", "little seahorse", "seahorse", "cherubfish", "fairy basslet", 
    "sailfin blenny", "yellowhead jawfish", "pinkeye goby", "tetra"
  ],
  "beach_tinyprey_aquatic_plural": [
    "shad", "anchovies", "sardines", "smelt", "pink shrimp", "white shrimp", "tropical fish", "sand fish", 
    "flat head fish", "small brine fish", "prawns", "little seahorses", "seahorses", "cherubfish", "fairy basslets", 
    "sailfin blenny", "yellowhead jawfish", "pinkeye gobies", "tetras"
  ],
  "beach_midprey_land_singular": [
    "dusky-footed woodrat", "auklet", "gannet", "skua", "loon", "herring gull", "ring-billed gull", "common tern",
    "squirrel"
  ],
  "beach_midprey_land_plural": [
    "dusky-footed woodrats", "auklets", "gannets", "skua", "loons", "herring gulls", "ring-billed gulls", "common terns",
    "squirrels"
  ],
  "beach_midprey_aquatic_singular": [
    "eel", "needlenose", "seagull", "blowfish", "sea bass", "young squid", "lionfish", "lobster", "sea snake",
    "clown triggerfish", "angel fish", "powder blue tang", "yellow tang", "powder brown tang", "butterfly fish"
  ],
  "beach_midprey_aquatic_plural": [
    "eels", "needlenoses", "seagulls", "blowfish", "sea bass", "young squids", "lionfish", "lobsters", "sea snakes",
    "clown triggerfish", "angel fish", "powder blue tangs", "yellow tangs", "powder brown tangs", "butterfly fish"
  ],
  "beach_largeprey_land_singular": [
    
  ],
  "beach_largeprey_land_plural": [
    
  ],
  "beach_largeprey_aquatic_singular": [
    
  ],
  "beach_largeprey_aquatic_plural": [
    
  ],
  
  "desert_tinyprey_singular": [
    "spotted ground squirrel", "round-tailed ground squirrel", "ground squirrel", "small bird", "desert pocket gopher",
    "agile kangaroo rat", "spiny pocket mouse", "kangaroo rat", "chisel-toothed kangaroo rat", 
    "banner-tailed kangaroo rat", "narrow-faced kangaroo rat", "big-eared kangaroo rat", "dark kangaroo mouse", 
    "pale kangaroo mouse", "long-tailed pocket mouse", "desert pocket mouse", "silky pocket mouse", "canyon mouse", 
    "cactus mouse", "deermouse", "white-ankled mouse", "desert shrew", "Long-eared bat", "elf owl", "whiptail", 
    "masked shrike", "red-spotted toad", "jerboa", "golden hamster", "mulgara", "marsupial mole", "wombat", 
    "pink fairy armadillo", "water-holding frog", "arabian sand boa", "gecko", "lizard", "thorny devil", 
    "hopping mouse", "fat-tailed gerbil", "pale gerbil","fat sand rat", "bushy tailed jird", "short-eared gerbil", 
    "hairy-footed gerbil"
  ],
  "desert_tinyprey_plural": [
    "spotted ground squirrels", "round-tailed ground squirrels", "ground squirrels", "small birds", "desert pocket gophers",
    "agile kangaroo rats", "spiny pocket mice", "kangaroo rats", "chisel-toothed kangaroo rats", 
    "banner-tailed kangaroo rats", "narrow-faced kangaroo rats", "big-eared kangaroo rats", "dark kangaroo mice", 
    "pale kangaroo mice", "long-tailed pocket mice", "desert pocket mice", "silky pocket mice", "canyon mice", 
    "cactus mice", "deermice", "white-ankled mice", "desert shrews", "Long-eared bats", "elf owls", "whiptails", 
    "masked shrikes", "red-spotted toads", "jerboas", "golden hamsters", "mulgaras", "marsupial moles", "wombats", 
    "pink fairy armadillos", "water-holding frogs", "arabian sand boas", "geckos", "lizards", "thorny devils", 
    "hopping mice", "fat-tailed gerbils", "pale gerbils","fat sand rats", "bushy tailed jirds", "short-eared gerbils", 
    "hairy-footed gerbils"
  ],
  "desert_midprey_singular": [
    "antelope squirrel", "white-tailed antelope squirrel", "giant kangaroo rat", "rock squirrel",
    "white-throated woodrat", "desert woodrat", "white-toothed woodrat", "sidewinder", "rattlesnake", "adder",
    "armadillo", "desert iguana", "bilby", "meerkat", "sandgrouse", "three-banded armadillo", "nine-banded armadillo",
    "mourning dove", "curve-billed thrasher", "great gerbil"
  ],
  "desert_midprey_plural": [
    "antelope squirrels", "white-tailed antelope squirrels", "giant kangaroo rats", "rock squirrels",
    "white-throated woodrats", "desert woodrats", "white-toothed woodrats", "sidewinders", "rattlesnakes", "adders",
    "armadillos", "desert iguanas", "bilbies", "meerkats", "sandgrouse", "three-banded armadillos", "nine-banded armadillos",
    "mourning doves", "curve-billed thrashers", "great gerbils"
  ],
  "desert_largeprey_singular": [
    "chaparral bird", "roadrunner", "hawk", "jackrabbit", "antelope jackrabbit", "ringtail", "hare", "desert hare",
    "crow", "vulture", "eagle"
  ],
  "desert_largeprey_plural": [
    "chaparral birds", "roadrunners", "hawks", "jackrabbits", "antelope jackrabbits", "ringtails", "hares", "desert hares",
    "crows", "vultures", "eagles"
  ],
  
  "forest_tinyprey_singular": [
    "shrew", "robin", "vole", "dormouse", "blackbird", "wood mouse", "lizard", "tiny grass snake", "finch", "sparrow",
    "small bird", "young rat", "young hedgehog", "big beetle", "woodrat", "white-footed mouse", "golden mouse",
    "young squirrel", "chipmunk", "white-footed vole", "jumping mouse", "red tree vole", "gray-tailed vole",
    "gray-footed chipmunk", "red-tailed chipmunk", "red-backed vole", "creeping vole", "woodland vole", "brush mouse",
    "cotton mouse", "white-ankled mouse", "smoky shrew", "hairy-tailed mole", "mole", "broad-footed mole",
    "shrew mole", "weasel", "deer mouse", "gnat catcher", "yellow rumped warbler", "rock dove", "stock dove",
    "bank vole", "green anole", "towhee", "finch", "fantail", "bobwhite quail", "dark-eyed junco", "yellow-eyed junco",
    "blue-bellies", "gray catbird"
  ],
  "forest_tinyprey_plural": [
    "shrews", "robins", "voles", "dormice", "blackbirds", "wood mice", "lizards", "tiny grass snakes", "finches", "sparrows",
    "small birds", "young rats", "young hedgehogs", "big beetles", "woodrats", "white-footed mice", "golden mice",
    "young squirrels", "chipmunks", "white-footed voles", "jumping mice", "red tree voles", "gray-tailed voles",
    "gray-footed chipmunks", "red-tailed chipmunks", "red-backed voles", "creeping voles", "woodland voles", "brush mice",
    "cotton mice", "white-ankled mice", "smoky shrews", "hairy-tailed moles", "moles", "broad-footed moles",
    "shrew moles", "weasels", "deer mice", "gnat catchers", "yellow rumped warblers", "rock doves", "stock doves",
    "bank voles", "green anoles", "towhees", "finches", "fantails", "bobwhite quails", "dark-eyed juncos", "yellow-eyed juncos",
    "blue-bellies", "gray catbirds"
  ],
  "forest_midprey_singular": [
    "plump shrew", "woodpecker", "mole", "fat dormouse", "blackbird", "field vole", "big lizard", "grass snake",
    "half-grown rabbit", "hedgehog", "red squirrel", "grey squirrel", "rat", "flying squirrel", "kingfisher", "packrat",
    "dusky-footed woodrat", "big-eared woodrat", "stoat", "ermine", "ruffed grouse", "cardinal", "ptarmigan",
    "chukar", "quail", "pheasant", "starling", "blue jay", "stellar jay"
  ],
  "forest_midprey_plural": [
    "plump shrews", "woodpeckers", "moles", "fat dormice", "blackbirds", "field voles", "big lizards", "grass snakes",
    "half-grown rabbits", "hedgehogs", "red squirrels", "grey squirrels", "rats", "flying squirrels", "kingfishers", "packrats",
    "dusky-footed woodrats", "big-eared woodrats", "stoats", "ermines", "ruffed grouse", "cardinals", "ptarmigan",
    "chukars", "quail", "pheasants", "starlings", "blue jays", "stellar jays"
  ],
  "forest_largeprey_singular": [

  ],
  "forest_largeprey_plural": [

  ],

  "mountain_tinyprey_singular": [
    "meadow mouse", "pocket mouse", "white-eared pocket mouse", "spiny pocket mouse", "chipmunk", 
    "yellow-pine chipmunk", "gray-collared chipmunk", "pocket gopher", "rock vole", "water vole", 
    "black-eared mouse", "long-tailed shrew", "dwarf shrew", "water shrew"
  ],
  "mountain_tinyprey_plural": [
    "meadow mice", "pocket mice", "white-eared pocket mice", "spiny pocket mice", "chipmunks", 
    "yellow-pine chipmunks", "gray-collared chipmunks", "pocket gophers", "rock voles", "water voles", 
    "black-eared mice", "long-tailed shrews", "dwarf shrews", "water shrews"
  ],
  "mountain_midprey_singular": [
    "plump shrew", "woodpecker", "blackbird", "golden-mantled ground squirrel", "half-grown rabbit", "fox squirrel", 
    "yellow-nosed rat", "red squirrel", "grey squirrel", "rat", "flying squirrel", "pika", "collared pika", "pygmy rabbit"
  ],
  "mountain_midprey_plural": [
    "plump shrews", "woodpeckers", "blackbirds", "golden-mantled ground squirrels", "half-grown rabbits", "fox squirrels", 
    "yellow-nosed rats", "red squirrels", "grey squirrels", "rats", "flying squirrels", "pikas", "collared pikas", "pygmy rabbits"
  ],
  "mountain_largeprey_singular": [
    
  ],
  "mountain_largeprey_plural": [
    
  ],
  
  "plains_tinyprey_singular": [
    "pocket gopher", "yellow-faced pocket gopher", "meadow mouse", "dark kangaroo mouse", "pocket mouse",
    "pale kangaroo mouse", "little pocket mouse", "sagebrush vole", "gray-tailed vole",
    "meadow vole", "prairie vole", "long-tailed vole", "heather vole", "pygmy mouse", "white-ankled mouse",
    "harvest mouse", "grasshopper mouse", "least shrew", "prairie shrew", "mole"
  ],
  "plains_tinyprey_plural": [
    "pocket gophers", "yellow-faced pocket gophers", "meadow mice", "dark kangaroo mice", "pocket mice",
    "pale kangaroo mice", "little pocket mice", "sagebrush voles", "gray-tailed voles",
    "meadow voles", "prairie voles", "long-tailed voles", "heather voles", "pygmy mice", "white-ankled mice",
    "harvest mice", "grasshopper mice", "least shrews", "prairie shrews", "moles"
  ],
  "plains_midprey_singular": [
    "prairie dog", "white-tailed prairie dog", "black-tailed prairie dog", "packrat", "woodrat", "cotton rat",
    "tawny-bellied cotton rat"
  ],
  "plains_midprey_plural": [
    "prairie dogs", "white-tailed prairie dogs", "black-tailed prairie dogs", "packrats", "woodrats", "cotton rats",
    "tawny-bellied cotton rats"
  ],
  "plains_largeprey_singular": [

  ],
  "plains_largeprey_plural": [

  ],


  "wetlands_tinyprey_land_singular": [
    "salt-marsh vole", "long-tailed vole", "golden mouse", "salt-marsh harvest mouse", "short-tailed shrew", 
    "least shrew", "marsh shrew"
  ],
  "wetlands_tinyprey_land_plural": [
    "salt-marsh voles", "long-tailed voles", "golden mice", "salt-marsh harvest mice", "short-tailed shrews", 
    "least shrews", "marsh shrews"
  ],
  "wetlands_tinyprey_aquatic_singular": [
    
  ],
  "wetlands_tinyprey_aquatic_plural": [
    
  ],
  "wetlands_midprey_land_singular": [
    "blackbird", "round-tailed muskrat", "muskrat", "big lizard", "grass snake", "marsh rice rat", "rice rat",
    "kingfisher", "star-nosed mole"
  ],
  "wetlands_midprey_land_plural": [
    "blackbirds", "round-tailed muskrats", "muskrats", "big lizards", "grass snakes", "marsh rice rats", "rice rats",
    "kingfishers", "star-nosed moles"
  ],
  "wetlands_midprey_aquatic_singular": [
    "eel", "needlenose", "seagull", "blowfish", "sea bass", "young squid", "lionfish", "lobster", "sea snake",
    "clown triggerfish", "angel fish", "powder blue tang", "yellow tang", "powder brown tang", "butterfly fish"
  ],
  "wetlands_midprey_aquatic_plural": [

  ],
  "wetlands_largeprey_land_singular": [

  ],
  "wetlands_largeprey_land_plural": [

  ],
  "wetlands_largeprey_aquatic_singular": [

  ],
  "wetlands_largeprey_aquatic_plural": [

  ]
}