{
    "claw-wound": [
        "m_c has healed from {PRONOUN/m_c/poss} claw-wound.",
        "m_c's claw-wound has healed.",
        "m_c's wound has healed well."
    ],
    "bite-wound": [
        "m_c has healed from {PRONOUN/m_c/poss} bite-wound.",
        "m_c's bite-wound has healed.",
        "m_c has healed well from {PRONOUN/m_c/poss} bite-wound."
    ],
    "cat bite": [
        "m_c has healed from {PRONOUN/m_c/poss} cat bite.",
        "m_c's cat bite has healed.",
        "m_c has healed well from {PRONOUN/m_c/poss} cat bite."
    ],
    "beak bite": [
        "m_c has healed from {PRONOUN/m_c/poss} beak bite.",
        "m_c's beak bite has healed.",
        "m_c has healed well from {PRONOUN/m_c/poss} beak bite."
    ],
    "snake bite": [
        "The snake bite m_c got has healed.",
        "m_c's snake bite has healed.",
        "m_c has healed from the snake bite {PRONOUN/m_c/subject} got."
    ],
    "rat bite": [
        "m_c has healed from {PRONOUN/m_c/poss} rat bite.",
        "The rat bite m_c had gotten has healed.",
        "m_c's rat bite has healed."
    ],
    "tick bites": [
        "The tick bites m_c was suffering from have healed.",
        "m_c's tick bites are no longer bothering {PRONOUN/m_c/object}.",
        "m_c's tick bites have healed up."
    ],
    "blood loss": [
        "m_c has recovered from the blood loss {PRONOUN/m_c/subject} suffered.",
        "m_c is no longer suffering from blood loss.",
        "m_c has made a full recovery from the blood loss {PRONOUN/m_c/subject} suffered."
    ],
    "broken jaw": [
        "m_c's broken jaw has healed.",
        "m_c has healed well from the broken jaw {PRONOUN/m_c/subject} suffered.",
        "m_c's jaw no longer bothers {PRONOUN/m_c/object}, it seems to have healed from its break."
    ],
    "broken bone": [
        "m_c's broken bone has healed.",
        "m_c is happy to find {PRONOUN/m_c/poss} body pain free, it seems {PRONOUN/m_c/poss} broken bone has finally healed.",
        "m_c has healed from {PRONOUN/m_c/poss} broken bone."
    ],
    "mangled leg": [
        "m_c has healed from {PRONOUN/m_c/poss} mangled leg.",
        "m_c's mangled leg has healed up.",
        "m_c's mangled leg is looking much better and seems to have healed well.",
        "m_c's leg seems to be much better.",
        "m_c's leg has healed."
    ],
    "dislocated joint": [
        "m_c's dislocated joint has been popped back into place and is feeling much better.",
        "m_c has recovered from {PRONOUN/m_c/poss} dislocated joint."
    ],
    "joint pain": [
        "The joint pain m_c was experiencing has abated.",
        "m_c is no longer suffering from joint pain.",
        "m_c's joint pain is gone.",
        "m_c's joint pain is feeling much better.",
        "m_c has recovered from {PRONOUN/m_c/poss} joint pain and is happy to be moving around pain free."
    ],
    "sprain": [
        "m_c's sprain has healed.",
        "m_c's sprain is feeling much better.",
        "m_c can walk and move without pain, {PRONOUN/m_c/poss} sprain must have healed.",
        "m_c has recovered from {PRONOUN/m_c/poss} sprain."
    ],
    "mangled tail": [
        "m_c's tail has healed well.",
        "m_c's mangled tail seems to be fully healed.",
        "m_c has recovered from {PRONOUN/m_c/poss} mangled tail.",
        "m_c's tail is feeling much better."
    ],
    "bruises": [
        "m_c's bruises have healed.",
        "m_c is feeling much better, {PRONOUN/m_c/poss} bruises are gone.",
        "m_c's bruises are gone.",
        "m_c's bruises have disappeared.",
        "m_c is no longer bruised."
    ],
    "cracked pads": [
        "m_c's pads have healed.",
        "m_c can walk without pain, {PRONOUN/m_c/poss} cracked pads have healed.",
        "m_c's cracked pads are feeling better.",
        "m_c's pads are no longer cracked.",
        "m_c's cracked pads have healed."
    ],
    "sore": [
        "m_c is no longer sore.",
        "m_c's soreness has abated.",
        "m_c feels much better, {PRONOUN/m_c/poss} soreness is gone.",
        "m_c's soreness is gone."
    ],
    "phantom pain": [
        "m_c's phantom pain has abated.",
        "m_c's phantom pain is gone.",
        "m_c's missing limb no longer hurts.",
        "m_c feels much better, {PRONOUN/m_c/poss} missing limb no longer causing {PRONOUN/m_c/object} pain.",
        "m_c is relieved to find {PRONOUN/m_c/poss} phantom pain gone."
    ],
    "scrapes": [
        "m_c's scrapes have healed.",
        "m_c's scrapes are all better.",
        "m_c's scrapes are gone.",
        "m_c is no longer all scraped up.",
        "m_c has healed from all {PRONOUN/m_c/poss} scrapes."
    ],
    "small cut": [
        "m_c's small cut has healed up nicely.",
        "m_c's small cut is no longer bothering {PRONOUN/m_c/object}."
    ],
    "torn pelt": [
        "m_c's pelt is looking much better.",
        "m_c's pelt is no longer torn.",
        "m_c's pelt has recovered from being so torn.",
        "m_c's torn pelt has healed.",
        "m_c grooms {PRONOUN/m_c/poss} pelt, happy to find the tears and wounds in it gone."
    ],
    "torn ear": [
        "m_c's ear is feeling much better.",
        "m_c's torn ear has healed.",
        "m_c's ear is no longer torn."
    ],
    "frostbite": [
        "m_c's frostbite is gone.",
        "m_c has managed to get rid of {PRONOUN/m_c/poss} frostbite.",
        "m_c has recovered from {PRONOUN/m_c/poss} frostbite.",
        "m_c is no longer frostbitten."
    ],
    "recovering from birth": [
        "m_c has recovered from birthing {PRONOUN/m_c/poss} litter.",
        "m_c finally feels back to normal after the strain of birthing a litter.",
        "m_c has healed from the strain of delivering {PRONOUN/m_c/poss} litter."
    ],
    "water in their lungs": [
        "m_c's lungs finally feel back to normal.",
        "m_c is breathing normally again, the water in {PRONOUN/m_c/poss} lungs is gone.",
        "m_c has recovered from the water in {PRONOUN/m_c/poss} lungs.",
        "There's no longer water in m_c's lungs, {PRONOUN/m_c/subject}{VERB/m_c/'re/'s} back to breathing normally.",
        "m_c's breathing has returned to normal, {PRONOUN/m_c/poss} lungs are no longer filled with water."
    ],
    "burn": [
        "m_c's burn has healed.",
        "m_c has healed from {PRONOUN/m_c/poss} burn.",
        "m_c is no longer suffering from a burn.",
        "m_c has recovered from the burn {PRONOUN/m_c/subject} suffered."
    ],
    "severe burn": [
        "m_c was lucky and {PRONOUN/m_c/subject}{VERB/m_c/'ve/'s} recovered from the severe burn {PRONOUN/m_c/subject} got.",
        "m_c has healed from {PRONOUN/m_c/poss} severe burn.",
        "m_c's severe burn has finally healed."
    ],
    "shock": [
        "m_c is no longer suffering from shock.",
        "m_c feels much better and is no longer suffering from shock.",
        "m_c's shock is gone.",
        "m_c is no longer in shock.",
        "m_c finally feels more like {PRONOUN/m_c/self}, {PRONOUN/m_c/poss} shock is gone."
    ],
    "lingering shock": [
        "It took a little while, but m_c finally feels normal again.",
        "m_c has finally processed the shock of {PRONOUN/m_c/poss} ordeal.",
        "m_c feels much better this moon, the old memories of {PRONOUN/m_c/poss} pain fading."
    ],
    "shivering": [
        "m_c has finally warmed up and is no longer shivering.",
        "m_c thought the chill in {PRONOUN/m_c/poss} bones would never leave, but thankfully {PRONOUN/m_c/subject} {VERB/m_c/feel/feels} warm once again.",
        "m_c's shivers have died down.",
        "m_c is no longer shivering."
    ],
    "dehydrated": [
        "m_c has recovered from the dehydration {PRONOUN/m_c/subject} {VERB/m_c/were/was} suffering.",
        "After a lot of water and rest, m_c finally feels better.",
        "m_c is no longer dehydrated."
    ],
    "head damage": [
        "m_c has healed from {PRONOUN/m_c/poss} head damage.",
        "m_c's head damage has healed.",
        "m_c's head finally feels better.",
        "m_c's head is no longer painful."
    ],
    "damaged eyes": [
        "m_c's eyes have healed.",
        "m_c's eyes are no longer damaged.",
        "m_c's eyes have recovered from {PRONOUN/m_c/poss} injury."
    ],
    "quilled by a porcupine": [
        "The porcupine quills stuck in m_c's pelt have finally been removed.",
        "m_c has recovered from the wounds {PRONOUN/m_c/subject} got from the porcupine.",
        "The barbed quills were no fun to remove, but at least m_c is feeling better now."
    ],
    "poisoned": [
        "m_c got very lucky and has managed to recover from the poison.",
        "Despite the lethality of the poison that coursed through {PRONOUN/m_c/object}, m_c has managed to stay alive.",
        "m_c has recovered from the poison.",
        "m_c is no longer poisoned."
    ],
    "broken back": [
        "m_c's broken back has healed and {PRONOUN/m_c/subject}{VERB/m_c/'ve/'s} made a full recovery against all odds.",
        "m_c is ecstatic to be walking around freely again, {PRONOUN/m_c/poss} broken back finally healed."
    ],
    "bee sting": [
        "m_c's bee sting is feeling all better."
    ],
    "headache": [
        "m_c's headache is gone.",
        "m_c feels relieved at the lack of pain in {PRONOUN/m_c/poss} head. {PRONOUN/m_c/poss/CAP} headache seems to have finally gone away."
    ],
    "severe headache": [
        "m_c's headache is gone.",
        "m_c breathes a small sigh of relief. Finally, the deep throbbing in {PRONOUN/m_c/poss} head has subsided."
    ]
}
