[
    {
        "camp": "any",
        "tags": [
            "Newleaf",
            "Greenleaf",
            "Leaf-fall",
            "Leaf-bare"
        ],
        "event_text": "m_c thinks about retiring.",
        "cat_trait": null,
        "cat_skill": null,
        "other_cat_trait": null,
        "other_cat_skill": null
    },
    {
        "camp": "any",
        "tags": [
            "other_clan",
            "Newleaf",
            "Greenleaf",
            "Leaf-fall",
            "Leaf-bare"
        ],
        "event_text": "m_c travels to o_c to bring them an important message.",
        "cat_trait": null,
        "cat_skill": null,
        "other_cat_trait": null,
        "other_cat_skill": null
    },
    {
        "camp": "any",
        "tags": [
            "Newleaf",
            "Greenleaf",
            "Leaf-fall",
            "Leaf-bare"
        ],
        "event_text": "m_c travels to the other Clans to bring them an important message.",
        "cat_trait": null,
        "cat_skill": null,
        "other_cat_trait": null,
        "other_cat_skill": null
    },
    {
        "camp": "any",
        "tags": [
            "Newleaf",
            "Greenleaf",
            "Leaf-fall",
            "Leaf-bare",
            "war"
        ],
        "event_text": "As the deputy, m_c is doing {PRONOUN/m_c/poss} best to prepare for leadership in the case that the worst happens."
    },
    {
        "camp": "any",
        "tags": [
            "Newleaf",
            "Greenleaf",
            "Leaf-fall",
            "Leaf-bare",
            "war",
            "other_cat",
            "other_cat_leader",
            "mc_to_rc",
            "platonic",
            "respect",
            "trust"
        ],
        "event_text": "m_c is struggling to accept the fact that {PRONOUN/m_c/subject} may have to step up as leader if r_c loses {PRONOUN/r_c/poss} last life. How could {PRONOUN/m_c/subject} {VERB/m_c/go/goes} on without {PRONOUN/m_c/poss} beloved leader? How difficult will it to be to lead in {PRONOUN/r_c/poss} stead?",
        "cat_trait": [
            "insecure",
            "lonesome",
            "nervous"
        ]
    },
    {
        "camp": "any",
        "tags": [
            "Newleaf",
            "Greenleaf",
            "Leaf-fall",
            "Leaf-bare",
            "war",
            "other_cat",
            "other_cat_leader"
        ],
        "event_text": "m_c is struggling to accept the fact that {PRONOUN/m_c/subject} may have to step up as leader if r_c loses {PRONOUN/r_c/poss} last life.",
        "cat_trait": [
            "insecure",
            "lonesome",
            "nervous"
        ]
    },
    {
        "camp": "any",
        "tags": [
            "Newleaf",
            "Greenleaf",
            "Leaf-fall",
            "Leaf-bare",
            "war",
            "other_cat",
            "other_cat_elder"
        ],
        "event_text": "m_c is heavily relying on the tactical advice and experience of the elders, namely r_c.",
        "cat_trait": [
            "insecure",
            "lonesome",
            "nervous"
        ],
        "other_cat_skill": [
            "INSIGHTFUL,1",
            "TEACHER,3",
            "CLEVER,3",
            "CAMP,3"
        ]
    }
]