[
    {
        "camp": "any",
        "tags": [
            "Newleaf",
            "Greenleaf",
            "Leaf-fall",
            "Leaf-bare"
        ],
        "event_text": "m_c is brought back to camp after wandering off.",
        "cat_trait": null,
        "cat_skill": null,
        "other_cat_trait": null,
        "other_cat_skill": null
    },
    {
        "camp": "any",
        "tags": [
            "Leaf-bare",
            "Newleaf",
            "Greenleaf",
            "Leaf-fall"
        ],
        "event_text": "m_c calls the younger cats to {PRONOUN/m_c/poss} den to tell stories of the Clan's past.",
        "cat_trait": null,
        "cat_skill": [
            "STORY,1"
        ],
        "other_cat_trait": null,
        "other_cat_skill": null
    },
    {
        "camp": "any",
        "tags": [
            "Leaf-bare",
            "Newleaf",
            "Greenleaf",
            "Leaf-fall",
            "other_cat",
            "other_cat_leader"
        ],
        "event_text": "m_c speaks to r_c about how to better defend the camp.",
        "cat_trait": null,
        "cat_skill": [
            "INSIGHTFUL,1"
        ],
        "other_cat_trait": null,
        "other_cat_skill": null
    },
    {
        "camp": "any",
        "tags": [
            "Leaf-bare",
            "Newleaf",
            "Greenleaf",
            "Leaf-fall"
        ],
        "event_text": "m_c helps reinforce the dens in the camp while the rest of the camp is on patrol.",
        "cat_trait": null,
        "cat_skill": [
            "CAMP,2"
        ],
        "other_cat_trait": null,
        "other_cat_skill": null
    },
    {
        "camp": "any",
        "tags": [
            "Leaf-bare",
            "Newleaf",
            "Greenleaf",
            "Leaf-fall"
        ],
        "event_text": "m_c places small feathers and shining stones near the nest of each Clanmate while they're on patrol.",
        "cat_trait": null,
        "cat_skill": [
            "CAMP,2"
        ],
        "other_cat_trait": null,
        "other_cat_skill": null
    },
    {
        "camp": "any",
        "tags": [
            "Leaf-bare",
            "Newleaf",
            "Greenleaf",
            "Leaf-fall"
        ],
        "event_text": "m_c keeps an eye on the camp while the warriors are on patrol.",
        "cat_trait": null,
        "cat_skill": [
            "CAMP,3"
        ],
        "other_cat_trait": null,
        "other_cat_skill": null
    },
    {
        "camp": "any",
        "tags": [
            "Leaf-bare",
            "Newleaf",
            "Greenleaf",
            "Leaf-fall"
        ],
        "event_text": "m_c disappears for a few days, then returns to camp with a acc_singular around {PRONOUN/m_c/poss} neck.",
        "cat_trait": null,
        "cat_skill": null,
        "other_cat_trait": null,
        "other_cat_skill": null,
        "accessories": [
            "COLLAR"
        ]
    },
    {
        "camp": "any",
        "tags": [
            "Newleaf",
            "Greenleaf",
            "Leaf-fall",
            "Leaf-bare"
        ],
        "event_text": "m_c awakens with multiple objects stacked on {PRONOUN/m_c/object}, and the sound of giggling cats in the distance.",
        "cat_trait": null,
        "cat_skill": null,
        "other_cat_trait": null,
        "other_cat_skill": null
    },
    {
        "camp": "Any",
        "tags": [
            "Newleaf",
            "Greenleaf",
            "Leaf-fall",
            "Leaf-bare",
            "rc_to_mc",
            "comfort",
            "respect",
            "clan_kits"
        ],
        "event_text": "m_c calls out to some eager kits, and after they have situated themselves in front of m_c, {PRONOUN/m_c/subject} {VERB/m_c/start/starts} telling the kits a thrilling story of times long past.",
        "cat_skill": [
            "STORY,1",
            "LORE,2"
        ]
    }
]