[
    {
        "injury": "damaged eyes",
        "tags": [
            "Newleaf",
            "Greenleaf",
            "Leaf-fall",
            "Leaf-bare",
            "scar",
            "FACE"
        ],
        "event_text": "m_c mistook a hare for a rabbit while hunting and {PRONOUN/m_c/poss} eyes were scratched, a valuable lesson learnt.",
        "history_text": {
            "scar": "m_c was scarred when a hare scratched {PRONOUN/m_c/poss} eyes.",
            "reg_death": "m_c died from {PRONOUN/m_c/poss} wounds after a hare scratched {PRONOUN/m_c/poss} eyes."
        },
        "cat_trait": null,
        "cat_skill": null,
        "other_cat_trait": null,
        "other_cat_skill": null
    },
    {
        "injury": "claw-wound",
        "tags": [
            "other_clan",
            "war",
            "rel_down",
            "Newleaf",
            "Greenleaf",
            "Leaf-fall",
            "Leaf-bare",
            "scar",
            "SIDE"
        ],
        "event_text": "A brutal battle against o_c leaves m_c injured.",
        "history_text": {
            "scar": "m_c was scarred in a fight against o_c.",
            "reg_death": "m_c died from {PRONOUN/m_c/poss} wounds after a battle with o_c."
        }
    },
    {
        "injury": "cat bite",
        "tags": [
            "other_clan",
            "war",
            "rel_down",
            "Newleaf",
            "Greenleaf",
            "Leaf-fall",
            "Leaf-bare",
            "scar",
            "SIDE"
        ],
        "event_text": "m_c came out worse for wear after a border skirmish with o_c.",
        "history_text": {
            "scar": "m_c was scarred in a fight against o_c.",
            "reg_death": "m_c died from {PRONOUN/m_c/poss} wounds after a battle with o_c."
        }
    },
    {
        "injury": "sore",
        "tags": [
            "other_clan",
            "war",
            "Newleaf",
            "Greenleaf",
            "Leaf-fall",
            "Leaf-bare"
        ],
        "event_text": "Heightened battle training has left m_c sore and tired."
    },
    {
        "injury": "bruises",
        "tags": [
            "other_clan",
            "war",
            "Newleaf",
            "Greenleaf",
            "Leaf-fall",
            "Leaf-bare"
        ],
        "event_text": "A harsh sparring session has left m_c bruised. {PRONOUN/m_c/subject/CAP} {VERB/m_c/worry/worries} that {PRONOUN/m_c/subject} will do badly in a real fight against o_c."
    },
    {
        "injury": "mangled leg",
        "tags": [
            "other_clan",
            "war",
            "Newleaf",
            "Greenleaf",
            "Leaf-fall",
            "Leaf-bare",
            "scar",
            "MANLEG"
        ],
        "event_text": "A horrible battle between c_n and o_c patrols after the two patrols traded insults at the border. m_c is left badly injured.",
        "history_text": {
            "scar": "m_c was scarred after a fight with o_c cats.",
            "reg_death": "m_c died from {PRONOUN/m_c/poss} wounds after fighting with o_c cats."
        }
    },
    {
        "injury": "cat bite",
        "tags": [
            "other_cat",
            "other_cat_mentor",
            "Newleaf",
            "Greenleaf",
            "Leaf-fall",
            "Leaf-bare",
            "mc_to_rc",
            "neg_respect",
            "neg_trust",
            "neg_comfort",
            "dislike",
            "neg_platonic",
            "scar",
            "CATBITE"
        ],
        "event_text": "m_c was injured recklessly fighting a rogue that {PRONOUN/m_c/poss} mentor, r_c, encouraged {PRONOUN/m_c/object} to attack.",
        "history_text": {
            "scar": "m_c was scarred fighting a rogue that {PRONOUN/m_c/poss} mentor, r_c, encouraged {PRONOUN/m_c/object} to attack.",
            "reg_death": "m_c died from {PRONOUN/m_c/poss} wounds after {PRONOUN/m_c/poss} mentor encouraged {PRONOUN/m_c/object} to fight a rogue."
        },
        "cat_trait": null,
        "cat_skill": null,
        "other_cat_trait": [
            "adventurous",
            "ambitious",
            "bloodthirsty",
            "bold",
            "cold",
            "daring",
            "fierce",
            "righteous",
            "shameless",
            "strict",
            "troublesome",
            "vengeful"
        ],
        "other_cat_skill": [
            "FIGHTER,1"
        ]
    },
    {
        "injury": "cat bite",
        "tags": [
            "other_cat",
            "other_cat_mentor",
            "Newleaf",
            "Greenleaf",
            "Leaf-fall",
            "Leaf-bare",
            "mc_to_rc",
            "neg_respect",
            "neg_trust",
            "neg_comfort",
            "dislike",
            "neg_platonic",
            "scar",
            "CATBITE"
        ],
        "event_text": "m_c was injured recklessly fighting an enemy warrior that {PRONOUN/m_c/poss} mentor, r_c, encouraged {PRONOUN/m_c/object} to attack.",
        "history_text": {
            "scar": "m_c was scarred fighting an enemy warrior that {PRONOUN/m_c/poss} mentor, r_c, encouraged {PRONOUN/m_c/object} to attack.",
            "reg_death": "m_c died from {PRONOUN/m_c/poss} wounds after {PRONOUN/m_c/poss} mentor encouraged {PRONOUN/m_c/object} to fight an enemy warrior."
        },
        "cat_trait": null,
        "cat_skill": null,
        "other_cat_trait": [
            "adventurous",
            "ambitious",
            "bloodthirsty",
            "bold",
            "cold",
            "daring",
            "fierce",
            "righteous",
            "shameless",
            "strict",
            "troublesome",
            "vengeful"
        ],
        "other_cat_skill": [
            "FIGHTER,1"
        ]
    },
    {
        "injury": "bite-wound",
        "tags": [
            "other_cat",
            "other_cat_mentor",
            "Newleaf",
            "Greenleaf",
            "Leaf-fall",
            "Leaf-bare",
            "mc_to_rc",
            "neg_respect",
            "neg_trust",
            "neg_comfort",
            "dislike",
            "neg_platonic",
            "scar",
            "LEGBITE"
        ],
        "event_text": "m_c was injured recklessly fighting a dog that {PRONOUN/m_c/poss} mentor, r_c, encouraged {PRONOUN/m_c/object} to attack.",
        "history_text": {
            "scar": "m_c was scarred fighting a dog that {PRONOUN/m_c/poss} mentor, r_c, encouraged {PRONOUN/m_c/object} to attack.",
            "reg_death": "m_c died from {PRONOUN/m_c/poss} wounds after {PRONOUN/m_c/poss} mentor encouraged {PRONOUN/m_c/object} to fight a dog."
        },
        "cat_trait": null,
        "cat_skill": null,
        "other_cat_trait": [
            "adventurous",
            "ambitious",
            "bloodthirsty",
            "bold",
            "cold",
            "daring",
            "fierce",
            "righteous",
            "shameless",
            "strict",
            "troublesome",
            "vengeful"
        ],
        "other_cat_skill": [
            "FIGHTER,1"
        ]
    },
    {
        "injury": "bite-wound",
        "tags": [
            "other_cat",
            "other_cat_mentor",
            "Newleaf",
            "Greenleaf",
            "Leaf-fall",
            "Leaf-bare",
            "mc_to_rc",
            "neg_respect",
            "neg_trust",
            "neg_comfort",
            "dislike",
            "neg_platonic",
            "scar",
            "LEGBITE"
        ],
        "event_text": "m_c was injured recklessly fighting a fox that {PRONOUN/m_c/poss} mentor, r_c, encouraged {PRONOUN/m_c/object} to attack.",
        "history_text": {
            "scar": "m_c was scarred fighting a dog that {PRONOUN/m_c/poss} mentor, r_c, encouraged {PRONOUN/m_c/object} to attack.",
            "reg_death": "m_c died from {PRONOUN/m_c/poss} wounds after {PRONOUN/m_c/poss} mentor encouraged {PRONOUN/m_c/object} to fight a dog."
        },
        "cat_trait": null,
        "cat_skill": null,
        "other_cat_trait": [
            "adventurous",
            "ambitious",
            "bloodthirsty",
            "bold",
            "cold",
            "daring",
            "fierce",
            "righteous",
            "shameless",
            "strict",
            "troublesome",
            "vengeful"
        ],
        "other_cat_skill": [
            "FIGHTER,1"
        ]
    },
    {
        "injury": "bite-wound",
        "tags": [
            "Newleaf",
            "Greenleaf",
            "Leaf-fall",
            "Leaf-bare",
            "scar",
            "NECKBITE"
        ],
        "event_text": "m_c fought a dog and got hurt.",
        "history_text": {
            "scar": "m_c was scarred by a dog.",
            "reg_death": "m_c died from {PRONOUN/m_c/poss} wounds after fighting a dog."
        },
        "cat_trait": [
            "adventurous",
            "ambitious",
            "bloodthirsty",
            "bold",
            "daring",
            "fierce",
            "vengeful"
        ],
        "cat_skill": null,
        "other_cat_trait": null,
        "other_cat_skill": null
    },
    {
        "injury": "bite-wound",
        "tags": [
            "other_cat",
            "Newleaf",
            "Greenleaf",
            "Leaf-fall",
            "Leaf-bare",
            "rc_to_mc",
            "platonic",
            "respect",
            "comfort",
            "trust",
            "scar",
            "LEGBITE"
        ],
        "event_text": "m_c saved r_c from a fox, but was hurt.",
        "history_text": {
            "scar": "m_c was scarred by a fox while rescuing r_c.",
            "reg_death": "m_c died from {PRONOUN/m_c/poss} wounds after saving r_c from a fox."
        },
        "cat_trait": [
            "altruistic",
            "compassionate",
            "loving",
            "empathetic",
            "responsible",
            "loyal",
            "adventurous",
            "ambitious",
            "bloodthirsty",
            "bold",
            "daring",
            "fierce",
            "vengeful"
        ],
        "cat_skill": null,
        "other_cat_trait": null,
        "other_cat_skill": null
    },
    {
        "injury": "cat bite",
        "tags": [
            "other_cat",
            "other_cat_mentor",
            "Newleaf",
            "Greenleaf",
            "Leaf-fall",
            "Leaf-bare",
            "mc_to_rc",
            "neg_respect",
            "neg_trust",
            "neg_comfort",
            "dislike",
            "neg_platonic",
            "scar",
            "CATBITE"
        ],
        "event_text": "m_c was hurt by r_c for not defending the territory well enough.",
        "history_text": {
            "scar": "m_c was scarred by {PRONOUN/m_c/poss} mentor, r_c, for failing to defend the territory well enough.",
            "reg_death": "m_c died from {PRONOUN/m_c/poss} wounds after {PRONOUN/m_c/poss} mentor hurt {PRONOUN/m_c/object} for failing to defend the territory well enough."
        },
        "cat_trait": [
            "insecure",
            "nervous",
            "careful",
            "loving"
        ],
        "cat_skill": null,
        "other_cat_trait": [
            "bloodthirsty",
            "cold",
            "fierce",
            "righteous",
            "strict",
            "vengeful",
            "loyal"
        ],
        "other_cat_skill": null
    },
    {
        "injury": "cat bite",
        "tags": [
            "other_cat",
            "other_cat_mentor",
            "Newleaf",
            "Greenleaf",
            "Leaf-fall",
            "Leaf-bare",
            "mc_to_rc",
            "neg_respect",
            "neg_trust",
            "neg_comfort",
            "dislike",
            "neg_platonic",
            "scar",
            "CATBITE"
        ],
        "event_text": "m_c was hurt by {PRONOUN/m_c/poss} mentor, r_c, as a punishment for accidentally wandering over the border.",
        "history_text": {
            "scar": "m_c was scarred by {PRONOUN/m_c/poss} mentor, r_c, for accidentally crossing the border.",
            "reg_death": "m_c died from {PRONOUN/m_c/poss} wounds after {PRONOUN/m_c/poss} mentor hurt {PRONOUN/m_c/object} for accidentally crossing the border."
        },
        "cat_trait": null,
        "cat_skill": null,
        "other_cat_trait": [
            "bloodthirsty",
            "cold",
            "fierce",
            "righteous",
            "strict",
            "vengeful",
            "loyal"
        ],
        "other_cat_skill": null
    },
    {
        "injury": "cat bite",
        "tags": [
            "other_cat",
            "other_cat_mentor",
            "Newleaf",
            "Greenleaf",
            "Leaf-fall",
            "Leaf-bare",
            "mc_to_rc",
            "neg_respect",
            "neg_trust",
            "neg_comfort",
            "dislike",
            "neg_platonic",
            "scar",
            "CATBITE"
        ],
        "event_text": "m_c was hurt by {PRONOUN/m_c/poss} mentor, r_c, as a punishment for messing with a Twoleg object.",
        "history_text": {
            "scar": "m_c was scarred by {PRONOUN/m_c/poss} mentor, r_c, for messing with a Twoleg object.",
            "reg_death": "m_c died from {PRONOUN/m_c/poss} wounds after {PRONOUN/m_c/poss} mentor hurt {PRONOUN/m_c/object} for messing with a Twoleg object."
        },
        "cat_trait": [
            "troublesome",
            "childish",
            "playful",
            "adventurous"
        ],
        "cat_skill": null,
        "other_cat_trait": [
            "bloodthirsty",
            "cold",
            "fierce",
            "righteous",
            "strict",
            "vengeful",
            "loyal"
        ],
        "other_cat_skill": null
    },
    {
        "injury": "cat bite",
        "tags": [
            "other_cat",
            "other_cat_mentor",
            "Newleaf",
            "Greenleaf",
            "Leaf-fall",
            "Leaf-bare",
            "mc_to_rc",
            "neg_respect",
            "neg_trust",
            "neg_comfort",
            "dislike",
            "neg_platonic",
            "scar",
            "CATBITE"
        ],
        "event_text": "m_c was hurt by {PRONOUN/m_c/poss} mentor, r_c, as a punishment for disobeying {PRONOUN/r_c/object}.",
        "history_text": {
            "scar": "m_c was scarred by {PRONOUN/m_c/poss} mentor, r_c, for disobeying {PRONOUN/r_c/object}.",
            "reg_death": "m_c died from {PRONOUN/m_c/poss} wounds after {PRONOUN/m_c/poss} mentor hurt {PRONOUN/m_c/object} for disobeying {PRONOUN/r_c/object}."
        },
        "cat_trait": [
            "troublesome",
            "childish",
            "playful"
        ],
        "cat_skill": null,
        "other_cat_trait": [
            "bloodthirsty",
            "cold",
            "fierce",
            "righteous",
            "strict",
            "vengeful"
        ],
        "other_cat_skill": null
    },
    {
        "injury": "cat bite",
        "tags": [
            "other_cat",
            "other_cat_mentor",
            "Newleaf",
            "Greenleaf",
            "Leaf-fall",
            "Leaf-bare",
            "mc_to_rc",
            "neg_respect",
            "neg_trust",
            "neg_comfort",
            "dislike",
            "neg_platonic",
            "scar",
            "CATBITE"
        ],
        "event_text": "m_c fought with {PRONOUN/m_c/poss} mentor, r_c, and was injured.",
        "history_text": {
            "scar": "m_c was scarred after fighting with {PRONOUN/m_c/poss} mentor, r_c.",
            "reg_death": "m_c died from {PRONOUN/m_c/poss} wounds after fighting with {PRONOUN/m_c/poss} mentor."
        },
        "cat_trait": null,
        "cat_skill": null,
        "other_cat_trait": [
            "bloodthirsty",
            "cold",
            "fierce",
            "righteous",
            "strict",
            "vengeful"
        ],
        "other_cat_skill": [
            "FIGHTER,1"
        ]
    },
    {
        "injury": "cat bite",
        "tags": [
            "other_cat",
            "other_cat_mentor",
            "Newleaf",
            "Greenleaf",
            "Leaf-fall",
            "Leaf-bare",
            "mc_to_rc",
            "neg_respect",
            "neg_trust",
            "neg_comfort",
            "dislike",
            "neg_platonic",
            "scar",
            "CATBITE"
        ],
        "event_text": "m_c could not handle {PRONOUN/m_c/poss} mentor's harsh training, and was injured as a result.",
        "history_text": {
            "scar": "m_c was scarred by {PRONOUN/m_c/poss} mentor, r_c's, harsh training.",
            "reg_death": "m_c died from wounds caused by {PRONOUN/m_c/poss} mentor's harsh training."
        },
        "cat_trait": [
            "careful",
            "compassionate",
            "childish",
            "insecure",
            "lonesome",
            "loving",
            "nervous",
            "playful",
            "strange",
            "thoughtful"
        ],
        "cat_skill": null,
        "other_cat_trait": [
            "bloodthirsty",
            "cold",
            "fierce",
            "righteous",
            "strict",
            "vengeful"
        ],
        "other_cat_skill": null
    },
    {
        "injury": "cat bite",
        "tags": [
            "Newleaf",
            "Greenleaf",
            "Leaf-fall",
            "Leaf-bare",
            "scar",
            "CATBITE"
        ],
        "event_text": "m_c fought a rogue and got hurt.",
        "history_text": {
            "scar": "m_c was scarred by a rogue.",
            "reg_death": "m_c died from {PRONOUN/m_c/poss} wounds after fighting a rogue."
        },
        "cat_trait": [
            "adventurous",
            "ambitious",
            "bloodthirsty",
            "bold",
            "daring",
            "fierce",
            "vengeful"
        ],
        "cat_skill": null,
        "other_cat_trait": null,
        "other_cat_skill": null
    },
    {
        "injury": "bruises",
        "tags": [
            "Newleaf",
            "Greenleaf",
            "Leaf-fall",
            "Leaf-bare"
        ],
        "event_text": "m_c trained extra hard to impress {PRONOUN/m_c/poss} mentor, but was a bit too rough with {PRONOUN/m_c/poss} body, and has the bruises to show it.",
        "cat_trait": [
            "ambitious",
            "daring",
            "bold",
            "loyal"
        ],
        "cat_skill": null,
        "other_cat_trait": null,
        "other_cat_skill": null
    },
    {
        "injury": "bruises",
        "tags": [
            "Newleaf",
            "Greenleaf",
            "Leaf-fall",
            "Leaf-bare"
        ],
        "event_text": "m_c took a tumble off a rock while practicing {PRONOUN/m_c/poss} battle moves. {PRONOUN/m_c/subject/CAP}'ll be a bit tender for the next few days.",
        "cat_trait": null,
        "cat_skill": null,
        "other_cat_trait": null,
        "other_cat_skill": null
    },
    {
        "injury": "bruises",
        "tags": [
            "Newleaf",
            "Greenleaf",
            "Leaf-fall",
            "Leaf-bare"
        ],
        "event_text": "m_c was practicing {PRONOUN/m_c/poss} hunting pounce when {PRONOUN/m_c/subject} pounced right into a rock! Ow! {PRONOUN/m_c/subject/CAP} might be sore for a while.",
        "cat_trait": null,
        "cat_skill": null,
        "other_cat_trait": null,
        "other_cat_skill": null
    },
    {
        "injury": "bruises",
        "tags": [
            "Newleaf",
            "Greenleaf",
            "Leaf-fall",
            "Leaf-bare"
        ],
        "event_text": "m_c overdid {PRONOUN/m_c/poss} last battle training session, and has been wincing all day. Seems {PRONOUN/m_c/subject}{VERB/m_c/'re/'s} a bit bruised.",
        "cat_trait": [
            "adventurous",
            "ambitious",
            "bold",
            "daring",
            "fierce",
            "troublesome"
        ],
        "cat_skill": null,
        "other_cat_trait": null,
        "other_cat_skill": null
    },
    {
        "injury": "scrapes",
        "tags": [
            "Newleaf",
            "Greenleaf",
            "Leaf-fall",
            "Leaf-bare"
        ],
        "event_text": "m_c overdid {PRONOUN/m_c/poss} last battle training session, and has been wincing all day. Seems {PRONOUN/m_c/subject}{VERB/m_c/'re/'s} a bit scraped up.",
        "cat_trait": [
            "adventurous",
            "ambitious",
            "bold",
            "daring",
            "fierce",
            "troublesome"
        ],
        "cat_skill": null,
        "other_cat_trait": null,
        "other_cat_skill": null
    },
    {
        "injury": "sprain",
        "tags": [
            "Newleaf",
            "Greenleaf",
            "Leaf-fall",
            "Leaf-bare"
        ],
        "event_text": "m_c trained extra hard to impress {PRONOUN/m_c/poss} mentor, but twisted {PRONOUN/m_c/poss} paw at an awkward angle.",
        "cat_trait": [
            "ambitious",
            "daring",
            "bold",
            "loyal"
        ],
        "cat_skill": null,
        "other_cat_trait": null,
        "other_cat_skill": null
    },
    {
        "injury": "sprain",
        "tags": [
            "Newleaf",
            "Greenleaf",
            "Leaf-fall",
            "Leaf-bare"
        ],
        "event_text": "m_c was rushing around the camp in excitement for a patrol when {PRONOUN/m_c/poss} paw landed wrong on a rock! {PRONOUN/m_c/subject/CAP} took a tumble, and can't help limping the rest of the day.",
        "cat_trait": [
            "adventurous",
            "bold",
            "daring",
            "playful",
            "childish"
        ],
        "cat_skill": null,
        "other_cat_trait": null,
        "other_cat_skill": null
    },
    {
        "injury": "sprain",
        "tags": [
            "Newleaf",
            "Greenleaf",
            "Leaf-fall",
            "Leaf-bare"
        ],
        "event_text": "m_c snuck out at night on a dare, but soon came hobbling back to camp, head lowered in embarrassment. Seems like {PRONOUN/m_c/poss} paw got caught on something in the dark and caused {PRONOUN/m_c/object} to trip!",
        "cat_trait": [
            "adventurous",
            "bold",
            "childish",
            "daring",
            "playful",
            "ambitious",
            "troublesome",
            "insecure",
            "lonesome",
            "nervous",
            "sneaky"
        ]
    },
    {
        "injury": "sprain",
        "tags": [
            "Newleaf",
            "Greenleaf",
            "Leaf-fall",
            "Leaf-bare"
        ],
        "event_text": "m_c overdid {PRONOUN/m_c/poss} last battle training session and sprained a paw.",
        "cat_trait": [
            "adventurous",
            "ambitious",
            "bold",
            "daring",
            "fierce",
            "troublesome"
        ],
        "cat_skill": null,
        "other_cat_trait": null,
        "other_cat_skill": null
    },
    {
        "injury": "cracked pads",
        "tags": [
            "Newleaf",
            "Greenleaf",
            "Leaf-fall",
            "Leaf-bare"
        ],
        "event_text": "m_c trained extra hard to impress {PRONOUN/m_c/poss} mentor, but now finds {PRONOUN/m_c/poss} paws to be sore and bleeding.",
        "cat_trait": [
            "ambitious",
            "daring",
            "bold",
            "loyal"
        ],
        "cat_skill": null,
        "other_cat_trait": null,
        "other_cat_skill": null
    },
    {
        "injury": "sore",
        "tags": [
            "Newleaf",
            "Greenleaf",
            "Leaf-fall",
            "Leaf-bare"
        ],
        "event_text": "m_c trained extra hard to impress {PRONOUN/m_c/poss} mentor, but is extremely sore when {PRONOUN/m_c/subject} {VERB/m_c/wake/wakes} up the next morning.",
        "cat_trait": [
            "ambitious",
            "daring",
            "bold",
            "loyal"
        ],
        "cat_skill": null,
        "other_cat_trait": null,
        "other_cat_skill": null
    },
    {
        "injury": "broken bone",
        "tags": [
            "Newleaf",
            "Greenleaf",
            "Leaf-fall",
            "Leaf-bare",
            "scar",
            "MANLEG"
        ],
        "event_text": "m_c fought a big dog and was badly injured.",
        "history_text": {
            "scar": "m_c was scarred by a big dog.",
            "reg_death": "m_c died from {PRONOUN/m_c/poss} wounds after fighting a big dog."
        },
        "cat_trait": [
            "adventurous",
            "ambitious",
            "bloodthirsty",
            "bold",
            "daring",
            "fierce",
            "vengeful"
        ],
        "cat_skill": null,
        "other_cat_trait": null,
        "other_cat_skill": null
    },
    {
        "injury": "broken bone",
        "tags": [
            "other_cat",
            "Newleaf",
            "Greenleaf",
            "Leaf-fall",
            "Leaf-bare",
            "rc_to_mc",
            "platonic",
            "respect",
            "comfort",
            "trust",
            "neg_dislike",
            "scar",
            "MANTAIL"
        ],
        "event_text": "m_c saved r_c from a big dog, but was badly injured.",
        "history_text": {
            "scar": "m_c was scarred by a big dog while rescuing r_c.",
            "reg_death": "m_c died from {PRONOUN/m_c/poss} wounds after saving r_c from a big dog."
        },
        "cat_trait": [
            "altruistic",
            "compassionate",
            "loving",
            "empathetic",
            "responsible",
            "loyal",
            "adventurous",
            "ambitious",
            "bloodthirsty",
            "bold",
            "daring",
            "fierce",
            "vengeful"
        ],
        "cat_skill": null,
        "other_cat_trait": null,
        "other_cat_skill": null
    },
    {
        "injury": "claw-wound",
        "tags": [
            "Newleaf",
            "Greenleaf",
            "Leaf-fall",
            "Leaf-bare",
            "scar",
            "ONE"
        ],
        "event_text": "m_c fought a hawk and got hurt.",
        "history_text": {
            "scar": "m_c was scarred by a hawk.",
            "reg_death": "m_c died from {PRONOUN/m_c/poss} wounds after fighting a hawk."
        },
        "cat_trait": [
            "adventurous",
            "ambitious",
            "bloodthirsty",
            "bold",
            "daring",
            "fierce",
            "vengeful"
        ],
        "cat_skill": null,
        "other_cat_trait": null,
        "other_cat_skill": null
    },
    {
        "injury": "claw-wound",
        "tags": [
            "other_cat",
            "Newleaf",
            "Greenleaf",
            "Leaf-fall",
            "Leaf-bare",
            "rc_to_mc",
            "platonic",
            "respect",
            "comfort",
            "trust",
            "scar",
            "TWO"
        ],
        "event_text": "m_c saved r_c from a hawk, but was hurt.",
        "history_text": {
            "scar": "m_c was scarred by a hawk while rescuing r_c.",
            "reg_death": "m_c died from {PRONOUN/m_c/poss} wounds after saving r_c from a hawk."
        },
        "cat_trait": [
            "altruistic",
            "compassionate",
            "loving",
            "empathetic",
            "responsible",
            "loyal",
            "adventurous",
            "ambitious",
            "bloodthirsty",
            "bold",
            "daring",
            "fierce",
            "vengeful"
        ],
        "cat_skill": null,
        "other_cat_trait": null,
        "other_cat_skill": null
    },
    {
        "injury": "claw-wound",
        "tags": [
            "other_cat",
            "other_cat_mentor",
            "Newleaf",
            "Greenleaf",
            "Leaf-fall",
            "Leaf-bare",
            "mc_to_rc",
            "neg_respect",
            "neg_trust",
            "neg_comfort",
            "dislike",
            "neg_platonic",
            "scar",
            "BRIDGE"
        ],
        "event_text": "m_c was hurt by r_c for not defending the territory well enough.",
        "history_text": {
            "scar": "m_c was scarred by {PRONOUN/m_c/poss} mentor, r_c, for failing to defend the territory well enough.",
            "reg_death": "m_c died from {PRONOUN/m_c/poss} wounds after {PRONOUN/m_c/poss} mentor, r_c, hurt {PRONOUN/m_c/object} for failing to defend the territory well enough."
        },
        "cat_trait": [
            "insecure",
            "nervous",
            "careful",
            "loving"
        ],
        "cat_skill": null,
        "other_cat_trait": [
            "bloodthirsty",
            "cold",
            "fierce",
            "righteous",
            "strict",
            "vengeful",
            "loyal"
        ],
        "other_cat_skill": null
    },
    {
        "injury": "claw-wound",
        "tags": [
            "other_cat",
            "other_cat_mentor",
            "Newleaf",
            "Greenleaf",
            "Leaf-fall",
            "Leaf-bare",
            "mc_to_rc",
            "neg_respect",
            "neg_trust",
            "neg_comfort",
            "dislike",
            "neg_platonic",
            "scar",
            "TOETRAP"
        ],
        "event_text": "m_c was hurt by {PRONOUN/m_c/poss} mentor, r_c, as a punishment for accidentally wandering over the border.",
        "history_text": {
            "scar": "m_c was scarred by {PRONOUN/m_c/poss} mentor, r_c, for accidentally crossing the border.",
            "reg_death": "m_c died from {PRONOUN/m_c/poss} wounds after {PRONOUN/m_c/poss} mentor hurt {PRONOUN/m_c/object} for accidentally crossing the border."
        },
        "cat_trait": null,
        "cat_skill": null,
        "other_cat_trait": [
            "bloodthirsty",
            "cold",
            "fierce",
            "righteous",
            "strict",
            "vengeful",
            "loyal"
        ],
        "other_cat_skill": null
    },
    {
        "injury": "claw-wound",
        "tags": [
            "other_cat",
            "other_cat_mentor",
            "Newleaf",
            "Greenleaf",
            "Leaf-fall",
            "Leaf-bare",
            "mc_to_rc",
            "neg_respect",
            "neg_trust",
            "neg_comfort",
            "dislike",
            "neg_platonic",
            "scar",
            "TAILSCAR"
        ],
        "event_text": "m_c was hurt by {PRONOUN/m_c/poss} mentor, r_c, as a punishment for messing with a Twoleg object.",
        "history_text": {
            "scar": "m_c was scarred by {PRONOUN/m_c/poss} mentor, r_c, for messing with a Twoleg object.",
            "reg_death": "m_c died from {PRONOUN/m_c/poss} wounds after {PRONOUN/m_c/poss} mentor hurt {PRONOUN/m_c/object} for messing with a Twoleg object."
        },
        "cat_trait": [
            "troublesome",
            "childish",
            "playful",
            "adventurous"
        ],
        "cat_skill": null,
        "other_cat_trait": [
            "bloodthirsty",
            "cold",
            "fierce",
            "righteous",
            "strict",
            "vengeful",
            "loyal"
        ],
        "other_cat_skill": null
    },
    {
        "injury": "claw-wound",
        "tags": [
            "other_cat",
            "other_cat_mentor",
            "Newleaf",
            "Greenleaf",
            "Leaf-fall",
            "Leaf-bare",
            "mc_to_rc",
            "neg_respect",
            "neg_trust",
            "neg_comfort",
            "dislike",
            "neg_platonic",
            "scar",
            "RIGHTEAR"
        ],
        "event_text": "m_c and r_c were practicing battle moves. r_c insisted they keep their claws out, and m_c got hurt.",
        "history_text": {
            "scar": "m_c was scarred by {PRONOUN/m_c/poss} mentor, r_c, during battle training.",
            "reg_death": "m_c died from {PRONOUN/m_c/poss} wounds after {PRONOUN/m_c/poss} mentor insisted on training with unsheathed claws."
        },
        "cat_trait": null,
        "cat_skill": null,
        "other_cat_trait": [
            "bloodthirsty",
            "cold",
            "fierce",
            "righteous",
            "strict",
            "vengeful",
            "daring",
            "bold"
        ],
        "other_cat_skill": [
            "FIGHTER,1"
        ]
    },
    {
        "injury": "claw-wound",
        "tags": [
            "other_cat",
            "other_cat_mentor",
            "Newleaf",
            "Greenleaf",
            "Leaf-fall",
            "Leaf-bare",
            "mc_to_rc",
            "neg_respect",
            "neg_trust",
            "neg_comfort",
            "dislike",
            "neg_platonic",
            "scar",
            "LEFTEAR"
        ],
        "event_text": "m_c was hurt by {PRONOUN/m_c/poss} mentor, r_c, as a punishment for disobeying {PRONOUN/r_c/object}.",
        "history_text": {
            "scar": "m_c was scarred by {PRONOUN/m_c/poss} mentor, r_c, for disobeying {PRONOUN/r_c/object}.",
            "reg_death": "m_c died from {PRONOUN/m_c/poss} wounds after {PRONOUN/m_c/poss} mentor hurt {PRONOUN/m_c/object} for disobeying {PRONOUN/r_c/object}."
        },
        "cat_trait": [
            "troublesome",
            "childish",
            "playful"
        ],
        "cat_skill": null,
        "other_cat_trait": [
            "bloodthirsty",
            "cold",
            "fierce",
            "righteous",
            "strict",
            "vengeful"
        ],
        "other_cat_skill": null
    },
    {
        "injury": "claw-wound",
        "tags": [
            "other_cat",
            "other_cat_mentor",
            "Newleaf",
            "Greenleaf",
            "Leaf-fall",
            "Leaf-bare",
            "mc_to_rc",
            "neg_respect",
            "neg_trust",
            "neg_comfort",
            "dislike",
            "neg_platonic",
            "scar",
            "CHEEK"
        ],
        "event_text": "m_c fought with {PRONOUN/m_c/poss} mentor, r_c, and was injured.",
        "history_text": {
            "scar": "m_c was scarred after fighting with {PRONOUN/m_c/poss} mentor, r_c.",
            "reg_death": "m_c died from {PRONOUN/m_c/poss} wounds after fighting with {PRONOUN/m_c/poss} mentor."
        },
        "cat_trait": null,
        "cat_skill": null,
        "other_cat_trait": [
            "bloodthirsty",
            "cold",
            "fierce",
            "righteous",
            "strict",
            "vengeful"
        ],
        "other_cat_skill": [
            "FIGHTER,1"
        ]
    },
    {
        "injury": "claw-wound",
        "tags": [
            "other_cat",
            "other_cat_mentor",
            "Newleaf",
            "Greenleaf",
            "Leaf-fall",
            "Leaf-bare",
            "mc_to_rc",
            "neg_respect",
            "neg_trust",
            "neg_comfort",
            "dislike",
            "neg_platonic",
            "scar",
            "BELLY"
        ],
        "event_text": "m_c could not handle {PRONOUN/m_c/poss} mentor's harsh training, and was injured as a result.",
        "history_text": {
            "scar": "m_c was scarred by {PRONOUN/m_c/poss} mentor, r_c's, harsh training.",
            "reg_death": "m_c died from wounds caused by {PRONOUN/m_c/poss} mentor's harsh training."
        },
        "cat_trait": [
            "careful",
            "compassionate",
            "childish",
            "insecure",
            "lonesome",
            "loving",
            "nervous",
            "playful",
            "strange",
            "thoughtful"
        ],
        "cat_skill": null,
        "other_cat_trait": [
            "bloodthirsty",
            "cold",
            "fierce",
            "righteous",
            "strict",
            "vengeful"
        ],
        "other_cat_skill": null
    },
    {
        "injury": "mangled leg",
        "tags": [
            "other_cat",
            "other_cat_mentor",
            "Newleaf",
            "Greenleaf",
            "Leaf-fall",
            "Leaf-bare",
            "mc_to_rc",
            "neg_respect",
            "neg_trust",
            "neg_comfort",
            "dislike",
            "neg_platonic",
            "scar",
            "MANLEG"
        ],
        "event_text": "m_c's leg was badly hurt after {PRONOUN/m_c/poss} mentor used a Twoleg trap during a training exercise.",
        "history_text": {
            "scar": "m_c was scarred by {PRONOUN/m_c/poss} mentor, r_c, when {PRONOUN/r_c/subject} used a Twoleg trap for training.",
            "reg_death": "m_c died from wounds caused by {PRONOUN/m_c/poss} mentor using a Twoleg trap for training."
        },
        "cat_trait": null,
        "cat_skill": null,
        "other_cat_trait": [
            "bloodthirsty",
            "cold",
            "fierce",
            "strict",
            "adventurous"
        ],
        "other_cat_skill": null
    }
]