[
    {
        "injury": "snake bite",
        "tags": [
            "Newleaf",
            "Greenleaf",
            "Leaf-fall",
            "Leaf-bare",
            "scar",
            "SNAKE"
        ],
        "event_text": "m_c was bitten by a snake, and miraculously survived!",
        "history_text": {
            "scar": "m_c was scarred by a snake bite.",
            "reg_death": "m_c died after {PRONOUN/m_c/subject} {VERB/m_c/were/was} bitten by a snake."
        },
        "cat_trait": null,
        "cat_skill": null,
        "other_cat_trait": null,
        "other_cat_skill": null
    },
    {
        "injury": "bruises",
        "tags": [
            "Newleaf",
            "Greenleaf",
            "Leaf-fall",
            "Leaf-bare"
        ],
        "event_text": "m_c wasn't looking where {PRONOUN/m_c/subject} {VERB/m_c/were/was} going and tripped over a small trunk, gaining a few bruises.",
        "cat_trait": null,
        "cat_skill": null,
        "other_cat_trait": null,
        "other_cat_skill": null
    },
    {
        "injury": "dislocated joint",
        "tags": [
            "Newleaf",
            "Greenleaf",
            "Leaf-fall",
            "Leaf-bare"
        ],
        "event_text": "m_c misstepped and slipped from a rock, dislocating a joint.",
        "cat_trait": null,
        "cat_skill": null,
        "other_cat_trait": null,
        "other_cat_skill": null
    },
    {
        "injury": "dislocated joint",
        "tags": [
            "Newleaf",
            "Greenleaf",
            "Leaf-fall",
            "Leaf-bare"
        ],
        "event_text": "m_c slipped on some rocks and dislocated {PRONOUN/m_c/poss} leg.",
        "cat_trait": null,
        "cat_skill": null,
        "other_cat_trait": null,
        "other_cat_skill": null
    },
    {
        "injury": "sprain",
        "tags": [
            "Newleaf",
            "Greenleaf",
            "Leaf-fall",
            "Leaf-bare"
        ],
        "event_text": "m_c slipped on some rocks and twisted {PRONOUN/m_c/poss} paw.",
        "cat_trait": null,
        "cat_skill": null,
        "other_cat_trait": null,
        "other_cat_skill": null
    },
    {
        "injury": "sprain",
        "tags": [
            "Newleaf",
            "Greenleaf",
            "Leaf-fall",
            "Leaf-bare"
        ],
        "event_text": "m_c leapt from a rock, but {PRONOUN/m_c/subject} didn't land quite right.",
        "cat_trait": null,
        "cat_skill": null,
        "other_cat_trait": null,
        "other_cat_skill": null
    },
    {
        "injury": "sprain",
        "tags": [
            "Newleaf",
            "Greenleaf",
            "Leaf-fall",
            "Leaf-bare"
        ],
        "event_text": "m_c misstepped and slipped from a rock, spraining {PRONOUN/m_c/poss} paw.",
        "cat_trait": null,
        "cat_skill": null,
        "other_cat_trait": null,
        "other_cat_skill": null
    },
    {
        "injury": "sprain",
        "tags": [
            "Newleaf",
            "Greenleaf",
            "Leaf-fall",
            "Leaf-bare"
        ],
        "event_text": "m_c wasn't looking where {PRONOUN/m_c/subject} {VERB/m_c/were/was} going and tripped over a small trunk, spraining {PRONOUN/m_c/poss} paw.",
        "cat_trait": null,
        "cat_skill": null,
        "other_cat_trait": null,
        "other_cat_skill": null
    },
    {
        "injury": "sprain",
        "tags": [
            "Newleaf",
            "Greenleaf",
            "Leaf-fall",
            "Leaf-bare"
        ],
        "event_text": "m_c got {PRONOUN/m_c/poss} paw stuck in a Twoleg trap, but luckily escaped with only a sprain.",
        "cat_trait": null,
        "cat_skill": null,
        "other_cat_trait": null,
        "other_cat_skill": null
    },
    {
        "injury": "cracked pads",
        "tags": [
            "Newleaf",
            "Greenleaf",
            "Leaf-fall",
            "Leaf-bare"
        ],
        "event_text": "m_c ran too fast over harsh ground and hurt {PRONOUN/m_c/poss} paws.",
        "cat_trait": null,
        "cat_skill": null,
        "other_cat_trait": null,
        "other_cat_skill": null
    },
    {
        "injury": "cracked pads",
        "tags": [
            "Leaf-bare"
        ],
        "event_text": "The weather has been cold and dry, and m_c's paw pads have cracked as a result.",
        "cat_trait": null,
        "cat_skill": null,
        "other_cat_trait": null,
        "other_cat_skill": null
    },
    {
        "injury": "cracked pads",
        "tags": [
            "Newleaf",
            "Greenleaf",
            "Leaf-fall",
            "Leaf-bare"
        ],
        "event_text": "m_c helped to strengthen the camp walls, but scraped up {PRONOUN/m_c/poss} paw pads in the process.",
        "cat_trait": [
            "ambitious",
            "loyal",
            "responsible",
            "strict",
            "thoughtful",
            "wise"
        ],
        "cat_skill": [
            "CAMP,2"
        ],
        "other_cat_trait": null,
        "other_cat_skill": null
    },
    {
        "injury": "sore",
        "tags": [
            "Newleaf",
            "Greenleaf",
            "Leaf-fall",
            "Leaf-bare"
        ],
        "event_text": "m_c overexerted {PRONOUN/m_c/self}, and is feeling extremely sore.",
        "cat_trait": null,
        "cat_skill": null,
        "other_cat_trait": null,
        "other_cat_skill": null
    },
    {
        "injury": "torn pelt",
        "tags": [
            "Newleaf",
            "Greenleaf",
            "Leaf-fall",
            "Leaf-bare"
        ],
        "event_text": "m_c was out on a walk alone when {PRONOUN/m_c/subject} heard a dog approaching! {PRONOUN/m_c/subject/CAP} crawled into a thorny shrub to hide, but got some nasty scratches in the process.",
        "cat_trait": [
            "nervous",
            "wise",
            "insecure",
            "careful",
            "calm",
            "sneaky",
            "strange"
        ],
        "cat_skill": [
            "CLEVER,1"
        ],
        "other_cat_trait": null,
        "other_cat_skill": null
    },
    {
        "injury": "torn pelt",
        "tags": [
            "Newleaf",
            "Greenleaf",
            "Leaf-fall",
            "Leaf-bare"
        ],
        "event_text": "m_c was out on a walk alone when {PRONOUN/m_c/subject} heard a fox approaching! {PRONOUN/m_c/subject/CAP} crawled into a thorny shrub to hide, but got some nasty scratches in the process.",
        "cat_trait": [
            "nervous",
            "wise",
            "insecure",
            "careful",
            "calm",
            "sneaky",
            "strange"
        ],
        "cat_skill": [
            "CLEVER,1"
        ],
        "other_cat_trait": null,
        "other_cat_skill": null
    },
    {
        "injury": "claw-wound",
        "tags": [
            "other_cat",
            "other_cat_leader",
            "Newleaf",
            "Greenleaf",
            "Leaf-fall",
            "Leaf-bare",
            "mc_to_rc",
            "neg_respect",
            "neg_trust",
            "neg_comfort",
            "dislike",
            "neg_platonic"
        ],
        "event_text": "m_c was hurt by r_c for disobeying orders.",
        "history_text": {
            "scar": "m_c was scarred by r_c for disobeying orders.",
            "reg_death": "m_c died from {PRONOUN/m_c/poss} wounds after being hurt by r_c for disobeying {PRONOUN/r_c/object}."
        },
        "cat_trait": null,
        "cat_skill": null,
        "other_cat_trait": [
            "bloodthirsty",
            "bold",
            "cold",
            "fierce",
            "righteous",
            "strict",
            "vengeful"
        ],
        "other_cat_skill": null,
        "cat_negate_trait": [
            "loyal",
            "ambitious"
        ]
    },
    {
        "injury": "claw-wound",
        "tags": [
            "other_cat",
            "other_cat_leader",
            "Newleaf",
            "Greenleaf",
            "Leaf-fall",
            "Leaf-bare",
            "mc_to_rc",
            "neg_respect",
            "neg_trust",
            "neg_comfort",
            "dislike",
            "neg_platonic"
        ],
        "event_text": "m_c was hurt by r_c for speaking out against {PRONOUN/r_c/object}.",
        "history_text": {
            "scar": "m_c was scarred by r_c for speaking out against {PRONOUN/r_c/object}.",
            "reg_death": "m_c died from {PRONOUN/m_c/poss} wounds after being hurt by r_c for {PRONOUN/m_c/poss} dissent."
        },
        "cat_trait": null,
        "cat_skill": null,
        "other_cat_trait": [
            "bloodthirsty",
            "bold",
            "cold",
            "fierce",
            "righteous",
            "strict",
            "vengeful",
            "ambitious"
        ],
        "other_cat_skill": null,
        "cat_negate_trait": [
            "loyal"
        ]
    },
    {
        "injury": "claw-wound",
        "tags": [
            "other_cat",
            "other_cat_leader",
            "Newleaf",
            "Greenleaf",
            "Leaf-fall",
            "Leaf-bare",
            "mc_to_rc",
            "neg_respect",
            "neg_trust",
            "neg_comfort",
            "dislike",
            "neg_platonic",
            "scar",
            "ONE"
        ],
        "event_text": "m_c was hurt by r_c to make an example out of {PRONOUN/m_c/object}.",
        "history_text": {
            "scar": "m_c was scarred by r_c to make an example out of {PRONOUN/m_c/object}.",
            "reg_death": "m_c died from {PRONOUN/m_c/poss} wounds after being hurt by r_c to make an example out of {PRONOUN/m_c/object}."
        },
        "cat_trait": null,
        "cat_skill": null,
        "other_cat_trait": [
            "bloodthirsty",
            "bold",
            "cold",
            "fierce",
            "righteous",
            "strict",
            "vengeful"
        ],
        "other_cat_skill": null
    },
    {
        "injury": "mangled leg",
        "tags": [
            "Newleaf",
            "Greenleaf",
            "Leaf-fall",
            "Leaf-bare",
            "scar",
            "MANLEG"
        ],
        "event_text": "m_c got {PRONOUN/m_c/poss} paw stuck in a Twoleg trap, and while {PRONOUN/m_c/subject} eventually escaped, {PRONOUN/m_c/poss} leg is heavily injured.",
        "history_text": {
            "scar": "m_c was scarred by a Twoleg trap.",
            "reg_death": "m_c died from {PRONOUN/m_c/poss} injuries caused by a Twoleg trap."
        },
        "cat_trait": null,
        "cat_skill": null,
        "other_cat_trait": null,
        "other_cat_skill": null
    },
    {
        "injury": "mangled leg",
        "tags": [
            "other_cat",
            "other_cat_leader",
            "Newleaf",
            "Greenleaf",
            "Leaf-fall",
            "Leaf-bare",
            "mc_to_rc",
            "neg_respect",
            "neg_trust",
            "neg_comfort",
            "dislike",
            "neg_platonic",
            "scar",
            "MANLEG"
        ],
        "event_text": "m_c was maimed by r_c for questioning {PRONOUN/r_c/poss} leadership.",
        "history_text": {
            "scar": "m_c was maimed by r_c for questioning {PRONOUN/r_c/poss} leadership.",
            "reg_death": "m_c died from {PRONOUN/m_c/poss} wounds after being maimed by r_c for questioning {PRONOUN/r_c/poss} leadership."
        },
        "cat_trait": null,
        "cat_skill": null,
        "other_cat_trait": [
            "ambitious",
            "bloodthirsty",
            "bold",
            "cold",
            "daring",
            "fierce",
            "righteous",
            "strict",
            "vengeful"
        ],
        "other_cat_skill": null,
        "cat_negate_trait": [
            "loyal",
            "ambitious"
        ]
    },
    {
        "injury": "mangled tail",
        "tags": [
            "Newleaf",
            "Greenleaf",
            "Leaf-fall",
            "Leaf-bare",
            "scar",
            "MANTAIL"
        ],
        "event_text": "m_c's tail was badly injured by a dog.",
        "history_text": {
            "scar": "m_c was scarred by a dog.",
            "reg_death": "m_c died from {PRONOUN/m_c/poss} wounds after {PRONOUN/m_c/subject} {VERB/m_c/were/was} hurt by a dog."
        },
        "cat_trait": null,
        "cat_skill": null,
        "other_cat_trait": null,
        "other_cat_skill": null,
        "cat_negate_skill": [
            "FIGHTER,2"
        ]
    },
    {
        "injury": "mangled tail",
        "tags": [
            "Newleaf",
            "Greenleaf",
            "Leaf-fall",
            "Leaf-bare",
            "scar",
            "MANTAIL"
        ],
        "event_text": "m_c's tail was badly injured by a fox.",
        "history_text": {
            "scar": "m_c was scarred by a fox.",
            "reg_death": "m_c died from {PRONOUN/m_c/poss} wounds after {PRONOUN/m_c/subject} {VERB/m_c/were/was} hurt by a fox."
        },
        "cat_skill": null,
        "other_cat_trait": null,
        "other_cat_skill": null,
        "cat_negate_skill": [
            "FIGHTER,2"
        ]
    },
    {
        "injury": "cat bite",
        "tags": [
            "other_cat",
            "other_cat_leader",
            "Newleaf",
            "Greenleaf",
            "Leaf-fall",
            "Leaf-bare",
            "mc_to_rc",
            "neg_respect",
            "neg_trust",
            "neg_comfort",
            "dislike",
            "neg_platonic"
        ],
        "event_text": "m_c was hurt by r_c for disobeying orders.",
        "history_text": {
            "scar": "m_c was scarred by r_c for disobeying orders.",
            "reg_death": "m_c died from {PRONOUN/m_c/poss} wounds after being hurt by r_c for disobeying {PRONOUN/r_c/object}."
        },
        "cat_trait": null,
        "cat_skill": null,
        "other_cat_trait": [
            "bloodthirsty",
            "bold",
            "cold",
            "fierce",
            "righteous",
            "strict",
            "vengeful"
        ],
        "other_cat_skill": null,
        "cat_negate_trait": [
            "loyal",
            "ambitious"
        ]
    },
    {
        "injury": "cat bite",
        "tags": [
            "other_cat",
            "other_cat_leader",
            "Newleaf",
            "Greenleaf",
            "Leaf-fall",
            "Leaf-bare",
            "mc_to_rc",
            "neg_respect",
            "neg_trust",
            "neg_comfort",
            "dislike",
            "neg_platonic"
        ],
        "event_text": "m_c was hurt by r_c for speaking out against {PRONOUN/r_c/object}.",
        "history_text": {
            "scar": "m_c was scarred by r_c for speaking out against {PRONOUN/r_c/object}.",
            "reg_death": "m_c died from {PRONOUN/m_c/poss} wounds after being hurt by r_c for {PRONOUN/m_c/poss} dissent."
        },
        "cat_trait": null,
        "cat_skill": null,
        "other_cat_trait": [
            "bloodthirsty",
            "bold",
            "cold",
            "fierce",
            "righteous",
            "strict",
            "vengeful"
        ],
        "other_cat_skill": null,
        "cat_negate_trait": [
            "loyal"
        ]
    },
    {
        "injury": "cat bite",
        "tags": [
            "other_cat",
            "other_cat_leader",
            "Newleaf",
            "Greenleaf",
            "Leaf-fall",
            "Leaf-bare",
            "mc_to_rc",
            "neg_respect",
            "neg_trust",
            "neg_comfort",
            "dislike",
            "neg_platonic",
            "scar",
            "CATBITE"
        ],
        "event_text": "m_c was hurt by r_c to make an example out of {PRONOUN/m_c/object}.",
        "history_text": {
            "scar": "m_c was scarred by r_c to make an example out of {PRONOUN/m_c/object}.",
            "reg_death": "m_c died from {PRONOUN/m_c/poss} wounds after being hurt by r_c to make an example out of {PRONOUN/m_c/object}."
        },
        "cat_trait": null,
        "cat_skill": null,
        "other_cat_trait": [
            "bloodthirsty",
            "bold",
            "cold",
            "fierce",
            "righteous",
            "strict",
            "vengeful"
        ],
        "other_cat_skill": null
    },
    {
        "injury": "small cut",
        "camp": "any",
        "tags": [
            "Newleaf",
            "Greenleaf",
            "Leaf-fall",
            "Leaf-bare"
        ],
        "event_text": "m_c was helping reinforce the camp walls when {PRONOUN/m_c/subject} got a thorn stuck in {PRONOUN/m_c/poss} paw.",
        "cat_trait": null,
        "cat_skill": null,
        "other_cat_trait": null,
        "other_cat_skill": null
    },
    {
        "injury": "small cut",
        "camp": "any",
        "tags": [
            "Newleaf",
            "Greenleaf",
            "Leaf-fall",
            "Leaf-bare"
        ],
        "event_text": "m_c was trying to fluff up {PRONOUN/m_c/poss} nest when {PRONOUN/m_c/subject} discovered that {PRONOUN/m_c/subject} {VERB/m_c/were/was} the victim of a prank. Fox-dung! There's now a sharp thorn embedded in {PRONOUN/m_c/poss} paw.",
        "cat_trait": null,
        "cat_skill": null,
        "other_cat_trait": null,
        "other_cat_skill": null
    },
    {
        "injury": "bee sting",
        "camp": "any",
        "tags": [
            "Greenleaf",
            "Newleaf",
            "scar",
            "BRIDGE"
        ],
        "event_text": "m_c found a patch of flowering catmint! No one else is around, so {PRONOUN/m_c/subject} bend down and take a big bite-- Yowch! A bee! {PRONOUN/m_c/subject/CAP} come home with a swollen face...",
        "history_text": {
            "scar": "m_c, unbelievably, was scarred when {PRONOUN/m_c/subject} tried to eat a bee.",
            "reg_death": "m_c died from complications caused by a bee sting."
        },
        "cat_trait": null,
        "cat_skill": null,
        "other_cat_trait": null,
        "other_cat_skill": null,
        "negate_cat_trait": null,
        "negate_cat_skill": null,
        "negate_other_cat_trait": null,
        "negate_other_cat_skill": null,
        "backstory_constraint": null
    },
    {
        "injury": "bee sting",
        "camp": "any",
        "tags": [
            "Greenleaf",
            "Newleaf",
            "scar",
            "QUILLCHUNK"
        ],
        "event_text": "The day is so nice out today that m_c decided to sneak out of camp and go play in the flowers without anyone noticing. {PRONOUN/m_c/subject/CAP} come back with a swollen paw, having stepped on a bee.",
        "history_text": {
            "scar": "m_c, unbelievably, was scarred when {PRONOUN/m_c/subject} tried to eat a bee.",
            "reg_death": "m_c died from complications caused by a bee sting."
        },
        "cat_trait": null,
        "cat_skill": null,
        "other_cat_trait": null,
        "other_cat_skill": null,
        "negate_cat_trait": null,
        "negate_cat_skill": null,
        "negate_other_cat_trait": null,
        "negate_other_cat_skill": null,
        "backstory_constraint": null
    },
    {
        "injury": "bee sting",
        "camp": "any",
        "tags": [
            "Greenleaf",
            "Newleaf",
            "scar",
            "BOTHBLIND"
        ],
        "event_text": "Camp was supposed to be safe, but m_c found bees trying to form a hive in a corner of camp. Annoyed by {PRONOUN/m_c/poss} buzzing, m_c attacks them, and got swarmed by bees.",
        "history_text": {
            "scar": "m_c was scarred by a swarm of bees.",
            "reg_death": "m_c died from complications caused by bee stings."
        },
        "cat_trait": null,
        "cat_skill": null,
        "other_cat_trait": [
            "bloodthirsty",
            "childish",
            "fierce",
            "vengeful",
            "daring",
            "ambitious"
        ],
        "other_cat_skill": null,
        "negate_cat_trait": null,
        "negate_cat_skill": null,
        "negate_other_cat_trait": null,
        "negate_other_cat_skill": null,
        "backstory_constraint": null
    },
    {
        "injury": "headache",
        "camp": "any",
        "tags": [
            "Newleaf",
            "Greenleaf",
            "Leaf-fall",
            "Leaf-bare"
        ],
        "event_text": "m_c woke up with a mild headache, but went about {PRONOUN/m_c/poss} day anyway, trying to ignore the nagging pain.",
        "history_text": null,
        "cat_trait": null,
        "cat_skill": null,
        "other_cat_trait": null,
        "other_cat_skill": null
    },
    {
        "injury": "severe headache",
        "camp": "any",
        "tags": [
            "Newleaf",
            "Greenleaf",
            "Leaf-fall",
            "Leaf-bare"
        ],
        "event_text": "m_c woke up with a splitting headache, and couldn't get out of {PRONOUN/m_c/poss} nest. {PRONOUN/m_c/subject/CAP} spent the entire day curled up, trying to avoid light and noise so that the throbbing pain could subside.",
        "history_text": null,
        "cat_trait": null,
        "cat_skill": null,
        "other_cat_trait": null,
        "other_cat_skill": null
    }
]