[
    {
        "camp": "any",
        "tags": [
            "war",
            "other_clan",
            "rel_down",
            "Newleaf",
            "Greenleaf",
            "Leaf-fall",
            "Leaf-bare"
        ],
        "death_text": "o_c warriors broke into the camp and killed m_c, after damaging the herb stores.",
        "history_text": {
            "reg_death": "m_c was killed when o_c warriors broke into camp."
        },
        "cat_trait": null,
        "cat_skill": null,
        "other_cat_trait": null,
        "other_cat_skill": null,
        "cat_negate_skill": [
            "FIGHTER,2",
            "OMEN,3",
            "PROPHET,3"
        ]
    },
    {
        "camp": "any",
        "tags": [
            "other_cat",
            "other_clan",
            "hostile",
            "rel_down",
            "Newleaf",
            "Greenleaf",
            "Leaf-fall",
            "Leaf-bare",
            "rc_to_mc",
            "respect",
            "trust"
        ],
        "death_text": "m_c was killed by a o_c warrior while pulling an injured Clanmate away from battle.",
        "history_text": {
            "reg_death": "m_c was killed by a o_c warrior while trying to aid an injured Clanmate."
        },
        "cat_trait": [
            "compassionate",
            "calm",
            "bold",
            "ambitious",
            "daring",
            "fierce",
            "empathetic",
            "loving",
            "loyal",
            "responsible",
            "thoughtful"
        ],
        "cat_skill": null,
        "other_cat_trait": null,
        "other_cat_skill": null,
        "cat_negate_skill": [
            "FIGHTER,2"
        ]
    },
    {
        "camp": "any",
        "tags": [
            "classic",
            "Leaf-bare"
        ],
        "death_text": "m_c caught greencough while caring for {PRONOUN/m_c/poss} patients, and couldn't manage to fight it off.",
        "history_text": {
            "reg_death": "m_c died of greencough."
        },
        "cat_trait": [
            "compassionate",
            "calm",
            "bold",
            "ambitious",
            "fierce",
            "empathetic",
            "loving",
            "loyal",
            "responsible",
            "thoughtful"
        ],
        "cat_skill": null,
        "other_cat_trait": null,
        "other_cat_skill": null
    },
    {
        "camp": "Any",
        "tags": [
            "medicine_cat",
            "medicine_cat_app",
            "other_cat",
            "mc_to_rc",
            "dislike"
        ],
        "event_text": "m_c is getting increasingly annoyed with r_c because {PRONOUN/r_c/subject} {VERB/keep/keeps} bothering {PRONOUN/m_c/object} about the most trivial of wounds and aches."
    }
]