[
    {
        "patrol_id": "wtlnd_med_soloripples1",
        "biome": "wetlands",
        "season": "Any",
        "tags": [
            "herb_gathering",
            "comfort",
            "respect",
            "trust",
            "med_cat",
            "med_only"
        ],
        "intro_text": "p_l sees weird ripples on the water of a puddle while gathering fresh water.",
        "decline_text": "p_l is in a hurry and does not stop to look at the ripples.",
        "chance_of_success": 45,
        "exp": 10,
        "success_text": {
            "unscathed_common": "As p_l looks into the puddle they are greeted by an intense vision. They drop what they are doing and race back to the camp to tell and consult with their leader.",
            "unscathed_rare": "They are greeted with the vision of a cat they had failed to save looking content and happy in StarClan saying that they were not at fault for their death. They feel unburdened and at peace after receiving that vision."
        },
        "fail_text": {
            "unscathed_common": "They gaze into the puddle only to see the weird ripples were caused by a feather falling on the puddle. p_l feels disappointed because they really could have used some guidance from StarClan."
        },
        "min_cats": 1,
        "max_cats": 1,
        "constraints": {
            "skill": [
                "PROPHET,1"
            ]
        }
    },
    {
        "patrol_id": "wtlnd_med_herblocation1",
        "biome": "wetlands",
        "season": "Any",
        "tags": [
            "herb_gathering",
            "med_cat",
            "apprentice",
            "trust",
            "respect",
            "med_only"
        ],
        "intro_text": "p_l decides it's a good opportunity to show app1 where the most commonly needed herbs are in the territory, both on even and uneven ground.",
        "decline_text": "As they see app1's absent minded gaze they change their mind. Maybe another day when app1 is more focused and less liable to slip and fall off the mountain.",
        "chance_of_success": 65,
        "exp": 10,
        "success_text": {
            "unscathed_common": "app1 is focused and attentive. p_l is confident that next time there is an emergency, app1 will be able to find those herbs both on even and uneven ground without them if needed.",
            "unscathed_rare": "As p_l is explaining why and where the herbs are growing app1 lets out a shout. To p_l's surprise they have found a previously unknown patch of a uncommon herb. Stunned and filled with pride that they found and recognized the herb, p_l promises them the first pick of fresh-kill."
        },
        "fail_text": {
            "unscathed_common": "app1 is constantly distracted and running ahead much to the frustration of p_l. Evidently no new knowledge will be learned that day."
        },
        "min_cats": 2,
        "max_cats": 2,
        "antagonize_text": null,
        "antagonize_fail_text": null
    },
    {
        "patrol_id": "wtlnd_med_herblocation2",
        "biome": "wetlands",
        "season": "Any",
        "tags": [
            "herb_gathering",
            "med_cat",
            "apprentice",
            "med_only"
        ],
        "intro_text": "app1 has been sent out into the swamps to try to find herbs alone.",
        "decline_text": "Nervous and with an eerie sound on the wind scaring them, they decide to go back to camp with their tail dragging behind them and try again another day.",
        "chance_of_success": 65,
        "exp": 10,
        "success_text": {
            "unscathed_common": "app1 is focused and determined to prove their independence. They find the herbs easily, and bring them back to camp with their head held up high, no sweat, no stress, no fuss.",
            "unscathed_rare": "app1 goes to a known herb patch - but the plant has died! They don't give up, hunting around in the area until they find a smaller overlooked bush that still has leaves on it."
        },
        "fail_text": {
            "unscathed_common": "app1 goes to a known herb patch - but the plant has died! They give up and return to camp, feeling terrible."
        },
        "min_cats": 1,
        "max_cats": 1,
        "antagonize_text": null,
        "antagonize_fail_text": null
    },
    {
        "patrol_id": "wtlnd_med_lungwort1",
        "biome": "wetlands",
        "season": "newleaf",
        "tags": [
            "herb_gathering",
            "med_cat",
            "apprentice",
            "med_only",
            "herb",
            "comfort",
            "respect",
            "trust",
            "dislike"
        ],
        "intro_text": "p_l and app1 head out for lungwort, with p_l starting a lesson on the value of this rare herb for treating yellowcough.",
        "decline_text": "A cat grabs p_l's attention before they can leave. Sighing, the expedition is delayed for another time.",
        "chance_of_success": 60,
        "exp": 20,
        "success_text": {
            "unscathed_common": "It takes them all day, but eventually, finally, p_l spots the speckled leaves they've been looking for, so crucial to replenishing the Clan's stores after the long leaf-bare. For just a second, p_l feels the weight of their responsibilities lift, and they let out a whoop and stop to play with app1.",
            "unscathed_rare": "app1 listens intently as the hours drift slowly by in their intense search, and then finally spots a bush with leaves sprinkled with white. It's lungwort! p_l showers them with praise, app1 feeling like they could burst with accomplishment.",
            "stat_skill": "It takes all of s_c's considerable talent for such things to hunt down the lungwort within their borders, the medicine cats visiting each likely nook and cranny in a carefully planned search pattern until finally those telltale speckled leaves are found.",
            "stat_trait": "Night falls, and still s_c insists they keep going - lungwort is the only reliable cure for yellowcough, they can't let c_n go without. Exhausted but determined, the medicine cats persist patiently until they find those precious speckled leaves."
        },
        "fail_text": {
            "unscathed_common": "Not only do they not find anything, app1 seems to take in absolutely nothing of what p_l is teaching them, and by the time they're back at camp p_l wants to scream."
        },
        "win_skills": [
            "SENSE,2",
            "CLEVER,3"
        ],
        "win_trait": [
            "patient"
        ],
        "min_cats": 2,
        "max_cats": 2,
        "antagonize_text": null,
        "antagonize_fail_text": null
    },
    {
        "patrol_id": "wtlnd_med_lungwort2",
        "biome": "wetlands",
        "season": "newleaf",
        "tags": [
            "herb_gathering",
            "med_cat",
            "herb",
            "no_app",
            "clan_to_patrol",
            "respect",
            "injury",
            "sore"
        ],
        "intro_text": "p_l is on a mission to find lungwort now that newleaf is here. As the only reliable cure for yellowcough, they're determined that c_n replenish their stocks of it.",
        "decline_text": "A cat grabs p_l's attention before they can leave camp.",
        "chance_of_success": 60,
        "exp": 20,
        "success_text": {
            "unscathed_common": "It takes them all day, but eventually, finally, p_l spots the speckled leaves they've been looking for, so crucial to replenishing the Clan's stores after the long leaf-bare. For just a second, they feel the weight of their responsibilities lift, the strength of that relief catching them off guard.",
            "unscathed_rare": "Not only is the lungwort intact and growing nicely, but there's also a nice patch of plantain growing just nearby. Frustratingly, p_l doesn't have the capacity to cart everything back to camp, but they stick the location in their mind as a place to return to.",
            "stat_skill": "It takes all of s_c's considerable talent for such things to hunt down the lungwort within their borders, the medicine cat visiting each likely nook and cranny in a carefully planned search pattern until finally those telltale speckled leaves are found.",
            "stat_trait": "Night falls, and still s_c insists they keep going - they just can't let c_n go without. Exhausted but determined, the medicine cat persists patiently until they find those precious speckled leaves."
        },
        "fail_text": {
            "injury": "p_l searches until their pawpads are sore and {PRONOUN/p_l/poss} muscles exhausted, but can't find lungwort anywhere. {PRONOUN/p_l/subject/CAP} return to camp disappointed, but determined to try again. It's simply too important to not keep a good supply of."
        },
        "win_skills": [
            "SENSE,2",
            "CLEVER,3"
        ],
        "win_trait": [
            "patient"
        ],
        "min_cats": 1,
        "max_cats": 1,
        "antagonize_text": null,
        "antagonize_fail_text": null
    },
    {
        "patrol_id": "wtlnd_med_lungwort3",
        "biome": "wetlands",
        "season": "newleaf",
        "tags": [
            "herb_gathering",
            "med_cat",
            "warrior",
            "herb",
            "dislike",
            "injury",
            "sore",
            "many_herbs1"
        ],
        "intro_text": "p_l is on a mission to find lungwort now that newleaf is here. As the only reliable cure for yellowcough, they're determined that c_n replenish their stocks of it. They take along a warrior escort to help.",
        "decline_text": "A cat grabs p_l's attention before they can leave.",
        "chance_of_success": 60,
        "exp": 20,
        "success_text": {
            "unscathed_common": "It takes them all day, but eventually, finally, p_l spots the speckled leaves they've been looking for, so crucial to replenishing the Clan's stores after the long leaf-bare. For just a second, they feel the weight of their responsibilities lift, the strength of that relief catching them off guard.",
            "unscathed_rare": "Not only is the lungwort intact and growing nicely, but there's also a nice patch of plantain growing just nearby. p_l loads up their mostly-obliging escort and carries the extensive harvest home, tail waving jovially with their good mood.",
            "stat_skill": "It takes all of s_c's considerable talent for such things to hunt down the lungwort within their borders, the medicine cat visiting each likely nook and cranny in a carefully planned search pattern until finally those telltale speckled leaves are found.",
            "stat_trait": "Night falls, and still s_c insists they keep going - they just can't let c_n go without. Exhausted but determined, the medicine cat persists patiently until they find those precious speckled leaves."
        },
        "fail_text": {
            "unscathed_stat": "By the time they give up and return to camp, p_l is approaching explosion point with r_c. They've gotten in the way, questioned the use of the gathering mission, and in general been utterly obnoxious today.",
            "injury": "p_l searches until their pawpads are sore and {PRONOUN/p_l/poss} muscles exhausted, but can't find lungwort anywhere. {PRONOUN/p_l/subject/CAP} return to camp disappointed, but determined to try again. It's simply too important to not keep a good supply of."
        },
        "win_skills": [
            "SENSE,2",
            "CLEVER,3"
        ],
        "win_trait": [
            "patient"
        ],
        "fail_trait": [
            "troublesome",
            "childish"
        ],
        "min_cats": 2,
        "max_cats": 3,
        "antagonize_text": null,
        "antagonize_fail_text": null
    },
    {
        "patrol_id": "wtlnd_med_lungwort4",
        "biome": "wetlands",
        "season": "greenleaf",
        "tags": [
            "herb_gathering",
            "med_cat",
            "apprentice",
            "med_only",
            "herb",
            "comfort",
            "respect",
            "trust",
            "dislike"
        ],
        "intro_text": "p_l and app1 head out for lungwort, with p_l starting a lesson on the value of this rare herb for treating yellowcough.",
        "decline_text": "A cat grabs p_l's attention before they can leave. Sighing, the expedition is delayed for another time.",
        "chance_of_success": 60,
        "exp": 20,
        "success_text": {
            "unscathed_common": "It takes them all day, but eventually, finally, p_l spots the speckled leaves they've been looking for, so crucial to harvest while the growing season is upon them. For just a second, they feel the weight of their responsibilities lift, and they let out a whoop and stop to play with app1.",
            "unscathed_rare": "app1 listens intently as the hours drift slowly by in their intense search, and then finally spots a bush with leaves sprinkled with white. It's lungwort! p_l showers them with praise, app1 feeling like they could burst with accomplishment.",
            "stat_skill": "It takes all of s_c's considerable talent for such things to hunt down the lungwort within their borders, the medicine cats visiting each likely nook and cranny in a carefully planned search pattern until finally those telltale speckled leaves are found.",
            "stat_trait": "Night falls, and still s_c insists they keep going - lungwort is the only reliable cure for yellowcough, they can't let c_n go without. Exhausted but determined, the medicine cats persist patiently until they find those precious speckled leaves."
        },
        "fail_text": {
            "unscathed_common": "Not only do they not find anything, app1 seems to take in absolutely nothing of what p_l is teaching them, and by the time they're back at camp p_l wants to scream."
        },
        "win_skills": [
            "SENSE,2",
            "CLEVER,3"
        ],
        "win_trait": [
            "patient"
        ],
        "min_cats": 2,
        "max_cats": 2,
        "antagonize_text": null,
        "antagonize_fail_text": null
    },
    {
        "patrol_id": "wtlnd_med_lungwort5",
        "biome": "wetlands",
        "season": "greenleaf",
        "tags": [
            "herb_gathering",
            "med_cat",
            "herb",
            "no_app",
            "clan_to_patrol",
            "respect",
            "injury",
            "sore"
        ],
        "intro_text": "p_l is on a mission to find lungwort now that greenleaf is here. As the only reliable cure for yellowcough, they're determined that c_n stock up on it.",
        "decline_text": "A cat grabs p_l's attention before they can leave camp.",
        "chance_of_success": 60,
        "exp": 20,
        "success_text": {
            "unscathed_common": "It takes them all day, but eventually, finally, p_l spots the speckled leaves they've been looking for, so crucial to harvest while the growing season is upon them. For just a second, they feel the weight of their responsibilities lift, the strength of that relief catching them off guard.",
            "unscathed_rare": "Not only is the lungwort intact and growing nicely, but there's also a nice patch of plantain growing just nearby. Frustratingly, p_l doesn't have the capacity to cart everything back to camp, but they stick the location in their mind as a place to return to.",
            "stat_skill": "It takes all of s_c's considerable talent for such things to hunt down the lungwort within their borders, the medicine cat visiting each likely nook and cranny in a carefully planned search pattern until finally those telltale speckled leaves are found.",
            "stat_trait": "Night falls, and still s_c insists they keep going - they just can't let c_n go without. Exhausted but determined, the medicine cat persists patiently until they find those precious speckled leaves."
        },
        "fail_text": {
            "injury": "p_l searches until their pawpads are sore and {PRONOUN/p_l/poss} muscles exhausted, but can't find lungwort anywhere. {PRONOUN/p_l/subject/CAP} return to camp disappointed, but determined to try again. It's simply too important to not keep a good supply of."
        },
        "win_skills": [
            "SENSE,2",
            "CLEVER,3"
        ],
        "win_trait": [
            "patient"
        ],
        "min_cats": 1,
        "max_cats": 1,
        "antagonize_text": null,
        "antagonize_fail_text": null
    },
    {
        "patrol_id": "wtlnd_med_lungwort6",
        "biome": "wetlands",
        "season": "greenleaf",
        "tags": [
            "herb_gathering",
            "med_cat",
            "warrior",
            "herb",
            "dislike",
            "injury",
            "sore",
            "many_herbs1"
        ],
        "intro_text": "p_l is on a mission to find lungwort now that greenleaf is here. As the only reliable cure for yellowcough, they're determined that c_n won't run out of it. They take along a warrior escort to help.",
        "decline_text": "A cat grabs p_l's attention before they can leave.",
        "chance_of_success": 60,
        "exp": 20,
        "success_text": {
            "unscathed_common": "It takes them all day, but eventually, finally, p_l spots the speckled leaves they've been looking for, so crucial to harvest while the growing season is upon them. For just a second, they feel the weight of their responsibilities lift, the strength of that relief catching them off guard.",
            "unscathed_rare": "Not only is the lungwort intact and growing nicely, but there's also a nice patch of plantain growing just nearby. p_l loads up their mostly-obliging escort and carries the extensive harvest home, tail waving jovially with their good mood.",
            "stat_skill": "It takes all of s_c's considerable talent for such things to hunt down the lungwort within their borders, the medicine cat visiting each likely nook and cranny in a carefully planned search pattern until finally those telltale speckled leaves are found.",
            "stat_trait": "Night falls, and still s_c insists they keep going - they just can't let c_n go without. Exhausted but determined, the medicine cat persists patiently until they find those precious speckled leaves."
        },
        "fail_text": {
            "unscathed_stat": "By the time they give up and return to camp, p_l is approaching explosion point with r_c. They've gotten in the way, questioned the use of the gathering mission, and in general been utterly obnoxious today.",
            "injury": "p_l searches until their pawpads are sore and {PRONOUN/p_l/poss} muscles exhausted, but can't find lungwort anywhere. {PRONOUN/p_l/subject/CAP} return to camp disappointed, but determined to try again. It's simply too important to not keep a good supply of."
        },
        "win_skills": [
            "SENSE,2",
            "CLEVER,3"
        ],
        "win_trait": [
            "patient"
        ],
        "fail_trait": [
            "troublesome",
            "childish"
        ],
        "min_cats": 2,
        "max_cats": 3,
        "antagonize_text": null,
        "antagonize_fail_text": null
    },
    {
        "patrol_id": "wtlnd_med_lungwort7",
        "biome": "wetlands",
        "season": "leaf-fall",
        "tags": [
            "herb_gathering",
            "med_cat",
            "apprentice",
            "med_only",
            "herb",
            "comfort",
            "respect",
            "trust",
            "dislike"
        ],
        "intro_text": "p_l and app1 head out for lungwort, with p_l starting a lesson on the value of this rare herb for treating yellowcough.",
        "decline_text": "A cat grabs p_l's attention before they can leave. Sighing, the expedition is delayed for another time.",
        "chance_of_success": 60,
        "exp": 20,
        "success_text": {
            "unscathed_common": "It takes them all day, but eventually, finally, p_l spots the speckled leaves they've been looking for, so crucial to harvest before the plant dies back in leaf-bare. For just a second, they feel the weight of their responsibilities lift, and they let out a whoop and stop to play with app1.",
            "unscathed_rare": "app1 listens intently as the hours drift slowly by in their intense search, and then finally spots a bush with leaves sprinkled with white. It's lungwort! p_l showers them with praise, app1 feeling like they could burst with accomplishment.",
            "stat_skill": "It takes all of s_c's considerable talent for such things to hunt down the lungwort within their borders, the medicine cats visiting each likely nook and cranny in a carefully planned search pattern until finally those telltale speckled leaves are found.",
            "stat_trait": "Night falls, and still s_c insists they keep going - lungwort is the only reliable cure for yellowcough, they can't let c_n go without. Exhausted but determined, the medicine cats persist patiently until they find those precious speckled leaves."
        },
        "fail_text": {
            "unscathed_common": "Not only do they not find anything, app1 seems to take in absolutely nothing of what p_l is teaching them, and by the time they're back at camp p_l wants to scream."
        },
        "win_skills": [
            "SENSE,2",
            "CLEVER,3"
        ],
        "win_trait": [
            "patient"
        ],
        "min_cats": 2,
        "max_cats": 2,
        "antagonize_text": null,
        "antagonize_fail_text": null
    },
    {
        "patrol_id": "wtlnd_med_lungwort8",
        "biome": "wetlands",
        "season": "leaf-fall",
        "tags": [
            "herb_gathering",
            "med_cat",
            "herb",
            "no_app",
            "clan_to_patrol",
            "respect",
            "injury",
            "sore"
        ],
        "intro_text": "p_l is on a mission to find lungwort now that leaf-bare is on the horizon. As the only reliable cure for yellowcough, they're determined that c_n stock up on it.",
        "decline_text": "A cat grabs p_l's attention before they can leave camp.",
        "chance_of_success": 60,
        "exp": 20,
        "success_text": {
            "unscathed_common": "It takes them all day, but eventually, finally, p_l spots the speckled leaves they've been looking for, so crucial to harvest before the plant dies back in leaf-bare. For just a second, they feel the weight of their responsibilities lift, the strength of that relief catching them off guard.",
            "unscathed_rare": "Not only is the lungwort intact and growing nicely, but there's also a nice patch of plantain growing just nearby. Frustratingly, p_l doesn't have the capacity to cart everything back to camp, but they stick the location in their mind as a place to return to.",
            "stat_skill": "It takes all of s_c's considerable talent for such things to hunt down the lungwort within their borders, the medicine cat visiting each likely nook and cranny in a carefully planned search pattern until finally those telltale speckled leaves are found.",
            "stat_trait": "Night falls, and still s_c insists they keep going - they just can't let c_n go without. Exhausted but determined, the medicine cat persists patiently until they find those precious speckled leaves."
        },
        "fail_text": {
            "injury": "p_l searches until their pawpads are sore and {PRONOUN/p_l/poss} muscles exhausted, but can't find lungwort anywhere. {PRONOUN/p_l/subject/CAP} return to camp disappointed, but determined to try again. It's simply too important to not keep a good supply of."
        },
        "win_skills": [
            "SENSE,2",
            "CLEVER,3"
        ],
        "win_trait": [
            "patient"
        ],
        "min_cats": 1,
        "max_cats": 1,
        "antagonize_text": null,
        "antagonize_fail_text": null
    },
    {
        "patrol_id": "wtlnd_med_lungwort9",
        "biome": "wetlands",
        "season": "leaf-fall",
        "tags": [
            "herb_gathering",
            "med_cat",
            "warrior",
            "herb",
            "dislike",
            "injury",
            "sore",
            "many_herbs1"
        ],
        "intro_text": "p_l is on a mission to find lungwort now that leaf-bare is on the horizon. As the only reliable cure for yellowcough, they're determined that c_n won't run out of it. They take along a warrior escort to help.",
        "decline_text": "A cat grabs p_l's attention before they can leave.",
        "chance_of_success": 60,
        "exp": 20,
        "success_text": {
            "unscathed_common": "It takes them all day, but eventually, finally, p_l spots the speckled leaves they've been looking for, so crucial to harvest before the plant dies back in leaf-bare. For just a second, they feel the weight of their responsibilities lift, the strength of that relief catching them off guard.",
            "unscathed_rare": "Not only is the lungwort intact and growing nicely, but there's also a nice patch of plantain growing just nearby. p_l loads up their mostly-obliging escort and carries the extensive harvest home, tail waving jovially with their good mood.",
            "stat_skill": "It takes all of s_c's considerable talent for such things to hunt down the lungwort within their borders, the medicine cat visiting each likely nook and cranny in a carefully planned search pattern until finally those telltale speckled leaves are found.",
            "stat_trait": "Night falls, and still s_c insists they keep going - they just can't let c_n go without. Exhausted but determined, the medicine cat persists patiently until they find those precious speckled leaves."
        },
        "fail_text": {
            "unscathed_stat": "By the time they give up and return to camp, p_l is approaching explosion point with r_c. They've gotten in the way, questioned the use of the gathering mission, and in general been utterly obnoxious today.",
            "injury": "p_l searches until their pawpads are sore and {PRONOUN/p_l/poss} muscles exhausted, but can't find lungwort anywhere. {PRONOUN/p_l/subject/CAP} return to camp disappointed, but determined to try again. It's simply too important to not keep a good supply of."
        },
        "win_skills": [
            "SENSE,2",
            "CLEVER,3"
        ],
        "win_trait": [
            "patient"
        ],
        "fail_trait": [
            "troublesome",
            "childish"
        ],
        "min_cats": 2,
        "max_cats": 3,
        "antagonize_text": null,
        "antagonize_fail_text": null
    },
    {
        "patrol_id": "wtlnd_med_lungwort10",
        "biome": "wetlands",
        "season": "leaf-bare",
        "tags": [
            "herb_gathering",
            "med_cat",
            "apprentice",
            "med_only",
            "herb",
            "comfort",
            "respect",
            "trust",
            "dislike"
        ],
        "intro_text": "p_l and app1 head out for lungwort, with p_l starting a lesson on the value of this rare herb for treating yellowcough. It dies back during leaf-bare, but the snow in c_n's territory will preserve its juice and freshness until the newleaf thaw.",
        "decline_text": "A cat grabs p_l's attention before they can leave. Sighing, the expedition is delayed for another time.",
        "chance_of_success": 30,
        "exp": 20,
        "success_text": {
            "unscathed_common": "p_l heads directly for a sheltered valley, a confused app1 trailing behind them. There, they dig for a lungwort plant they know is under the snow, and show app1 that while the plant is dormant for the winter, the snow has preserved its leaf-fall greenery and kept them fresh - or fresh enough to still be useful anyway.",
            "unscathed_rare": "app1 listens intently as the hours drift slowly by in their intense search, and then finally spots a bush with leaves sprinkled with white. It's lungwort, poking out from the snow! p_l showers them with praise, app1 feeling like they could burst with accomplishment.",
            "stat_skill": "It takes all of s_c's considerable talent for such things to hunt down the lungwort within their borders, the medicine cats visiting each likely nook and cranny in a carefully planned search pattern until finally those telltale speckled leaves are found under a snowy blanket.",
            "stat_trait": "Night falls, and still s_c insists they keep going - lungwort is the only reliable cure for yellowcough, they can't let c_n go without. Exhausted but determined, the medicine cats persist patiently until they find those precious speckled leaves."
        },
        "fail_text": {
            "unscathed_common": "Not only do they not find anything, app1 seems to take in absolutely nothing of what p_l is teaching them, and by the time they're back at camp p_l wants to scream."
        },
        "win_skills": [
            "SENSE,2",
            "CLEVER,3"
        ],
        "win_trait": [
            "patient"
        ],
        "min_cats": 2,
        "max_cats": 2,
        "antagonize_text": null,
        "antagonize_fail_text": null
    },
    {
        "patrol_id": "wtlnd_med_lungwort11",
        "biome": "wetlands",
        "season": "leaf-bare",
        "tags": [
            "herb_gathering",
            "med_cat",
            "herb",
            "no_app",
            "clan_to_patrol",
            "respect",
            "injury",
            "sore"
        ],
        "intro_text": "p_l is on a mission to find lungwort now that leaf-bare is upon the Clan. As the only reliable cure for yellowcough, they're determined that c_n stock up on it. It dies back during leaf-bare, but the snow in c_n's territory will preserve its juice and freshness until the newleaf thaw.",
        "decline_text": "A cat grabs p_l's attention before they can leave camp.",
        "chance_of_success": 30,
        "exp": 20,
        "success_text": {
            "unscathed_common": "It takes them all day, checking spots where they've seen lungwort growing before, but finally when p_l sweeps back the snow covering, they find a plant with leaves still green, if looking a little wilted. For just a second, they feel the weight of their responsibilities lift, the strength of that relief catching them off guard.",
            "unscathed_rare": "Not only is the lungwort intact and still fresh, but there's also a nice patch of plantain nearby. Frustratingly, p_l doesn't have the capacity to cart everything back to camp, but they stick the location in their mind as a place to return to.",
            "stat_skill": "It takes all of s_c's considerable talent for such things to hunt down the lungwort within their borders, the medicine cat visiting each likely nook and cranny in a carefully planned search pattern until finally, those telltale speckled leaves are found under the blanketing snow.",
            "stat_trait": "Night falls, and s_c still insists they keep going - they just can't let c_n go without. Exhausted but determined, the medicine cat persists patiently until they find those precious speckled leaves, wilted but still valuable."
        },
        "fail_text": {
            "injury": "p_l searches until their pawpads are sore and {PRONOUN/p_l/poss} muscles exhausted, but can't find lungwort anywhere. {PRONOUN/p_l/subject/CAP} return to camp disappointed, but determined to try again. It's simply too important to not keep a good supply of."
        },
        "win_skills": [
            "SENSE,2",
            "CLEVER,3"
        ],
        "win_trait": [
            "patient"
        ],
        "min_cats": 1,
        "max_cats": 1,
        "antagonize_text": null,
        "antagonize_fail_text": null
    },
    {
        "patrol_id": "wtlnd_med_lungwort12",
        "biome": "wetlands",
        "season": "leaf-bare",
        "tags": [
            "herb_gathering",
            "med_cat",
            "warrior",
            "herb",
            "dislike",
            "injury",
            "sore",
            "many_herbs1"
        ],
        "intro_text": "p_l is on a mission to find lungwort now that leaf-bare is upon the Clan. As the only reliable cure for yellowcough, they're determined that c_n won't run out of it. They take along a warrior escort to help search for leaves preserved under the snow.",
        "decline_text": "A cat grabs p_l's attention before they can leave.",
        "chance_of_success": 30,
        "exp": 20,
        "success_text": {
            "unscathed_common": "It takes them all day, checking spots where they've seen lungwort growing before, but finally when p_l sweeps back the snow covering they find a plant with leaves still green, if looking a little wilted. For just a second, they feel the weight of their responsibilities lift, the strength of that relief catching them off guard.",
            "unscathed_rare": "Not only is the lungwort intact and still fresh, but there's also a nice patch of plantain nearby. p_l loads up their mostly-obliging escort and carries the extensive harvest home, tail waving jovially with their good mood.",
            "stat_skill": "It takes all of s_c's considerable talent for such things to hunt down the lungwort within their borders, the medicine cat visiting each likely nook and cranny in a carefully planned search pattern until finally those telltale speckled leaves are found under the blanketing snow.",
            "stat_trait": "Night falls, and still s_c insists they keep going - they just can't let c_n go without. Exhausted but determined, the medicine cat persists patiently until they find those precious speckled leaves, wilted but still valuable."
        },
        "fail_text": {
            "unscathed_stat": "By the time they give up and return to camp, p_l is approaching explosion point with r_c. They've gotten in the way, questioned the use of the gathering mission, and in general, been utterly obnoxious today.",
            "injury": "p_l searches until their pawpads are sore and {PRONOUN/p_l/poss} muscles exhausted, but can't find lungwort anywhere. {PRONOUN/p_l/subject/CAP} return to camp disappointed, but determined to try again. It's simply too important to not keep a good supply of."
        },
        "win_skills": [
            "SENSE,2",
            "CLEVER,3"
        ],
        "win_trait": [
            "patient"
        ],
        "fail_trait": [
            "troublesome",
            "childish"
        ],
        "min_cats": 2,
        "max_cats": 3,
        "antagonize_text": null,
        "antagonize_fail_text": null
    },
    {
        "patrol_id": "wtlnd_med_rescue1",
        "biome": "wetlands",
        "season": "Any",
        "tags": [
            "herb_gathering",
            "med_cat",
            "med_only",
            "new_cat",
            "kits"
        ],
        "intro_text": "p_l while searching for some specific herbs is startled by weird sounds and whispers on the wind.",
        "decline_text": "Unnerved and unable to discern if it is a sign from StarClan or nothing, they go back to c_n to ask for help and guidance.",
        "chance_of_success": 35,
        "exp": 10,
        "success_text": {
            "unscathed_common": "p_l sure that it is a sign of StarClan follows the sounds and whispers on the wind and finds a queen who lost their life in a harsh kitting, their newborn kits clinging to a body that will never move again. p_l instantly wraps themselves around the kits and orders r_c back to camp to find help and a queen willing to nurse them.",
            "unscathed_rare": "p_l follows the strange sounds on the wind and finds a struggling queen with their newborn kits clinging to them. r_c sprints back to camp to find help while p_l tries to make the queen eat some strengthening herbs. Thankful for the help the queen joins c_n with their kits."
        },
        "fail_text": {
            "unscathed_common": "p_l follows the strange sounds on the wind and finds the bodies of a(n) unknown queen with their kits slowly going cold. r_c goes back to camp to find help to bring their bodies back to camp to pay respects and bury them."
        },
        "min_cats": 2,
        "max_cats": 2,
        "antagonize_text": "null, ",
        "antagonize_fail_text": "null, "
    },
    {
        "patrol_id": "wtlnd_med_romance1",
        "biome": "wetlands",
        "season": "newleaf",
        "tags": [
            "herb_gathering",
            "med_cat",
            "warrior",
            "herb",
            "romantic",
            "platonic",
            "respect",
            "p_l_to_r_c",
            "s_c_to_r_c"
        ],
        "intro_text": "p_l goes out with a warrior escort, both for safety as they look for newleaf's fresh buds, and for carrying capacity should they find anything.",
        "decline_text": "Their escort is called away on a different mission, and p_l decides to reorganize the herb store instead.",
        "chance_of_success": 60,
        "exp": 10,
        "success_text": {
            "unscathed_common": "Surprisingly, r_c actually starts up a conversation with them about the herbs they're looking for. p_l launches into the usual spiel, but even more astonishingly, r_c is actually interested, and it makes their heart feel lighter getting to share their knowledge and skills with someone who respects them.",
            "stat_skill": "s_c has always been good at talking, but chatting with r_c they feel like they don't have to be. It's just a herb gathering patrol, but s_c feels more relaxed than they've felt in moons when they come back to camp, smiling softly."
        },
        "fail_text": {
            "unscathed_common": "It's an exhausting day. p_l starts chatting with r_c to pass the time, but they have nothing in common and the other cat bluntly refuses to talk about boring herbs.",
            "unscathed_stat": "Not only do they not find anything, p_l wants to murder s_c. They're obnoxious and troublesome and childish, and simply not someone p_l enjoys interacting with."
        },
        "win_skills": [
            "MEDIATOR,1"
        ],
        "fail_trait": [
            "troublesome",
            "childish"
        ],
        "min_cats": 2,
        "max_cats": 6,
        "antagonize_text": null,
        "antagonize_fail_text": null
    },
    {
        "patrol_id": "wtlnd_med_romance2",
        "biome": "wetlands",
        "season": "newleaf",
        "tags": [
            "herb_gathering",
            "med_cat",
            "med_only",
            "herb",
            "romantic",
            "platonic",
            "respect",
            "p_l_to_r_c",
            "s_c_to_r_c"
        ],
        "intro_text": "p_l heads out, leading a patrol of medicine cats to go find the buds of newleaf.",
        "decline_text": ". . .And they're called back almost immediately, as one of the elders starts hacking up something.",
        "chance_of_success": 60,
        "exp": 10,
        "success_text": {
            "unscathed_common": "The ground is slippery with damp, and as p_l falls, r_c catches them. It's a nice reminder that the responsibility of looking after the Clan is a shared one, and the rescue also makes p_l shiver pleasantly.",
            "stat_skill": "s_c has always been good at talking, but chatting with r_c they feel like they don't have to be. It's just a herb gathering patrol, but s_c feels more relaxed than they've felt in moons when they come back to camp, smiling softly."
        },
        "fail_text": {
            "unscathed_common": "It's an exhausting day. p_l starts chatting with r_c to pass the time, but they have nothing in common.",
            "unscathed_stat": "Not only do they not find anything, p_l wants to murder s_c. They're obnoxious and troublesome and childish, and simply not someone p_l enjoys interacting with."
        },
        "win_skills": [
            "MEDIATOR,1"
        ],
        "fail_trait": [
            "troublesome",
            "childish"
        ],
        "min_cats": 2,
        "max_cats": 6,
        "antagonize_text": null,
        "antagonize_fail_text": null
    },
    {
        "patrol_id": "wtlnd_med_romance3",
        "biome": "wetlands",
        "season": "greenleaf",
        "tags": [
            "herb_gathering",
            "med_cat",
            "warrior",
            "herb",
            "romantic",
            "platonic",
            "respect",
            "p_l_to_r_c",
            "s_c_to_r_c"
        ],
        "intro_text": "p_l goes out with a warrior escort, both for safety as they look to take advantage of the greenleaf growing season, and for carrying capacity should they find anything.",
        "decline_text": "Their escort is called away on a different mission, and p_l decides to reorganize the herb store instead.",
        "chance_of_success": 60,
        "exp": 10,
        "success_text": {
            "unscathed_common": "Surprisingly, r_c actually starts up a conversation with them about the herbs they're looking for. p_l launches into the usual spiel, but even more astonishingly, r_c is actually interested, and it makes their heart feel lighter getting to share their knowledge and skills with someone who respects them.",
            "stat_skill": "s_c has always been good at talking, but chatting with r_c they feel like they don't have to be. It's just a herb gathering patrol, but s_c feels more relaxed than they've felt in moons when they come back to camp, smiling softly."
        },
        "fail_text": {
            "unscathed_common": "It's an exhausting day. p_l starts chatting with r_c to pass the time, but they have nothing in common and the other cat bluntly refuses to talk about boring herbs.",
            "unscathed_stat": "Not only do they not find anything, p_l wants to murder s_c. They're obnoxious and troublesome and childish, and simply not someone p_l enjoys interacting with."
        },
        "win_skills": [
            "MEDIATOR,1"
        ],
        "fail_trait": [
            "troublesome",
            "childish"
        ],
        "min_cats": 2,
        "max_cats": 6,
        "antagonize_text": null,
        "antagonize_fail_text": null
    },
    {
        "patrol_id": "wtlnd_med_romance4",
        "biome": "wetlands",
        "season": "greenleaf",
        "tags": [
            "herb_gathering",
            "med_cat",
            "med_only",
            "herb",
            "romantic",
            "platonic",
            "respect",
            "p_l_to_r_c",
            "s_c_to_r_c"
        ],
        "intro_text": "p_l heads out, leading a patrol of medicine cats to go find some of the bounty of greenleaf.",
        "decline_text": ". . .And they're called back almost immediately, as one of the elders starts hacking up something.",
        "chance_of_success": 60,
        "exp": 10,
        "success_text": {
            "unscathed_common": "The ground is dusty and slippery, and as p_l falls, r_c catches them. It's a nice reminder that the responsibility of looking after the Clan is a shared one, and the rescue also makes p_l shiver pleasantly.",
            "stat_skill": "s_c has always been good at talking, but chatting with r_c they feel like they don't have to be. It's just a herb gathering patrol, but s_c feels more relaxed than they've felt in moons when they come back to camp, smiling softly."
        },
        "fail_text": {
            "unscathed_common": "It's an exhausting day. p_l starts chatting with r_c to pass the time, but they have nothing in common.",
            "unscathed_stat": "Not only do they not find anything, p_l wants to murder s_c. They're obnoxious and troublesome and childish, and simply not someone p_l enjoys interacting with."
        },
        "win_skills": [
            "MEDIATOR,1"
        ],
        "fail_trait": [
            "troublesome",
            "childish"
        ],
        "min_cats": 2,
        "max_cats": 6,
        "antagonize_text": null,
        "antagonize_fail_text": null
    },
    {
        "patrol_id": "wtlnd_med_romance5",
        "biome": "wetlands",
        "season": "leaf-fall",
        "tags": [
            "herb_gathering",
            "med_cat",
            "warrior",
            "herb",
            "romantic",
            "platonic",
            "respect",
            "p_l_to_r_c",
            "s_c_to_r_c"
        ],
        "intro_text": "p_l goes out with a warrior escort, both for safety as they try to stock up under the clear leaf-fall skies, and for carrying capacity should they find anything.",
        "decline_text": "Their escort is called away on a different mission, and p_l decides to reorganize the herb store instead.",
        "chance_of_success": 60,
        "exp": 10,
        "success_text": {
            "unscathed_common": "Surprisingly, r_c actually starts up a conversation with them about the herbs they're looking for. p_l launches into the usual spiel, but even more astonishingly, r_c is actually interested, and it makes their heart feel lighter getting to share their knowledge and skills with someone who respects them.",
            "stat_skill": "s_c has always been good at talking, but chatting with r_c they feel like they don't have to be. It's just a herb gathering patrol, but s_c feels more relaxed than they've felt in moons when they come back to camp, smiling softly."
        },
        "fail_text": {
            "unscathed_common": "It's an exhausting day. p_l starts chatting with r_c to pass the time, but they have nothing in common and the other cat bluntly refuses to talk about boring herbs.",
            "unscathed_stat": "Not only do they not find anything, p_l wants to murder s_c. They're obnoxious and troublesome and childish, and simply not someone p_l enjoys interacting with."
        },
        "win_skills": [
            "MEDIATOR,1"
        ],
        "fail_trait": [
            "troublesome",
            "childish"
        ],
        "min_cats": 2,
        "max_cats": 6,
        "antagonize_text": null,
        "antagonize_fail_text": null
    },
    {
        "patrol_id": "wtlnd_med_romance6",
        "biome": "wetlands",
        "season": "leaf-fall",
        "tags": [
            "herb_gathering",
            "med_cat",
            "med_only",
            "herb",
            "romantic",
            "platonic",
            "respect",
            "p_l_to_r_c",
            "s_c_to_r_c"
        ],
        "intro_text": "p_l heads out, leading a patrol of medicine cats to go stock up on the ripening harvest available in leaf-fall.",
        "decline_text": ". . .And they're called back almost immediately, as one of the elders starts hacking up something.",
        "chance_of_success": 60,
        "exp": 10,
        "success_text": {
            "unscathed_common": "The ground is slippery with damp, and as p_l falls, r_c catches them. It's a nice reminder that the responsibility of looking after the Clan is a shared one, and the rescue also makes p_l shiver pleasantly.",
            "stat_skill": "s_c has always been good at talking, but chatting with r_c they feel like they don't have to be. It's just a herb gathering patrol, but s_c feels more relaxed than they've felt in moons when they come back to camp, smiling softly."
        },
        "fail_text": {
            "unscathed_common": "It's an exhausting day. p_l starts chatting with r_c to pass the time, but they have nothing in common.",
            "unscathed_stat": "Not only do they not find anything, p_l wants to murder s_c. They're obnoxious and troublesome and childish, and simply not someone p_l enjoys interacting with."
        },
        "win_skills": [
            "MEDIATOR,1"
        ],
        "fail_trait": [
            "troublesome",
            "childish"
        ],
        "min_cats": 2,
        "max_cats": 6,
        "antagonize_text": null,
        "antagonize_fail_text": null
    },
    {
        "patrol_id": "wtlnd_med_romance7",
        "biome": "wetlands",
        "season": "leaf-bare",
        "tags": [
            "herb_gathering",
            "med_cat",
            "warrior",
            "herb",
            "romantic",
            "platonic",
            "respect",
            "p_l_to_r_c",
            "s_c_to_r_c"
        ],
        "intro_text": "p_l goes out with a warrior escort, both for safety as they look for useful fresh supplies that have survived leaf-bare so far, and for carrying capacity should they find anything.",
        "decline_text": "Their escort is called away on a different mission, and p_l decides to reorganize the herb store instead.",
        "chance_of_success": 60,
        "exp": 10,
        "success_text": {
            "unscathed_common": "Surprisingly, r_c actually starts up a conversation with them about the herbs they're looking for. p_l launches into the usual spiel, but even more astonishingly, r_c is actually interested, and it makes their heart feel lighter getting to share their knowledge and skills with someone who respects them.",
            "stat_skill": "s_c has always been good at talking, but chatting with r_c they feel like they don't have to be. It's just a herb gathering patrol, but s_c feels more relaxed than they've felt in moons when they come back to camp, smiling softly."
        },
        "fail_text": {
            "unscathed_common": "It's an exhausting day. p_l starts chatting with r_c to pass the time, but they have nothing in common and the other cat bluntly refuses to talk about boring herbs.",
            "unscathed_stat": "Not only do they not find anything, p_l wants to murder s_c. They're obnoxious and troublesome and childish, and simply not someone p_l enjoys interacting with."
        },
        "win_skills": [
            "MEDIATOR,1"
        ],
        "fail_trait": [
            "troublesome",
            "childish"
        ],
        "min_cats": 2,
        "max_cats": 6,
        "antagonize_text": null,
        "antagonize_fail_text": null
    },
    {
        "patrol_id": "wtlnd_med_romance8",
        "biome": "wetlands",
        "season": "leaf-bare",
        "tags": [
            "herb_gathering",
            "med_cat",
            "med_only",
            "herb",
            "romantic",
            "platonic",
            "respect",
            "p_l_to_r_c",
            "s_c_to_r_c"
        ],
        "intro_text": "p_l heads out, leading a patrol of medicine cats to go find any fresh herbs that have survived leaf-bare so far.",
        "decline_text": ". . .And they're called back almost immediately, as one of the elders starts hacking up something.",
        "chance_of_success": 60,
        "exp": 10,
        "success_text": {
            "unscathed_common": "The ground is slippery with frost, and as p_l falls, r_c catches them. It's a nice reminder that the responsibility of looking after the Clan is a shared one, and the rescue also makes p_l shiver pleasantly.",
            "stat_skill": "s_c has always been good at talking, but chatting with r_c they feel like they don't have to be. It's just a herb gathering patrol, but s_c feels more relaxed than they've felt in moons when they come back to camp, smiling softly."
        },
        "fail_text": {
            "unscathed_common": "It's an exhausting day. p_l starts chatting with r_c to pass the time, but they have nothing in common.",
            "unscathed_stat": "Not only do they not find anything, p_l wants to murder s_c. They're obnoxious and troublesome and childish, and simply not someone p_l enjoys interacting with."
        },
        "win_skills": [
            "MEDIATOR,1"
        ],
        "fail_trait": [
            "troublesome",
            "childish"
        ],
        "min_cats": 2,
        "max_cats": 6,
        "antagonize_text": null,
        "antagonize_fail_text": null
    },
    {
        "patrol_id": "wtlnd_med_appfirstsign1",
        "biome": "wetlands",
        "season": "Any",
        "tags": [
            "herb_gathering",
            "med_cat",
            "apprentice",
            "med_only",
            "herb"
        ],
        "intro_text": "p_l is out to gather a few herbs at the behest of their mentor. The wind is gently rustling the vegetation as they pad along.",
        "decline_text": "Just before the apprentice can leave, their mentor calls for their attention. Apparently they have a different task that's more pressing.",
        "chance_of_success": 50,
        "exp": 20,
        "success_text": {
            "unscathed_common": "p_l is plucking some horsetail when their attention is suddenly grabbed by a a_sign. At the sight, the fur on their back prickles slightly and they can hear their thundering heartbeat. They have to tell their mentor about this sign right away!"
        },
        "fail_text": {
            "unscathed_common": "p_l feels a pit of dread beginning to form in their belly. They forgot where to find the herb that their mentor wanted. They scent the air hopefully, but it's useless. They'll have to swallow their shame and return to ask for directions."
        },
        "min_cats": 1,
        "max_cats": 1,
        "antagonize_text": null,
        "antagonize_fail_text": null
    },
    {
        "patrol_id": "wtlnd_med_discussion1",
        "biome": "wetlands",
        "season": "Any",
        "tags": [
            "med_cat",
            "random_herbs",
            "respect",
            "trust",
            "platonic",
            "med_only",
            "no_app"
        ],
        "intro_text": "p_l and r_c head into the heart of the swamp to look for herbs, discussing the latest news.",
        "decline_text": "It seems like some mischievous cat has gotten into the herb storage and they have to sort it all over again.",
        "chance_of_success": 50,
        "exp": 10,
        "success_text": {
            "unscathed_common": "They have a good discussion while foraging under branches drooping with lichen and manage to come up with several ideas to discuss with c_n's leadership.",
            "unscathed_rare": "Carefully plucking some herbs, they discuss the latest signs from StarClan and ponder what to do about them. They manage to think up some tentative plans and return to camp to discuss them with the leader and deputy."
        },
        "fail_text": {
            "unscathed_common": "They fail to interpret any signs, and are too irritated with each other to discuss any other news. Furthermore, neither cat manages to gather anything, the trip cut short by the discovery of ominous Twoleg things, piled in an abandoned, stinking heap."
        },
        "win_skills": [],
        "win_trait": [
            "None"
        ],
        "fail_skills": [],
        "fail_trait": [
            "None"
        ],
        "min_cats": 2,
        "max_cats": 2,
        "antagonize_text": null,
        "antagonize_fail_text": null
    },
    {
        "patrol_id": "wtlnd_med_dwindleherbsgathering1",
        "biome": "wetlands",
        "season": "Any",
        "tags": [
            "random_herbs",
            "med_cat",
            "med_only",
            "platonic",
            "dislike",
            "respect"
        ],
        "intro_text": "p_l and r_c take a look at their supply of herbs and decide to combine their efforts into searching for more. Two sets of trained eyes are better than one!",
        "decline_text": "Unfortunately they are interrupted by a cat claiming they have an emergency. Runny dirt is not an emergency. Ugh.",
        "chance_of_success": 50,
        "exp": 10,
        "success_text": {
            "unscathed_common": "p_l and r_c decide to search on a little island of drier ground that rises just slightly from the swamp. As the sun sinks towards the horizon, they return with their mouths stuffed full of herbs taken from the little pocket of plenty.",
            "unscathed_rare": "p_l and r_c decide on a little friendly competition - one medicine cat to another, like all those silly bets the warriors make about hunting prey. They reunite when the sun is going down and walk into camp purring and playfully shoving each other with both their mouths full of herbs."
        },
        "fail_text": {
            "unscathed_common": "Both p_l and r_c are tense and it shows. Even though it should not be this hard to find any herbs they fail to find even a single one. They return to camp frustrated and irritated with each other.",
            "unscathed_stat": "Even though there should be many herbs they fail to find anything. p_l blames r_c for distracting them and they get into a huge argument."
        },
        "win_skills": [],
        "win_trait": [
            "None"
        ],
        "fail_skills": [],
        "fail_trait": [
            "None"
        ],
        "min_cats": 2,
        "max_cats": 2,
        "antagonize_text": null,
        "antagonize_fail_text": null
    }
]