[
    {
        "tags": [
            "Newleaf",
            "Greenleaf",
            "Leaf-fall",
            "Leaf-bare",
            "reduce_half"
        ],
        "event_text": "The Clan gathered much food to save, the more the better, but after one night the fresh-kill pile was drastically reduced and paw prints where found on the ground.",
        "history_text": [
            null,
            null
        ],
        "cat_trait": null,
        "cat_skill": null,
        "other_cat_trait": null,
        "other_cat_skill": null
    }
]