[
    {
        "camp": "any",
        "tags": [
            "Newleaf",
            "Greenleaf",
            "Leaf-fall",
            "Leaf-bare"
        ],
        "event_text": "m_c thinks about retiring."
    },
    {
        "camp": "any",
        "tags": [
            "Newleaf",
            "Greenleaf",
            "Leaf-fall",
            "Leaf-bare"
        ],
        "event_text": "m_c feels as though the responsibility of leadership is crushing {PRONOUN/m_c/object}."
    },
    {
        "camp": "any",
        "tags": [
            "Newleaf",
            "Greenleaf",
            "Leaf-fall",
            "Leaf-bare"
        ],
        "event_text": "m_c calls a Clan meeting to give an important announcement."
    },
    {
        "camp": "any",
        "tags": [
            "low_lives",
            "Newleaf",
            "Greenleaf",
            "Leaf-fall",
            "Leaf-bare"
        ],
        "event_text": "m_c confesses {PRONOUN/m_c/subject} {VERB/m_c/don't/doesn't} have many lives left."
    },
    {
        "camp": "any",
        "tags": [
            "other_cat",
            "other_cat_app",
            "Newleaf",
            "Greenleaf",
            "Leaf-fall",
            "Leaf-bare"
        ],
        "event_text": "m_c assesses r_c's progress."
    },
    {
        "camp": "any",
        "tags": [
            "Newleaf",
            "Greenleaf",
            "Leaf-fall",
            "Leaf-bare",
            "war"
        ],
        "event_text": "m_c feels burdened with the weight of {PRONOUN/m_c/poss} decisions, knowing that every choice they make could mean the difference between victory and defeat."
    },
    {
        "camp": "any",
        "tags": [
            "Newleaf",
            "Greenleaf",
            "Leaf-fall",
            "Leaf-bare",
            "war"
        ],
        "event_text": "m_c's relationships with {PRONOUN/m_c/poss} clanmates are strained, with some questioning {PRONOUN/m_c/poss} decisions and others relying on {PRONOUN/m_c/object} more heavily than ever."
    },
    {
        "camp": "any",
        "tags": [
            "Newleaf",
            "Greenleaf",
            "Leaf-fall",
            "Leaf-bare",
            "war"
        ],
        "event_text": "m_c is forced to be a symbol of strength and unity for {PRONOUN/m_c/poss} Clan, even in the face of {PRONOUN/m_c/poss} own doubts and fears."
    }
]