[
    {
        "camp": "any",
        "tags": [
            "Newleaf",
            "Greenleaf",
            "Leaf-fall",
            "Leaf-bare",
            "war",
            "other_clan",
            "rel_up"
        ],
        "event_text": "m_c goes to o_c in an attempt to ease the tension of war between the Clans: it goes well, and o_c begins to draw back from c_n's territory!",
        "cat_trait": null,
        "cat_skill": null,
        "other_cat_trait": null,
        "other_cat_skill": null
    },
    {
        "camp": "any",
        "tags": [
            "Newleaf",
            "Greenleaf",
            "Leaf-fall",
            "Leaf-bare",
            "war",
            "other_clan",
            "rel_down"
        ],
        "event_text": "m_c goes to o_c in an attempt to ease the tension of war between the Clans: it doesn't go well, and o_c further advances in c_n's territory.",
        "cat_trait": null,
        "cat_skill": null,
        "other_cat_trait": null,
        "other_cat_skill": null
    },
    {
        "camp": "any",
        "tags": [
            "Newleaf",
            "Greenleaf",
            "Leaf-fall",
            "Leaf-bare",
            "other_cat",
            "other_cat_adult",
            "rc_to_mc",
            "comfort",
            "trust",
            "neg_dislike"
        ],
        "event_text": "m_c pulls r_c to the side, quietly asking {PRONOUN/r_c/object} about {PRONOUN/r_c/poss} crush on a fellow Clanmate.",
        "cat_trait": null,
        "cat_skill": null,
        "other_cat_trait": null,
        "other_cat_skill": null
    },
    {
        "camp": "any",
        "tags": [
            "Newleaf",
            "Greenleaf",
            "Leaf-fall",
            "Leaf-bare",
            "other_cat",
            "other_cat_kit",
            "platonic",
            "comfort",
            "neg_dislike"
        ],
        "event_text": "m_c spots r_c looking a little bit lonely, and invites {PRONOUN/r_c/object} to watch as {PRONOUN/m_c/subject} {VERB/m_c/perform/performs} {PRONOUN/m_c/poss} duties.",
        "cat_trait": null,
        "cat_skill": null,
        "other_cat_trait": null,
        "other_cat_skill": null
    },
    {
        "camp": "any",
        "tags": [
            "Newleaf",
            "Greenleaf",
            "Leaf-fall",
            "Leaf-bare",
            "war",
            "other_cat_leader",
            "other_cat"
        ],
        "event_text": "m_c is conversing with r_c about ways to potentially end this war without bloodshed.",
        "cat_trait": null,
        "cat_skill": null,
        "other_cat_trait": [
            "calm",
            "careful",
            "insecure",
            "lonesome",
            "loyal",
            "nervous",
            "compassionate",
            "faithful",
            "loving",
            "responsible",
            "thoughtful",
            "wise",
            "inquisitive",
            "childish",
            "playful"
        ]
    },
    {
        "camp": "any",
        "tags": [
            "Newleaf",
            "Greenleaf",
            "Leaf-fall",
            "Leaf-bare",
            "war",
            "other_cat_leader",
            "other_cat"
        ],
        "event_text": "m_c is conversing with r_c about ways to potentially end this war- but not without bloodshed.",
        "cat_trait": null,
        "cat_skill": null,
        "other_cat_trait": [
            "bold",
            "charismatic",
            "confident",
            "daring",
            "righteous",
            "ambitious",
            "bloodthirsty",
            "cold",
            "fierce",
            "shameless",
            "strict",
            "troublesome",
            "vengeful",
            "sneaky",
            "strange"
        ]
    },
    {
        "camp": "any",
        "tags": [
            "Newleaf",
            "Greenleaf",
            "Leaf-fall",
            "Leaf-bare",
            "war",
            "other_cat_leader",
            "other_cat"
        ],
        "event_text": "m_c is giving r_c bad war advice on purpose.",
        "cat_trait": null,
        "cat_skill": null,
        "other_cat_trait": [
            "bold",
            "charismatic",
            "confident",
            "daring",
            "righteous",
            "ambitious",
            "bloodthirsty",
            "cold",
            "fierce",
            "shameless",
            "strict",
            "troublesome",
            "vengeful",
            "sneaky",
            "strange"
        ]
    },
    {
        "camp": "any",
        "tags": [
            "Newleaf",
            "Greenleaf",
            "Leaf-fall",
            "Leaf-bare",
            "war",
            "other_cat_leader"
        ],
        "event_text": "m_c is checking in on every cat in the camp to make sure everyone is staying healthy in the midst of war.",
        "cat_trait": null,
        "cat_skill": null,
        "other_cat_trait": [
            "calm",
            "careful",
            "insecure",
            "lonesome",
            "loyal",
            "nervous",
            "compassionate",
            "faithful",
            "loving",
            "responsible",
            "thoughtful",
            "wise",
            "inquisitive",
            "childish",
            "playful"
        ]
    }
]