[
    {
        "camp": "any",
        "tags": [
            "Newleaf",
            "Greenleaf",
            "Leaf-fall",
            "Leaf-bare",
            "death"
        ],
        "death_text": "m_c feels that {PRONOUN/m_c/subject} {VERB/m_c/have/has} no energy, unable to stand up and unable to remain here any longer. m_c hunts now with {PRONOUN/m_c/poss} ancestors.",
        "history_text": [
            "m_c died from starvation.",
            null
        ],
        "cat_trait": null,
        "cat_skill": null,
        "other_cat_trait": null,
        "other_cat_skill": null
    },
    {
        "camp": "any",
        "tags": [
            "Newleaf",
            "Greenleaf",
            "Leaf-fall",
            "Leaf-bare",
            "starving"
        ],
        "death_text": "m_c notices how loudly {PRONOUN/m_c/poss} stomach is rumbling, and {PRONOUN/m_c/subject} {VERB/m_c/wish/wishes} dearly {PRONOUN/m_c/subject} could have something to eat.",
        "history_text": [
            null,
            null
        ],
        "cat_trait": null,
        "cat_skill": null,
        "other_cat_trait": null,
        "other_cat_skill": null
    }
]