[
    {
        "injury": "claw-wound",
        "camp": "camp1",
        "tags": [
            "other_cat",
            "other_cat_adult",
            "other_cat",
            "Newleaf",
            "Greenleaf",
            "Leaf-fall",
            "Leaf-bare",
            "mc_to_rc",
            "respect",
            "comfort",
            "platonic",
            "neg_dislike",
            "scar",
            "TWO"
        ],
        "event_text": "m_c was grabbed by a seagull, but luckily r_c saves {PRONOUN/m_c/object}! The kit is still left injured from the ordeal.",
        "history_text": {
            "scar": "m_c was scarred as a kit, when a seagull tried to carry {PRONOUN/m_c/object} off.",
            "reg_death": "m_c died from {PRONOUN/m_c/poss} wounds after a seagull tried to carry {PRONOUN/m_c/object} off."
        },
        "cat_trait": null,
        "cat_skill": null,
        "other_cat_trait": null,
        "other_cat_skill": null
    },
    {
        "injury": "claw-wound",
        "camp": "camp1",
        "tags": [
            "other_cat_adult",
            "other_cat",
            "Newleaf",
            "Greenleaf",
            "Leaf-fall",
            "Leaf-bare",
            "mc_to_rc",
            "comfort",
            "trust",
            "respect",
            "platonic",
            "neg_dislike",
            "scar",
            "TWO"
        ],
        "event_text": "m_c was grabbed by an osprey, but luckily r_c saves {PRONOUN/m_c/object}! The kit is still left injured from the ordeal.",
        "history_text": {
            "scar": "m_c was scarred as a kit, when an osprey tried to carry {PRONOUN/m_c/object} off.",
            "reg_death": "m_c died from {PRONOUN/m_c/poss} wounds after an osprey tried to carry {PRONOUN/m_c/object} off."
        },
        "cat_trait": null,
        "cat_skill": null,
        "other_cat_trait": null,
        "other_cat_skill": null
    },
    {
        "injury": "water in their lungs",
        "camp": "camp2",
        "tags": [
            "other_cat_kit",
            "other_cat",
            "Newleaf",
            "Greenleaf",
            "rc_to_mc",
            "neg_respect"
        ],
        "event_text": "r_c dares m_c to try and swim out of camp and m_c can't possibly refuse the challenge. {PRONOUN/m_c/subject/CAP} {VERB/m_c/do/does}n't make it far, however, before {PRONOUN/m_c/poss} meager swimming skills fail {PRONOUN/m_c/object} and {PRONOUN/m_c/subject} nearly {VERB/m_c/drown/drowns} before an adult spots {PRONOUN/m_c/object} and comes to the rescue.",
        "history_text": {
            "reg_death": "m_c died of water-inhalation, after trying to swim out of camp."
        },
        "cat_trait": [
            "daring",
            "impulsive",
            "attention-seeker"
        ],
        "cat_skill": null,
        "other_cat_trait": [
            "troublesome",
            "bossy",
            "bullying",
            "daring",
            "impulsive"
        ],
        "other_cat_skill": null
    },
    {
        "injury": "shivering",
        "camp": "camp2",
        "tags": [
            "other_cat_kit",
            "other_cat",
            "Leaf-bare",
            "Leaf-fall",
            "rc_to_mc",
            "neg_respect"
        ],
        "event_text": "r_c dares m_c to try and swim out of camp. m_c can't possibly refuse the challenge, but the water is freezing when {PRONOUN/m_c/subject} jump in. Though an adult quickly notices and scoops {PRONOUN/m_c/object} out, m_c is still shivering violently from the cold.",
        "history_text": {
            "reg_death": "m_c died after swimming through freezing water when dared by r_c."
        },
        "cat_trait": [
            "daring",
            "impulsive",
            "attention-seeker"
        ],
        "cat_skill": null,
        "other_cat_trait": [
            "troublesome",
            "bossy",
            "bullying",
            "daring",
            "impulsive"
        ],
        "other_cat_skill": null
    },
    {
        "injury": "bruises",
        "camp": "camp1",
        "tags": [
            "Newleaf",
            "Greenleaf",
            "Leaf-fall"
        ],
        "event_text": "m_c is hopping around in the tide pools when {PRONOUN/m_c/subject} {VERB/m_c/trip/trips} and {VERB/m_c/fall/falls} onto the rocks. Thankfully, {PRONOUN/m_c/subject}{VERB/m_c/'re/'s} only a bit bruised.",
        "cat_trait": [
            "bouncy"
        ],
        "cat_skill": null,
        "other_cat_trait": null,
        "other_cat_skill": null
    },
    {
        "injury": "bruises",
        "camp": "camp1",
        "tags": [
            "Leaf-bare",
            "Leaf-fall"
        ],
        "event_text": "m_c is playing around on the iced-over tide pools, slipping and sliding every which way, when {PRONOUN/m_c/subject} {VERB/m_c/slip/slips} a little too much and take a tumble.",
        "cat_trait": [
            "bouncy",
            "daring",
            "impulsive",
            "noisy",
            "troublesome",
            "attention-seeker"
        ],
        "cat_skill": null,
        "other_cat_trait": null,
        "other_cat_skill": null
    },
    {
        "injury": "bruises",
        "camp": "camp2",
        "tags": [
            "Greenleaf",
            "Newleaf",
            "Leaf-bare",
            "Leaf-fall"
        ],
        "event_text": "m_c is jumping around on the rocks when {PRONOUN/m_c/subject} {VERB/m_c/slip/slips} and {VERB/m_c/fall/falls}. The soft sand of the cave floor softens {PRONOUN/m_c/poss} landing, but {PRONOUN/m_c/subject}{VERB/m_c/'re/'s} still sporting some new bruises.",
        "cat_trait": [
            "bouncy",
            "daring",
            "impulsive",
            "noisy",
            "troublesome",
            "attention-seeker"
        ],
        "cat_skill": null,
        "other_cat_trait": null,
        "other_cat_skill": null
    },
    {
        "injury": "scrapes",
        "camp": "camp1",
        "tags": [
            "Leaf-bare",
            "Leaf-fall"
        ],
        "event_text": "m_c is playing around on the iced-over tide pools, slipping and sliding every which way, when {PRONOUN/m_c/subject} {VERB/m_c/slip/slips} a little too much and take a tumble.",
        "cat_trait": [
            "bouncy",
            "daring",
            "impulsive",
            "noisy",
            "troublesome",
            "attention-seeker"
        ],
        "cat_skill": null,
        "other_cat_trait": null,
        "other_cat_skill": null
    },
    {
        "injury": "sprain",
        "camp": "camp1",
        "tags": [
            "Leaf-bare",
            "Leaf-fall"
        ],
        "event_text": "m_c is playing around on the iced-over tide pools, slipping and sliding every which way, when {PRONOUN/m_c/subject} {VERB/m_c/slip/slips} a little too much and {VERB/m_c/twist/twists} {PRONOUN/m_c/poss} paw.",
        "cat_trait": [
            "bouncy",
            "daring",
            "impulsive",
            "noisy",
            "troublesome",
            "attention-seeker"
        ],
        "cat_skill": null,
        "other_cat_trait": null,
        "other_cat_skill": null
    },
    {
        "injury": "snake bite",
        "camp": "any",
        "tags": [
            "Greenleaf",
            "Newleaf",
            "Leaf-fall",
            "scar",
            "SNAKE"
        ],
        "event_text": "m_c found a hole in the rocks and, curious as all kits are, stuck {PRONOUN/m_c/poss} paw inside. The whole camp comes running when {PRONOUN/m_c/subject} {VERB/m_c/screech/screeches} in pain. It seems a snake was living in that hole.",
        "history_text": {
            "scar": "m_c was scarred as a kit, when a snake bit {PRONOUN/m_c/object}.",
            "reg_death": "m_c died from {PRONOUN/m_c/poss} wounds after a snake bit {PRONOUN/m_c/object}."
        },
        "cat_trait": [
            "daring",
            "impulsive",
            "noisy",
            "troublesome",
            "attention-seeker",
            "inquisitive",
            "quiet"
        ],
        "cat_skill": null,
        "other_cat_trait": null,
        "other_cat_skill": null
    }
]