[
	{
		"id": "trust_inc_low1",
		"intensity": "low",
		"interactions": [
			"m_c appreciates r_c telling {PRONOUN/m_c/object} that {PRONOUN/m_c/subject} had a feather stuck to {PRONOUN/m_c/poss} face."
		]
	},
	{
		"id": "trust_inc_low2",
		"intensity": "low",
		"interactions": [
			"r_c tells m_c to get {PRONOUN/m_c/poss} ailment treated as soon as possible.",
			"r_c is chiding m_c for being so reckless.",
			"r_c apologized to m_c for possibly hurting {PRONOUN/m_c/poss} feelings."
		],
		"random_trait_constraint": [
			"careful"
		]
	},
	{
		"id": "trust_inc_low3",
		"intensity": "low",
		"interactions": [
			"m_c bestows wisdom onto r_c."
		],
		"reaction_random_cat": {
			"trust": "increase",
			"admiration": "increase"
		},
		"main_status_constraint": [
			"elder"
		]
	},
	{
		"id": "trust_inc_med1",
		"interactions": [
			"m_c thinks about how r_c is always reliable.",
			"m_c notices how r_c is being helpful around camp."
		]
	},
	{
		"id": "trust_inc_med2",
		"interactions": [
			"m_c comes up with a plan to sneak out of camp with r_c."
		],
		"reaction_random_cat": {
			"trust": "increase"
		}
	},
	{
		"id": "trust_inc_med3",
		"interactions": [
			"r_c is telling m_c in great detail how {PRONOUN/r_c/subject} would protect {PRONOUN/m_c/object} from any danger."
		],
		"random_trait_constraint": [
			"fierce"
		]
	},
	{
		"id": "trust_inc_med4",
		"interactions": [
			"r_c is building up m_c's confidence."
		],
		"random_trait_constraint": [
			"confident"
		]
	},
	{
		"id": "trust_inc_med5",
		"interactions": [
			"r_c let m_c lean on {PRONOUN/r_c/poss} shoulder after a recent injury.",
			"r_c is poised to help train m_c."
		],
		"random_trait_constraint": [
			"altruistic"
		]
	},
	{
		"id": "trust_de_med3",
		"interactions": [
			"r_c is teaching m_c how to walk without making a sound.",
			"r_c is showing m_c how to sneak up on {PRONOUN/m_c/poss} enemies.",
			"r_c convinces m_c to help {PRONOUN/r_c/object} pull a prank on a Clanmate.",
			"m_c is whispering quietly with r_c."
		],
		"random_trait_constraint": [
			"sneaky"
		]
	},
	{
		"id": "trust_de_med3",
		"interactions": [
			"r_c is giving m_c advice.",
			"r_c is teaching m_c something important."
		],
		"random_trait_constraint": [
			"wise"
		]
	},
	{
		"id": "trust_adult_inc_med1",
		"interactions": [
			"m_c is giving advice to r_c.",
			"m_c is looking out for r_c's well-being."
		],
		"main_status_constraint": [
			"elder",
			"warrior",
			"mediator",
			"medicine cat",
			"deputy",
			"leader"
		],
		"random_status_constraint": [
			"kitten",
			"apprentice",
			"mediator apprentice",
			"medicine cat apprentice"
		],
		"reaction_random_cat": {
			"trust": "increase"
		}
	},
	{
		"id": "trust_adult_inc_med2",
		"interactions": [
			"m_c goes to r_c to ask for {PRONOUN/r_c/poss} wisdom.",
			"m_c is faced with a tough decision and wonders what r_c would do.",
			"m_c turns to r_c in a time of need.",
			"m_c is feeling lost and asks r_c for advice on what to do."
		],
		"main_status_constraint": [
			"kitten",
			"apprentice",
			"warrior",
			"mediator apprentice",
			"mediator",
			"medicine cat apprentice",
			"medicine cat",
			"deputy",
			"leader"
		],
		"random_status_constraint": [
			"elder",
			"mediator",
			"medicine cat",
			"leader"
		],
		"reaction_random_cat": {
			"trust": "increase"
		}
	},
	{
		"id": "trust_inc_high1",
		"intensity": "high",
		"interactions": [
			"m_c thinks {PRONOUN/m_c/subject} can tell r_c something important.",
			"m_c feels safe with r_c around.",
			"m_c knows that the advice r_c gave {PRONOUN/m_c/object} will be helpful."
		]
	},
	{
		"id": "trust_inc_high2",
		"intensity": "high",
		"interactions": [
			"m_c is letting r_c share {PRONOUN/r_c/poss} troubles with {PRONOUN/m_c/object}, hoping {PRONOUN/r_c/subject}'ll feel better afterwards.",
			"m_c promises to always look out for r_c.",
			"m_c tells r_c to count on {PRONOUN/m_c/object} in a difficult situation."
		],
		"reaction_random_cat": {
			"trust": "increase"
		}
	},
	{
		"id": "trust_inc_high3",
		"intensity": "high",
		"interactions": [
			"m_c tells r_c a secret.",
			"m_c confesses something minor to r_c.",
			"m_c and r_c swap secrets with each other."
		],
		"relationship_constraint": [
			"trust_30"
		],
		"reaction_random_cat": {
			"trust": "increase"
		}
	},
	{
		"id": "trust_inc_high4",
		"intensity": "high",
		"interactions": [
			"m_c goes to r_c for advice about some recent troubles.",
			"m_c asks r_c for help resolving an argument with a friend."
		],
		"relationship_constraint": [
			"trust_30"
		],
		"random_status_constraint": [
			"elder",
			"mediator",
			"mediator apprentice"
		]
	},
	{
		"id": "trust_star_inc_high1",
		"intensity": "high",
		"interactions": [
			"m_c tells r_c about {PRONOUN/m_c/poss} last encounter with StarClan."
		],
		"main_status_constraint": [
			"medicine cat apprentice",
			"medicine cat",
			"leader"
		],
		"relationship_constraint": [
			"trust_30"
		],
		"random_status_constraint": [
			"elder",
			"warrior",
			"mediator",
			"medicine cat apprentice",
			"medicine cat",
			"deputy",
			"leader"
		],
		"reaction_random_cat": {
			"trust": "increase"
		}
	},
	{
		"id": "trust_led_inc_high1",
		"interactions": [
			"m_c talks with r_c about difficult decisions."
		],
		"relationship_constraint": [
			"trust_50"
		],
		"main_status_constraint": [
			"leader"
		],
		"random_status_constraint": [
			"deputy",
			"elder",
			"medicine cat"
		],
		"reaction_random_cat": {
			"trust": "increase"
		}
	},
	{
		"id": "trust_med_inc_high1",
		"interactions": [
			"m_c tells r_c a trick about a certain herb.",
			"m_c goes to r_c to ask for {PRONOUN/r_c/poss} wisdom.",
			"m_c asks r_c about a specific treatment method."
		],
		"main_status_constraint": [
			"medicine cat apprentice",
			"medicine cat"
		],
		"random_status_constraint": [
			"medicine cat apprentice",
			"medicine cat"
		],
		"reaction_random_cat": {
			"trust": "increase"
		}
	},
	{
		"id": "trust_med_inc_high2",
		"interactions": [
			"m_c observes r_c carefully attending to any cat that needs help.",
			"m_c feels like {PRONOUN/m_c/subject} can count on r_c to give {PRONOUN/m_c/object} the best treatment possible."
		],
		"random_status_constraint": [
			"medicine cat apprentice",
			"medicine cat"
		]
	}
]