[
    {
        "injury": "broken bone",
        "tags": [
            "Newleaf",
            "Greenleaf",
            "Leaf-fall",
            "Leaf-bare",
            "scar",
            "TWO"
        ],
        "event_text": "m_c was grabbed and dropped by an eagle, but {PRONOUN/m_c/subject} somehow survived.",
        "history_text": {
            "scar": "m_c was scarred when an eagle grabbed {PRONOUN/m_c/object}.",
            "reg_death": "m_c died from {PRONOUN/m_c/poss} wounds after an eagle grabbed {PRONOUN/m_c/object}."
        },
        "cat_trait": null,
        "cat_skill": null,
        "other_cat_trait": null,
        "other_cat_skill": null
    },
    {
        "injury": "broken bone",
        "tags": [
            "Leaf-fall",
            "Leaf-bare",
            "scar",
            "SIDE"
        ],
        "event_text": "m_c thought {PRONOUN/m_c/subject} {VERB/m_c/were/was} walking on a snowdrift till it gave way and {PRONOUN/m_c/subject} fell down the mountain, breaking {PRONOUN/m_c/poss} leg.",
        "history_text": {
            "scar": "m_c was scarred when {PRONOUN/m_c/subject} fell through a snowdrift and down the mountain.",
            "reg_death": "m_c died from {PRONOUN/m_c/poss} wounds after falling down the mountain."
        },
        "cat_trait": null,
        "cat_skill": null,
        "other_cat_trait": null,
        "other_cat_skill": null
    },
    {
        "injury": "broken bone",
        "tags": [
            "Leaf-fall",
            "Leaf-bare",
            "scar",
            "MANLEG"
        ],
        "event_text": "m_c fell from a cliff and somehow survived, though not without breaking {PRONOUN/m_c/poss} leg.",
        "history_text": {
            "scar": "m_c was scarred when {PRONOUN/m_c/subject} fell off a cliff.",
            "reg_death": "m_c died from {PRONOUN/m_c/poss} wounds after falling off a cliff."
        },
        "cat_trait": null,
        "cat_skill": null,
        "other_cat_trait": null,
        "other_cat_skill": null
    },
    {
        "injury": "bruises",
        "tags": [
            "Newleaf",
            "Greenleaf",
            "Leaf-fall",
            "Leaf-bare"
        ],
        "event_text": "m_c was climbing a tree when {PRONOUN/m_c/subject} fell. Luckily, {PRONOUN/m_c/subject} {VERB/m_c/were/was} only bruised by the incident.",
        "cat_trait": null,
        "cat_skill": null,
        "other_cat_trait": null,
        "other_cat_skill": null
    },
    {
        "injury": "torn pelt",
        "tags": [
            "Newleaf",
            "Greenleaf",
            "Leaf-fall",
            "Leaf-bare"
        ],
        "event_text": "m_c was pushing through some dense shrubs and felt the branches tear painfully at {PRONOUN/m_c/poss} pelt.",
        "cat_trait": null,
        "cat_skill": null,
        "other_cat_trait": null,
        "other_cat_skill": null
    },
    {
        "injury": "claw-wound",
        "tags": [
            "Newleaf",
            "Greenleaf",
            "Leaf-fall",
            "Leaf-bare",
            "scar",
            "ONE"
        ],
        "event_text": "m_c survived a vicious eagle attack - with the claw marks to prove it!",
        "history_text": {
            "scar": "m_c was scarred by an eagle.",
            "reg_death": "m_c died from {PRONOUN/m_c/poss} wounds after fighting an eagle."
        },
        "cat_trait": null,
        "cat_skill": null,
        "other_cat_trait": null,
        "other_cat_skill": null
    },
    {
        "injury": "small cut",
        "tags": [
            "Newleaf",
            "Greenleaf",
            "Leaf-fall",
            "Leaf-bare"
        ],
        "event_text": "m_c was climbing a tree and got a splinter from one of the branches.",
        "cat_trait": null,
        "cat_skill": null,
        "other_cat_trait": null,
        "other_cat_skill": null
    },
    {
        "injury": "small cut",
        "tags": [
            "Newleaf",
            "Greenleaf",
            "Leaf-fall",
            "Leaf-bare"
        ],
        "event_text": "m_c was moving some branches out of the way when {PRONOUN/m_c/subject} got a splinter.",
        "cat_trait": null,
        "cat_skill": null,
        "other_cat_trait": null,
        "other_cat_skill": null
    },
    {
        "injury": "frostbite",
        "tags": [
            "Leaf-fall",
            "Leaf-bare",
            "scar",
            "FROSTMITT"
        ],
        "event_text": "m_c was out wandering the territory for a bit too long and came back with frostbite.",
        "history_text": {
            "scar": "m_c was scarred by frostbite.",
            "reg_death": "m_c died after {PRONOUN/m_c/subject} got frostbite."
        },
        "cat_trait": null,
        "cat_skill": null,
        "other_cat_trait": null,
        "other_cat_skill": null
    },
    {
        "injury": "water in their lungs",
        "tags": [
            "Newleaf",
            "Greenleaf",
            "Leaf-fall"
        ],
        "event_text": "m_c fell into a river, and inhaled a lot of water before managing to get out. {PRONOUN/m_c/subject/CAP}{VERB/m_c/'ve/'s} been hacking and sputtering ever since.",
        "history_text": {
            "reg_death": "m_c died from water-inhalation after falling in the river."
        },
        "cat_trait": null,
        "cat_skill": null,
        "other_cat_trait": null,
        "other_cat_skill": null
    },
    {
        "injury": "mangled tail",
        "tags": [
            "Newleaf",
            "Greenleaf",
            "Leaf-fall",
            "Leaf-bare",
            "scar",
            "MANTAIL"
        ],
        "event_text": "m_c's tail was badly injured by falling rocks.",
        "history_text": {
            "scar": "m_c was scarred by falling rocks.",
            "reg_death": "m_c died from {PRONOUN/m_c/poss} wounds after rocks fell on {PRONOUN/m_c/object}."
        },
        "cat_trait": null,
        "cat_skill": null,
        "other_cat_trait": null,
        "other_cat_skill": null
    }
]